PM2.5,PM10,NO2,SO2,CO,O3,NH3,Temperature,Humidity,WindSpeed,AQI
92.08,137.96,21.3,4.31,0.55,61.49,5.75,23.72,42.22,8.05,270
58.94,97.53,60.52,18.56,1.35,53.61,10.83,35.15,78.11,5.78,229
54.76,100.69,24.31,8.85,0.54,32.96,6.9,22.46,30.08,1.57,179
54.76,89.63,9.89,15.09,1.39,26.74,7.96,45.32,24.93,2.67,169
173.68,284.4,30.63,6.88,1.26,79.1,36.86,25.19,60.18,3.69,500
109.33,155.23,48.22,4.44,0.76,30.41,11.54,18.21,30.5,0.4,350
45.36,97.37,70.75,8.06,2.87,19.54,18.82,19.9,57.28,4.16,237
,187.4,43.78,22.62,1.05,38.29,15.87,27.77,71.85,3.55,324
77.6,100.97,57.02,7.94,5.39,76.25,27.3,28.75,55.43,12.14,327
,19.7,10.3,24.06,0.62,153.64,7.74,26.3,34.78,3.08,142
27.88,54.81,8.7,7.52,1.41,10.92,11.73,22.58,40.14,2.82,77
81.54,106.72,36.43,16.22,1.75,103.4,9.44,39.43,69.75,8.5,289
163.47,266.89,6.98,10.16,0.45,52.26,6.25,24.3,59.94,2.48,441
55.12,101.76,19.79,7.61,0.67,16.23,47.43,24.45,46.6,2.15,178
42.61,72.75,43.11,4.87,0.8,34.6,19.29,11.02,70.04,1.25,184
70.78,141.58,63.57,7.23,1.18,33.17,9.51,18.06,28.88,3.02,278
40.61,68.35,31.73,12.24,0.83,22.61,27.03,37.34,73.02,4.82,145
52.35,75.31,9.44,2.18,1.88,132.16,13.19,22.38,69.74,4.88,237
64.69,140.94,24.46,4.5,0.45,33.29,10.74,35.35,35.24,1.84,206
26.68,40.5,26.75,15.9,0.88,14.32,14.88,22.38,58.13,6.05,117
113.09,220.06,13.14,3.25,1.04,73.59,10.42,21.47,45.7,3.02,357
22.62,32.31,4.92,11.3,0.37,33.54,3.65,28.61,77.54,3.33,91
20.18,32.21,43.81,19.32,1.45,27.46,18.2,29.56,91.73,8.0,125
75.21,127.69,20.25,28.23,1.34,37.49,9.38,17.95,22.2,7.94,243
,158.19,39.53,1.6,1.3,56.19,13.66,23.63,58.76,2.08,354
73.88,125.95,29.45,11.75,1.53,41.64,16.98,26.35,49.95,2.9,244
59.96,86.43,20.35,36.34,1.0,41.29,31.9,27.82,37.35,2.5,182
51.97,93.7,18.03,29.33,1.57,86.14,18.54,29.98,35.73,2.57,218
45.69,86.69,23.01,2.49,1.26,75.59,16.49,26.95,49.24,0.78,210
130.04,176.36,36.23,13.66,0.25,14.4,8.84,34.29,40.32,3.78,361
82.09,171.07,2.0,6.31,0.35,67.43,27.79,43.23,75.49,1.35,250
,71.27,35.52,6.49,2.71,48.58,13.51,19.83,70.17,5.35,213
38.02,57.13,33.51,7.02,1.03,9.47,21.33,25.55,48.85,2.37,144
99.17,187.94,43.52,19.0,1.37,9.34,19.41,21.34,57.62,2.23,336
128.08,220.53,65.89,14.79,1.31,11.34,64.34,20.61,46.99,0.85,412
120.75,211.25,13.47,14.75,1.14,69.06,22.36,24.91,47.51,4.6,381
32.86,46.51,5.88,14.19,3.7,23.32,38.22,19.95,42.15,1.55,159
51.63,104.57,28.18,5.1,1.52,7.26,5.27,31.92,25.22,3.37,174
44.99,83.48,26.47,4.5,0.76,17.45,23.18,42.35,65.27,2.33,184
56.85,80.83,18.41,3.64,2.69,79.67,18.32,26.76,27.48,4.08,220
112.4,183.95,34.29,10.33,0.98,54.8,4.39,23.33,55.47,1.5,372
154.01,312.55,14.36,1.56,1.44,2.61,5.8,16.01,43.83,9.57,430
84.2,152.52,20.43,14.48,1.22,53.09,8.71,23.24,84.45,1.31,299
39.08,54.63,35.44,31.99,2.69,21.97,19.35,30.6,67.21,2.49,189
63.64,104.08,18.71,15.28,1.08,14.87,14.28,28.22,43.03,5.64,209
172.35,261.7,26.53,16.72,0.95,26.77,13.0,20.72,57.41,1.43,500
69.58,122.87,18.82,5.99,1.63,8.6,14.14,30.93,22.79,3.15,228
52.05,107.18,9.63,7.75,2.01,15.56,30.37,20.28,44.21,5.69,189
55.38,93.74,43.09,10.03,2.65,,74.25,29.92,40.56,1.96,240
83.94,141.86,40.42,9.65,1.47,145.71,1.0,30.81,76.04,6.45,336
33.8,71.47,39.52,14.54,2.04,31.56,11.82,27.38,37.6,2.6,167
44.16,80.3,21.76,29.76,2.15,89.31,7.65,36.95,48.72,2.2,191
119.61,216.44,45.46,9.83,0.99,61.46,18.46,20.56,71.38,2.0,381
82.35,126.46,46.87,25.23,0.95,65.38,32.44,42.76,45.53,0.94,298
70.09,129.45,60.53,11.1,0.62,21.63,7.7,16.71,58.07,0.41,251
123.46,224.49,22.08,3.07,0.49,16.82,13.73,17.67,72.23,8.51,349
37.18,61.62,27.85,12.18,0.47,25.89,20.83,14.44,50.36,1.71,156
50.88,111.52,9.57,12.89,0.46,20.19,26.9,23.93,42.45,1.4,186
80.54,168.63,65.8,3.2,1.34,85.46,17.99,10.93,69.8,5.25,305
78.63,155.26,19.15,27.55,0.12,51.81,19.56,27.58,55.87,2.49,272
18.33,32.7,7.26,17.15,2.18,7.78,15.11,27.6,51.47,2.72,122
47.21,81.01,61.72,22.06,0.82,38.29,30.09,21.57,57.93,1.14,217
57.92,84.93,21.43,22.96,0.89,35.91,6.23,24.71,51.45,0.56,186
86.62,136.44,83.31,4.83,0.93,37.31,21.57,25.95,7.97,1.1,361
78.44,156.61,25.18,23.02,1.56,116.28,18.4,26.89,39.53,0.75,316
61.84,105.64,13.07,2.07,1.77,46.11,39.12,23.77,61.23,2.03,216
9.83,20.58,44.21,11.54,0.23,23.44,20.74,24.29,23.03,2.02,102
64.07,91.83,20.4,7.54,1.65,48.79,24.28,28.53,52.66,3.75,209
68.26,119.96,38.49,3.24,0.8,21.19,9.75,19.13,81.5,4.29,222
268.09,504.62,13.75,16.64,0.59,100.45,48.49,23.66,57.55,3.63,500
56.56,99.84,35.51,18.41,0.19,9.74,11.67,34.37,37.02,3.81,217
80.84,169.79,17.84,4.66,0.24,40.61,27.54,20.98,58.88,7.06,288
136.64,299.31,42.2,11.05,0.51,31.38,5.62,19.93,14.08,2.14,442
108.29,152.07,22.97,16.08,0.86,38.47,45.93,18.94,53.32,2.15,303
157.99,223.87,27.81,1.0,0.4,108.46,1.0,21.14,89.67,2.08,440
18.61,26.38,20.09,17.99,2.74,25.85,14.59,32.36,65.82,1.0,113
28.49,54.51,23.73,3.98,0.22,29.22,56.73,32.76,52.79,1.39,113
41.82,68.4,41.67,4.2,0.68,14.82,32.02,32.45,57.29,3.93,176
15.7,30.77,9.39,17.76,1.94,72.3,2.75,30.19,80.29,2.44,137
68.67,114.33,30.38,3.88,1.54,15.34,68.84,29.51,34.07,2.0,266
30.49,56.86,112.1,23.21,0.32,23.19,14.35,33.23,52.31,5.53,207
171.01,340.8,55.88,8.98,2.16,69.75,12.33,23.74,68.9,1.38,500
34.58,62.02,21.76,6.88,1.79,48.43,39.38,32.62,11.47,1.91,179
51.11,91.26,26.66,20.15,0.81,63.12,16.74,35.88,68.13,3.13,192
112.47,155.14,16.87,11.24,0.31,22.89,10.9,15.83,50.38,6.39,271
22.38,37.37,37.56,12.41,0.2,46.43,2.46,24.85,53.63,1.89,141
14.67,26.28,7.4,3.37,0.65,15.18,22.85,24.5,51.85,6.68,49
74.57,127.94,17.82,40.9,0.51,31.79,65.73,26.82,87.96,3.99,279
78.57,165.83,13.07,33.4,2.51,7.09,26.02,30.11,50.46,5.6,279
110.3,233.39,17.4,11.66,0.89,119.68,7.61,41.59,76.25,3.72,358
93.61,190.93,29.26,7.89,1.75,48.72,7.78,17.5,43.88,2.15,311
80.59,131.99,2.0,15.27,0.98,22.71,7.15,18.37,27.74,1.25,170
37.91,73.76,19.42,2.25,0.53,47.77,4.95,32.94,73.95,4.61,120
77.08,127.63,16.19,14.02,1.41,63.5,22.42,29.92,56.99,0.75,273
80.37,121.31,48.3,1.0,0.42,73.43,11.96,23.97,40.03,0.16,267
36.78,59.17,11.01,8.49,2.81,19.25,2.59,24.55,27.69,2.58,148
201.33,274.59,29.61,3.58,0.49,49.48,15.66,26.22,96.72,2.87,500
90.71,145.01,21.81,18.09,3.1,46.51,25.77,30.03,51.44,0.44,339
28.93,49.6,50.75,6.52,2.77,104.06,10.37,31.63,63.77,1.18,215
110.66,239.02,46.05,3.05,1.84,24.13,49.27,33.25,40.8,2.01,412
123.08,194.72,73.35,23.55,1.49,15.81,8.13,36.11,57.62,2.47,387
87.13,184.03,52.0,82.86,1.76,17.93,12.32,33.55,84.36,3.0,340
54.29,81.76,31.2,10.15,0.85,52.8,19.32,25.55,50.6,5.4,165
35.51,52.27,43.87,15.08,1.31,31.85,23.53,17.45,52.02,0.74,169
61.72,109.06,20.23,5.55,1.53,89.88,1.83,21.46,88.32,4.79,248
83.04,158.22,27.07,6.82,0.86,31.64,10.35,12.86,16.3,2.39,274
65.96,88.38,27.98,30.0,1.02,66.65,57.63,42.39,37.96,1.28,251
162.4,243.43,11.55,17.17,1.53,17.11,39.23,35.81,52.7,3.41,480
100.05,171.1,49.52,17.43,0.65,48.69,13.82,23.42,47.06,2.2,345
32.32,51.64,62.73,6.09,1.77,100.5,39.58,31.36,63.02,2.28,198
26.34,51.13,22.06,4.56,0.87,65.94,10.68,25.98,54.84,7.31,91
91.23,160.56,23.4,34.24,1.28,19.55,14.47,32.29,44.12,2.3,324
55.22,79.75,14.37,10.18,0.76,15.1,17.84,30.99,72.47,5.28,165
105.77,222.65,8.5,16.46,2.62,46.31,8.93,26.14,41.92,2.31,368
90.68,141.78,40.56,4.96,0.32,46.97,44.85,28.1,67.69,4.44,259
61.91,121.23,9.07,1.46,0.17,59.03,6.33,23.15,45.03,0.58,211
32.63,65.32,8.59,8.46,2.04,63.75,1.99,30.79,56.95,2.27,146
16.37,35.47,38.78,34.77,2.18,12.87,26.7,14.02,84.57,1.27,102
76.12,133.1,28.28,15.29,1.64,9.32,23.71,30.31,46.61,5.54,235
22.03,40.86,40.72,15.16,0.92,47.73,8.21,16.64,75.04,0.93,117
31.53,50.49,12.89,7.94,0.81,38.18,16.46,26.92,36.31,2.28,107
72.96,139.39,79.66,10.37,0.87,8.72,8.35,27.66,44.49,0.99,264
68.16,117.03,11.22,11.94,1.92,23.91,14.01,28.84,50.76,1.56,221
24.5,41.5,16.18,13.55,1.69,5.29,18.37,21.24,51.51,3.38,123
132.01,273.26,13.37,3.19,0.4,101.01,6.17,21.55,72.57,1.67,426
129.79,174.59,78.13,26.41,1.44,40.04,4.5,30.14,66.91,3.85,414
93.19,195.11,18.04,17.49,0.3,92.16,6.54,23.12,85.34,0.92,332
,192.45,10.4,12.43,0.54,11.34,16.13,33.79,63.71,3.72,334
93.19,163.61,107.37,20.68,0.17,24.61,7.02,26.65,94.68,1.16,363
122.39,213.11,69.85,24.1,2.23,61.25,12.3,27.0,76.72,8.55,417
101.69,165.32,56.58,20.69,0.4,62.72,20.46,26.33,57.84,2.35,349
34.91,76.61,67.2,21.54,0.22,13.49,15.82,29.62,81.5,0.84,185
54.65,76.51,10.79,6.83,0.51,64.99,44.18,26.93,60.69,1.68,155
250.29,458.33,73.43,10.71,3.33,60.35,10.16,29.12,63.83,3.97,500
10.54,20.17,20.89,23.26,0.68,8.07,24.92,39.21,54.01,1.82,69
45.26,96.91,32.12,9.03,0.62,23.57,48.85,38.91,51.7,0.45,206
132.47,265.22,24.34,19.74,1.91,40.34,6.36,31.86,43.07,4.24,428
36.75,69.07,62.34,6.33,1.02,43.16,28.77,13.12,43.83,3.81,189
103.52,145.46,2.0,5.59,1.66,44.72,7.91,21.64,37.3,3.01,305
67.54,110.51,9.39,13.71,0.49,66.8,4.02,27.88,54.95,2.63,204
38.87,55.38,67.12,29.69,0.59,23.89,5.11,22.98,33.87,1.17,165
8.46,17.71,14.57,17.64,2.31,47.74,12.62,29.67,55.76,5.61,92
74.66,147.43,60.79,12.77,2.46,41.91,18.97,27.13,50.65,2.12,282
34.29,67.96,13.95,17.5,2.2,4.8,9.78,26.39,30.15,5.86,128
60.0,113.22,20.26,14.84,1.16,22.02,9.93,25.66,71.3,0.61,229
92.58,162.6,83.88,5.66,1.07,68.71,34.63,18.17,59.0,2.09,351
116.09,166.59,43.6,9.34,0.77,12.43,16.5,25.43,50.8,1.8,345
45.15,72.1,28.67,3.25,1.13,42.34,15.51,35.08,39.99,4.27,128
38.81,55.23,36.51,15.26,1.3,4.82,19.62,28.18,54.06,2.94,168
21.69,42.34,52.15,24.23,1.78,6.63,45.93,33.38,62.93,4.76,137
119.79,173.0,27.43,26.94,1.15,84.68,8.45,28.9,55.7,4.13,361
228.42,441.29,38.68,8.72,0.37,27.57,17.43,31.12,60.03,8.1,500
128.19,246.5,108.81,5.34,0.81,29.88,2.83,35.03,82.22,2.24,465
146.57,251.13,10.04,16.01,0.12,24.19,10.6,22.07,26.26,1.9,401
37.0,52.6,28.45,3.02,2.58,7.1,25.86,34.65,5.0,3.19,157
88.94,140.82,16.81,2.26,0.1,33.67,17.33,10.21,41.51,3.72,263
109.82,174.4,11.77,18.56,2.33,84.4,21.53,24.93,17.14,1.57,354
2.0,5.0,28.21,12.51,1.18,22.14,61.29,42.55,44.44,3.71,78
27.57,38.66,11.99,16.58,1.39,15.54,14.18,26.66,45.23,3.32,87
178.61,365.46,10.45,2.78,1.4,116.71,31.56,35.08,100.0,5.18,500
18.03,35.79,23.08,37.6,0.75,9.98,6.83,29.35,55.92,6.66,90
161.33,236.78,37.87,2.64,0.24,35.56,17.13,30.25,8.76,2.47,418
17.92,34.89,35.75,29.26,1.4,50.69,10.46,18.95,34.73,5.29,138
28.74,54.65,23.45,29.67,1.64,18.19,42.93,26.35,75.54,2.75,168
90.02,177.63,7.35,22.92,0.83,28.28,3.52,21.26,72.54,2.94,287
68.73,101.03,6.93,17.55,0.92,66.64,17.39,34.27,57.01,5.0,230
48.59,70.05,32.89,15.64,0.64,32.54,23.93,35.9,51.27,2.92,194
174.31,263.7,14.93,3.93,0.1,50.05,5.99,24.2,70.11,1.28,454
22.22,36.2,29.67,5.41,0.75,19.69,17.77,25.08,87.1,0.87,98
58.34,117.52,26.83,8.14,3.52,57.51,24.65,35.55,10.79,5.91,276
97.7,191.89,3.78,12.27,2.92,30.99,16.06,15.81,38.51,0.96,299
79.71,170.02,67.97,8.53,1.17,65.46,8.46,35.1,41.12,7.85,330
39.85,53.91,6.84,9.87,2.79,78.57,25.74,27.09,47.11,3.5,176
41.01,53.74,20.73,3.91,0.83,33.1,24.37,28.03,71.28,2.17,124
114.96,221.79,8.24,31.81,1.58,32.03,4.86,27.33,27.54,0.72,386
118.48,183.81,14.63,14.2,0.27,73.05,27.36,39.47,22.55,1.3,372
81.16,129.91,16.15,37.32,1.44,56.25,29.17,26.53,37.45,2.58,298
33.17,59.44,17.48,2.93,1.34,50.92,44.27,18.01,50.58,1.51,153
42.04,58.53,21.2,3.22,0.21,8.85,20.56,26.73,66.19,3.27,125
64.34,120.86,77.9,23.7,1.71,17.41,32.81,25.82,55.93,0.82,291
71.11,113.25,11.35,7.94,0.84,11.27,14.95,25.17,81.09,1.01,239
95.14,177.86,38.83,26.36,0.28,54.41,18.48,35.39,100.0,1.21,331
56.13,115.11,56.29,21.45,0.47,9.18,21.71,28.97,60.01,2.52,227
113.29,164.72,35.98,10.42,0.66,10.48,45.15,31.78,75.59,1.71,314
112.47,240.43,64.31,4.45,0.46,60.95,17.17,2.69,65.57,1.53,395
149.75,266.21,36.23,4.81,2.0,65.16,19.01,26.02,52.2,0.83,466
66.34,141.35,35.46,6.36,0.88,20.14,8.69,24.94,48.32,0.83,245
82.09,122.07,57.4,11.87,0.71,91.77,4.7,36.97,65.57,1.11,325
59.31,109.37,31.91,17.77,0.7,3.45,22.01,36.3,54.16,4.37,221
33.5,55.72,56.49,4.61,1.15,8.77,16.1,34.34,52.02,1.73,145
225.16,449.6,31.83,5.29,1.23,60.35,22.45,25.57,42.54,2.84,500
137.83,254.35,55.8,4.88,2.42,20.57,6.71,20.51,90.01,3.38,436
110.97,193.65,72.99,52.07,2.33,14.64,34.09,23.86,59.18,0.58,439
64.75,137.38,18.68,7.32,0.7,29.01,26.82,26.37,50.65,4.64,249
31.13,51.04,16.51,15.02,0.83,87.3,4.57,28.52,74.38,3.32,150
123.94,185.65,64.21,22.51,1.14,26.46,9.12,28.43,72.18,1.78,398
58.55,108.16,55.06,5.36,0.91,17.14,3.29,27.48,46.04,2.52,204
87.14,162.21,4.49,16.81,1.22,42.75,6.13,27.08,29.69,2.46,263
41.91,71.05,29.95,16.67,0.45,38.77,14.2,34.13,46.44,1.84,173
77.76,135.15,83.44,4.6,0.97,69.93,6.75,28.63,27.95,3.32,310
43.97,95.13,9.35,7.34,1.39,128.53,35.83,23.91,77.85,0.61,198
45.3,88.76,8.14,16.81,0.81,81.63,25.82,29.44,11.49,4.65,173
77.07,107.86,14.22,9.71,1.34,65.11,8.94,32.55,54.36,4.12,252
17.67,26.35,17.69,24.5,1.1,35.58,35.74,41.02,48.46,5.35,111
18.5,40.28,5.41,3.15,0.89,29.79,6.37,23.71,49.81,1.78,51
36.65,71.6,9.46,26.3,1.73,21.89,8.74,21.47,72.69,6.01,143
55.65,118.17,4.9,10.34,1.0,14.38,6.09,29.21,61.54,2.82,191
115.53,181.78,29.23,8.73,1.5,26.89,3.01,20.93,21.95,3.6,325
57.98,114.09,28.78,18.14,0.38,56.33,25.87,28.86,82.01,3.48,205
64.45,125.2,64.6,9.21,2.78,12.48,1.0,37.91,35.02,1.55,298
52.48,82.14,31.02,12.59,0.53,32.72,42.57,20.75,26.82,7.12,232
82.01,147.27,38.32,21.07,1.28,24.93,13.98,25.39,58.63,2.25,301
33.22,61.95,41.26,14.7,0.3,37.14,20.99,27.71,9.25,4.06,149
60.27,104.45,10.94,23.07,1.12,23.18,12.65,31.36,78.49,3.55,204
86.49,176.82,9.75,8.38,0.44,37.26,29.38,21.9,19.05,4.64,303
76.65,157.09,8.42,14.89,1.39,29.35,28.99,38.25,48.93,1.38,231
65.94,136.2,17.64,33.08,1.32,,22.33,31.83,44.33,1.25,269
66.51,134.56,16.45,2.33,1.89,28.61,4.4,29.48,73.83,2.96,249
92.16,160.29,26.41,15.55,1.18,67.7,21.27,24.14,71.17,2.88,319
231.86,381.01,43.54,20.02,1.09,21.79,1.94,14.22,31.85,1.43,500
35.08,71.85,38.27,30.8,0.39,40.51,28.37,22.31,80.63,1.28,182
235.96,410.84,16.33,15.23,1.56,154.96,14.82,27.94,28.87,2.56,500
33.8,51.44,13.97,16.87,1.97,42.21,1.0,34.14,50.58,1.56,151
7.31,12.84,15.52,6.54,0.65,,9.61,34.47,57.08,0.58,44
43.28,61.79,17.28,27.34,0.6,31.84,41.19,30.95,68.21,3.0,193
83.08,159.71,6.41,18.42,1.94,18.91,20.29,23.12,76.81,6.28,267
202.38,324.28,31.34,6.29,0.57,53.12,10.19,48.0,52.97,2.6,500
31.1,47.73,83.75,5.6,1.76,45.09,5.42,24.1,23.97,8.23,202
91.79,198.35,25.34,9.34,1.16,22.23,7.08,36.75,42.73,4.98,298
20.35,40.69,26.23,11.94,1.35,56.67,20.08,28.47,29.25,4.55,90
197.87,397.4,34.74,10.86,0.87,37.72,7.52,22.27,55.19,2.58,500
139.52,259.69,9.23,11.29,2.87,8.84,7.15,27.66,48.43,2.25,417
45.37,93.24,14.36,9.16,1.9,27.23,6.53,23.92,85.18,0.83,200
153.81,305.05,15.68,11.25,0.38,112.3,44.18,13.44,74.48,1.92,474
60.01,110.35,8.83,23.61,1.35,23.42,7.33,27.75,90.9,7.4,223
144.2,312.19,72.44,18.21,0.48,23.45,2.6,22.84,69.11,5.51,495
65.58,96.57,42.67,2.77,0.53,69.56,29.86,12.7,57.78,1.09,209
67.61,145.29,44.85,25.39,0.55,2.06,16.18,7.91,57.92,3.61,234
46.09,76.57,19.01,15.19,1.27,33.27,12.9,24.8,43.59,0.84,188
99.87,177.33,27.83,4.52,3.24,33.21,32.33,15.77,43.37,3.93,333
71.26,100.5,17.71,12.58,1.73,54.87,9.71,20.12,47.64,0.97,224
,166.38,20.99,6.25,0.55,20.12,5.96,19.45,87.02,2.53,269
16.01,29.61,26.34,6.27,2.73,30.82,17.14,39.28,38.71,1.69,133
147.45,324.1,22.0,9.15,1.97,40.99,7.25,31.48,68.67,2.26,472
171.12,372.64,26.09,25.24,0.62,50.21,23.08,24.97,28.96,4.65,500
71.02,154.1,5.61,7.29,0.94,25.02,10.91,24.72,51.03,1.36,233
221.72,357.76,9.4,18.98,2.13,107.35,18.63,24.95,53.22,4.31,500
190.35,417.28,17.65,46.23,2.51,2.9,19.87,24.35,60.41,2.12,500
,173.23,20.24,62.04,0.75,21.56,10.78,28.91,65.78,2.16,325
155.07,320.47,20.23,9.46,0.19,33.1,9.59,21.05,44.68,4.24,493
130.14,194.52,37.44,3.85,1.8,40.74,19.17,17.88,70.23,2.75,396
12.16,21.34,30.08,16.06,1.94,79.32,11.79,33.98,37.35,0.71,127
53.28,115.58,33.49,18.24,0.12,53.2,39.34,20.64,41.8,3.2,220
106.0,228.15,15.47,24.1,1.12,13.7,20.49,31.32,43.47,1.72,316
,341.42,10.84,16.04,3.57,45.24,21.64,20.12,48.71,3.86,500
19.07,38.47,21.6,3.43,1.59,82.62,31.92,32.29,43.42,0.64,126
13.04,19.02,40.56,1.03,0.75,35.99,53.76,23.91,31.01,2.23,92
62.71,122.26,70.4,26.8,1.19,80.64,20.73,24.38,67.42,3.67,293
7.95,14.76,15.87,21.86,0.87,3.63,15.75,31.46,35.0,1.98,51
61.16,84.55,70.28,4.73,0.16,55.2,4.59,35.75,71.77,3.86,228
84.48,118.43,9.8,4.49,0.58,71.63,6.21,29.71,71.17,3.66,246
29.91,41.8,6.13,39.08,1.32,25.96,25.55,27.85,24.37,5.3,140
62.38,121.76,19.75,24.29,0.63,8.04,6.31,21.73,65.39,0.32,215
122.48,174.84,10.88,9.24,0.35,63.46,45.89,26.64,54.34,2.65,348
43.12,74.2,13.86,5.56,1.4,13.58,12.58,28.24,33.99,4.47,171
34.28,55.58,47.72,8.99,3.21,24.5,46.05,32.98,48.47,5.14,202
60.35,108.35,44.61,7.31,0.67,65.7,15.09,31.6,66.27,6.37,222
27.28,52.81,30.14,18.34,0.98,46.58,7.45,30.38,78.92,4.37,133
211.52,405.32,28.41,14.0,0.47,187.35,8.85,17.03,35.9,2.09,500
67.03,118.25,13.66,6.57,0.97,34.14,15.9,37.12,72.0,2.61,238
37.26,64.01,21.82,19.53,0.61,42.63,6.84,21.47,47.81,4.29,143
76.11,126.19,19.05,5.89,1.1,63.12,41.76,24.79,15.81,4.16,241
60.11,124.77,7.6,6.78,0.68,13.57,7.9,24.6,100.0,2.21,181
55.33,88.4,78.74,9.96,2.88,31.29,18.35,24.25,96.51,2.23,276
43.11,66.1,19.47,24.59,2.83,11.61,10.33,22.6,44.82,1.2,181
41.49,81.68,10.12,6.09,0.66,9.0,25.18,30.94,60.31,4.83,116
16.36,26.57,6.87,21.48,1.17,73.36,59.28,22.49,87.36,2.1,87
154.92,319.48,35.01,38.87,0.53,36.77,24.2,14.46,38.79,3.19,500
96.96,154.67,74.31,7.66,1.8,38.35,36.74,35.48,71.02,2.59,341
81.38,157.2,90.48,22.82,1.67,48.94,6.12,31.11,80.18,7.98,341
59.41,79.64,22.94,26.52,0.77,16.35,18.88,23.0,86.7,2.54,204
29.46,48.53,19.48,65.84,1.01,62.85,10.47,19.85,56.0,1.49,145
35.43,57.0,26.62,16.63,0.98,46.71,13.74,40.6,12.94,2.2,140
18.19,37.02,26.17,10.31,0.56,50.39,2.18,25.35,90.49,4.79,86
39.04,84.72,3.75,33.0,0.58,17.06,54.74,35.59,45.55,0.56,178
,44.69,17.61,19.82,1.5,42.1,16.93,24.35,,3.87,132
183.78,375.34,31.53,18.64,1.53,57.39,13.33,32.53,35.27,6.92,500
117.21,226.19,36.3,16.98,2.72,27.45,23.14,11.43,5.0,3.18,387
69.1,150.0,38.23,40.22,0.1,33.1,23.28,6.88,57.68,3.51,314
32.2,65.36,25.9,7.33,0.43,32.44,7.14,35.68,45.43,1.29,120
27.23,37.29,9.7,23.09,3.15,25.41,102.77,32.38,51.11,0.78,135
56.65,110.01,22.48,17.05,1.52,44.48,32.72,31.1,62.1,8.77,211
120.38,214.52,57.99,28.02,0.33,32.71,6.73,25.53,34.0,7.21,384
18.68,24.56,33.23,6.92,0.82,25.86,18.46,43.0,55.17,3.81,96
96.12,146.7,20.13,3.8,1.18,107.41,14.81,17.54,43.6,2.1,325
38.9,82.84,95.95,40.14,0.33,33.85,29.08,33.84,87.22,1.8,273
44.7,95.36,26.93,2.09,1.79,13.51,2.62,28.71,40.76,1.01,203
67.68,136.65,22.21,6.39,0.72,42.16,19.34,19.8,5.0,2.37,198
33.11,72.3,40.59,2.75,0.68,40.77,13.3,36.5,98.5,7.78,155
54.56,110.53,8.83,25.03,2.34,43.98,4.51,31.29,84.42,1.45,219
30.83,40.37,19.45,4.86,0.75,108.51,21.27,29.25,73.22,1.72,142
41.45,64.63,22.6,15.51,1.9,4.11,8.3,28.34,71.53,1.55,163
108.52,144.07,5.23,4.82,1.16,59.67,25.53,23.75,61.36,2.14,323
70.2,97.2,28.82,3.52,1.81,20.72,24.53,27.37,34.44,6.04,225
108.25,162.05,36.17,38.07,0.91,31.64,19.72,28.8,67.07,0.92,329
38.49,67.49,16.24,19.75,1.2,11.97,11.03,40.77,21.03,4.97,146
96.59,199.25,42.03,8.71,2.42,63.95,22.0,16.15,39.6,2.53,314
14.32,29.72,52.21,12.91,1.3,34.05,31.09,16.79,25.92,2.9,148
67.66,125.48,56.69,3.64,0.53,46.94,18.68,25.39,15.08,0.61,249
100.88,215.4,10.0,45.91,0.75,83.07,9.76,20.22,44.49,2.92,372
13.74,24.04,28.01,6.17,1.75,15.17,21.84,19.57,30.74,2.92,95
38.86,81.61,38.97,21.51,0.74,46.4,5.78,35.13,75.96,0.64,180
67.63,115.55,27.94,2.89,0.3,137.87,12.6,29.44,62.91,0.59,265
126.23,195.6,49.71,14.16,1.17,76.17,8.09,27.23,40.26,2.38,419
41.45,88.07,29.67,17.22,0.59,16.11,63.68,22.42,42.35,1.96,168
94.08,155.16,9.71,11.55,1.09,90.5,16.17,30.93,88.24,1.82,294
161.35,282.87,50.33,21.03,0.73,37.44,1.47,27.26,30.26,2.18,494
97.0,154.8,27.29,8.9,1.33,103.86,12.1,24.14,23.58,3.48,336
56.1,106.39,71.85,6.44,3.15,69.07,2.76,35.35,63.78,3.92,270
84.74,186.04,9.77,12.05,3.58,30.85,11.79,38.24,57.12,4.9,294
40.5,53.58,27.67,3.87,0.79,68.88,28.39,34.9,64.94,3.98,203
69.56,146.77,68.31,4.02,1.09,9.77,7.33,31.53,27.03,0.67,263
58.17,75.82,30.15,6.21,1.23,17.4,16.66,28.89,44.61,2.34,187
82.84,134.85,43.77,34.02,0.56,64.15,14.26,17.13,27.11,1.96,314
47.55,69.03,53.51,10.73,0.24,12.2,28.79,29.84,78.89,5.4,182
86.07,170.56,26.45,49.39,2.47,31.42,12.17,18.22,35.08,8.93,302
47.2,63.51,12.68,10.04,2.07,47.35,46.28,31.74,48.65,2.49,206
116.47,209.43,47.69,6.49,0.29,49.94,18.43,28.82,65.6,1.2,387
50.95,79.76,22.86,36.94,2.34,77.57,10.46,20.59,67.11,1.65,253
8.3,11.79,3.49,6.2,1.16,23.87,2.48,32.85,28.67,2.03,25
28.01,55.87,60.0,9.75,1.22,70.79,34.37,17.06,85.37,1.42,173
66.22,99.04,77.87,3.48,2.33,65.36,11.02,24.77,53.4,10.05,305
182.76,274.38,15.61,29.51,0.85,22.88,28.32,29.02,60.34,3.23,468
113.56,175.74,25.57,11.18,0.81,6.81,25.8,27.47,34.29,9.54,306
6.38,11.67,82.26,28.5,2.37,27.24,44.15,21.59,62.01,0.74,193
17.07,32.32,69.23,17.53,0.15,22.98,3.47,8.57,46.06,3.81,130
136.71,179.89,39.05,10.93,0.38,13.95,27.36,31.06,57.74,2.87,375
100.5,152.53,64.88,15.42,2.01,39.9,5.14,48.0,27.49,2.38,337
245.18,413.83,21.71,31.83,2.19,137.29,13.23,30.57,25.4,3.25,500
45.74,73.12,7.41,12.75,0.52,40.86,14.96,22.4,27.93,1.61,167
32.54,68.19,56.31,9.87,1.99,120.61,17.88,29.64,63.64,1.97,218
68.82,138.25,24.95,1.36,1.94,155.45,22.14,30.7,62.06,2.27,320
45.05,83.94,5.71,16.93,1.27,21.51,25.03,28.61,93.04,3.52,135
128.57,206.25,16.09,11.25,1.09,24.98,7.79,25.08,77.94,1.03,370
43.85,84.66,21.02,35.4,0.73,68.92,8.23,29.71,41.17,2.69,178
53.26,109.68,23.03,3.4,0.67,33.43,37.39,27.34,72.13,0.43,239
28.82,52.89,13.98,17.35,0.21,17.04,23.22,40.51,59.44,0.1,116
108.63,217.91,10.55,2.35,0.66,39.48,3.53,24.58,15.27,0.78,299
30.41,60.04,4.97,9.19,1.25,58.66,46.31,26.96,59.28,2.01,133
87.16,158.17,4.77,33.52,0.28,69.61,73.66,20.6,55.17,1.25,277
202.45,320.06,24.54,33.05,1.62,53.9,19.23,27.41,53.78,2.53,500
11.85,23.36,30.85,16.72,0.85,46.79,2.44,32.02,55.65,4.46,106
166.16,246.94,10.32,16.9,1.05,34.28,26.64,25.83,57.18,6.43,435
79.66,159.44,63.89,23.4,1.61,19.92,45.08,34.03,36.93,3.11,318
24.94,50.48,18.25,11.28,0.7,91.9,1.7,33.57,74.46,0.84,116
70.71,144.23,23.09,10.21,1.24,27.36,11.29,31.6,20.85,1.24,250
106.55,183.86,22.01,3.5,1.43,34.13,11.8,35.15,48.33,5.05,310
34.35,50.61,4.0,12.95,1.48,65.05,28.81,28.35,72.35,9.17,136
90.57,125.87,50.06,3.89,1.47,20.63,5.79,23.17,67.6,4.08,293
174.97,344.52,38.45,8.57,0.41,116.72,17.49,30.12,59.79,5.5,500
43.81,91.9,65.3,24.59,0.54,38.73,37.08,17.49,33.1,0.43,217
28.52,53.78,62.46,15.87,1.6,21.71,14.88,22.14,53.92,2.76,177
59.5,85.07,35.1,5.86,0.55,49.44,23.97,29.2,68.32,1.02,170
68.03,145.69,40.38,8.15,1.11,58.77,11.82,16.06,51.65,3.13,262
132.87,291.01,9.67,13.51,1.32,30.46,37.7,25.64,44.36,9.43,410
58.07,98.13,18.35,18.82,0.31,36.55,39.75,46.78,56.72,2.7,193
46.97,86.21,21.89,5.17,0.45,44.35,61.37,32.81,42.85,0.41,195
27.9,55.79,16.36,30.23,1.45,37.37,19.26,25.67,66.75,1.46,166
13.85,27.18,61.47,12.25,1.71,10.18,82.99,21.96,46.14,3.32,158
21.03,45.65,28.63,5.06,1.46,15.27,38.74,30.11,63.44,3.17,137
20.91,29.35,12.92,6.36,0.21,38.8,43.05,21.59,42.85,8.94,75
53.69,97.86,58.8,29.24,0.3,18.21,13.2,38.11,53.15,0.45,186
16.59,31.9,29.34,19.25,0.85,80.34,2.22,19.4,47.27,0.93,126
62.77,131.89,48.63,25.31,0.27,127.61,9.94,24.24,49.58,2.6,268
199.63,416.57,9.49,16.25,0.55,56.69,33.6,25.55,59.55,2.43,500
135.37,295.13,31.04,5.31,3.9,9.04,12.52,34.16,78.32,1.54,447
53.3,93.86,12.4,29.83,2.29,2.93,19.03,29.89,62.14,2.34,174
281.82,577.07,29.82,4.65,0.5,24.18,5.68,18.14,66.92,0.66,500
68.21,114.9,38.54,13.15,0.23,49.54,39.79,15.6,43.46,0.37,259
75.27,126.46,8.64,3.35,1.31,64.29,24.5,30.78,38.53,1.4,216
58.67,89.65,24.28,8.47,0.66,8.71,20.17,14.72,22.38,4.65,204
63.78,129.88,9.43,9.05,1.6,37.07,3.92,25.52,69.13,1.27,214
42.64,93.26,50.42,4.41,0.95,12.36,27.15,25.22,65.98,2.29,203
53.88,82.48,26.19,6.12,4.21,4.18,16.0,24.61,34.9,1.8,194
166.87,225.36,12.89,14.79,1.19,43.64,35.23,29.57,40.79,3.96,479
144.87,294.67,15.9,7.71,1.35,40.16,13.94,40.36,95.49,1.08,430
7.88,14.65,17.9,76.29,2.87,51.16,3.57,25.88,86.53,2.16,128
18.49,40.02,64.65,20.08,0.21,38.27,34.84,25.47,57.75,3.1,140
34.75,53.06,23.63,21.36,2.09,6.1,8.85,17.62,38.21,4.87,142
121.07,165.13,44.66,25.66,2.16,49.11,32.77,27.63,39.63,4.3,399
146.95,256.17,24.51,16.9,1.15,27.51,11.73,23.66,60.21,2.45,398
106.28,146.33,9.69,6.58,1.09,24.48,39.68,28.84,55.09,0.91,284
24.85,38.16,15.77,21.18,0.72,30.59,7.11,29.45,82.05,2.8,122
43.32,61.23,32.1,9.57,0.27,3.73,9.98,28.53,64.21,1.03,135
91.64,137.62,4.05,3.7,0.75,61.19,11.93,16.09,100.0,3.22,231
54.5,76.06,36.1,18.06,0.44,34.48,79.7,26.13,17.07,1.47,193
49.0,105.76,14.06,16.55,0.54,78.02,13.83,25.27,51.63,0.12,218
49.55,76.83,28.44,21.5,1.2,60.44,6.56,22.19,83.08,2.42,197
137.93,234.41,16.32,11.23,0.63,24.14,5.81,25.7,37.2,8.16,385
98.0,206.65,41.11,23.53,1.49,102.75,37.33,29.13,81.21,0.96,363
51.62,98.57,25.86,4.77,1.08,79.61,19.18,24.94,87.34,3.3,224
82.2,152.59,40.05,2.34,0.93,21.35,13.13,31.84,58.43,0.91,283
21.91,42.4,4.99,13.15,0.44,32.42,13.96,26.65,82.86,2.32,84
43.39,88.77,21.62,7.77,0.95,60.18,25.71,30.2,70.52,2.76,196
129.43,270.49,13.83,5.7,1.85,18.86,14.97,20.54,22.22,4.25,383
15.59,29.28,35.38,9.99,0.31,23.6,7.89,32.25,62.63,2.44,106
98.81,207.6,50.01,19.04,0.44,6.69,11.45,32.02,60.56,4.8,329
7.78,13.87,48.78,1.0,1.13,9.73,32.61,22.48,10.25,5.59,85
184.66,286.15,66.98,8.77,0.19,13.4,19.57,30.55,52.95,2.06,500
42.59,89.09,50.85,36.26,1.03,35.55,11.65,33.73,49.98,3.78,206
86.34,154.32,21.46,3.21,0.31,66.03,9.47,26.08,77.57,2.35,251
70.95,150.09,11.19,7.3,1.5,20.07,17.04,13.37,53.55,2.36,227
72.79,97.25,5.39,28.76,1.13,58.11,6.56,34.57,64.92,6.17,207
81.19,134.59,10.76,10.62,3.66,19.49,8.65,27.21,29.32,1.5,293
12.93,27.84,4.48,14.49,0.85,48.13,43.85,26.05,37.1,1.48,86
73.85,112.6,7.67,8.95,1.41,28.69,34.71,26.03,61.87,4.56,230
56.92,122.24,30.33,30.5,0.62,10.8,37.17,28.29,58.92,0.55,223
42.77,92.32,4.98,6.86,0.82,61.03,12.08,21.77,47.16,4.87,163
34.74,72.73,33.25,12.8,0.2,61.25,44.7,45.69,52.24,5.66,159
75.15,135.82,15.84,21.9,0.48,3.1,26.66,26.57,77.2,0.97,263
28.83,54.26,26.72,5.87,1.1,41.81,18.64,37.96,35.11,2.96,112
127.94,266.45,27.24,2.93,1.11,45.24,12.27,29.08,45.9,1.45,413
90.64,181.12,67.17,1.04,1.37,38.42,5.09,26.26,90.08,1.07,344
78.36,146.3,27.99,19.0,1.43,24.61,12.99,23.05,49.38,1.44,260
124.49,271.89,8.02,4.29,0.33,13.46,14.55,27.59,51.62,1.45,384
,20.94,11.74,16.61,2.62,35.76,17.02,27.56,45.51,2.04,91
21.26,46.3,27.19,15.95,0.31,2.82,10.58,6.39,78.25,2.81,68
93.35,126.17,20.69,3.98,1.42,15.26,5.59,19.91,69.16,0.19,263
36.41,51.89,28.14,13.7,2.15,44.15,10.23,26.69,99.92,2.14,155
40.24,68.66,33.69,45.37,0.44,67.39,86.16,27.06,49.06,1.14,197
18.51,30.48,12.15,19.74,0.45,87.12,6.87,12.24,66.78,1.74,131
28.9,57.92,34.41,69.97,0.66,11.84,22.27,26.22,60.52,2.78,145
129.78,187.47,37.24,7.7,1.95,18.3,35.52,34.49,77.78,2.04,400
91.88,200.15,28.47,14.28,0.52,52.42,24.73,28.58,25.16,5.12,355
74.58,118.1,80.83,5.53,1.46,61.93,7.65,29.48,31.46,3.62,346
41.49,69.96,5.57,36.41,0.7,102.47,25.42,35.85,20.72,2.66,219
71.34,110.39,74.31,9.48,0.98,51.39,38.23,37.53,61.97,6.98,277
137.14,249.79,19.21,3.89,1.77,41.5,16.38,24.1,53.91,10.38,416
,50.25,13.71,14.16,0.92,39.16,10.69,38.77,48.83,1.96,122
63.67,91.35,35.32,7.29,0.94,14.3,4.35,17.09,59.67,1.14,227
191.86,378.2,15.9,16.3,0.21,6.58,7.75,24.27,60.8,3.35,500
105.36,154.65,47.78,10.92,0.82,50.92,36.77,39.74,60.15,6.23,323
41.96,63.44,18.77,20.02,1.41,47.98,19.37,30.81,67.9,4.47,191
99.81,200.98,52.33,1.3,1.1,6.36,24.25,20.86,54.05,4.3,355
15.34,21.23,10.31,12.2,2.52,15.12,4.39,21.65,42.25,1.83,111
61.84,104.74,31.7,5.41,1.62,107.94,15.7,29.35,52.84,3.74,247
99.73,131.73,12.85,25.94,1.26,9.12,11.57,24.42,62.87,4.38,257
85.25,137.44,32.57,34.09,1.6,7.65,19.24,36.65,64.19,5.72,286
99.1,191.17,6.8,6.95,1.46,10.09,52.59,13.8,40.87,0.89,332
,157.27,7.38,16.55,0.3,44.39,24.08,40.1,46.46,5.18,318
89.84,188.62,18.63,5.0,2.08,46.04,23.27,29.72,44.34,1.95,314
88.11,186.66,53.94,15.37,0.7,82.43,29.92,16.74,,5.19,359
75.78,105.67,5.82,5.26,1.56,51.61,2.86,31.54,44.52,1.9,207
26.07,57.15,60.71,16.02,0.3,20.91,4.55,16.44,66.73,3.53,154
129.74,203.41,32.61,17.86,3.49,4.58,21.11,17.7,44.31,0.61,410
63.46,87.3,51.12,38.75,1.05,33.04,6.63,25.05,26.33,1.9,227
103.64,135.21,25.87,2.92,0.34,105.33,8.76,37.24,86.14,2.42,311
121.26,202.22,28.68,17.04,1.19,20.5,18.75,20.7,43.03,5.91,352
43.63,81.46,21.12,1.74,1.79,52.08,28.35,34.61,64.03,5.53,152
46.68,74.64,19.33,11.05,2.48,23.0,6.84,40.77,46.18,1.36,198
51.64,106.01,41.89,10.64,1.3,48.48,38.45,29.68,48.43,1.03,212
145.66,283.3,10.34,10.52,1.31,39.47,43.63,33.19,54.14,5.53,441
31.21,50.41,25.45,2.62,1.48,47.79,22.02,18.91,69.73,2.49,165
161.83,317.33,5.7,11.5,0.64,20.38,13.33,29.16,29.07,1.0,432
75.19,161.39,7.75,11.24,0.84,19.45,18.85,35.78,99.08,3.05,272
78.95,109.25,23.58,1.03,2.02,13.09,36.58,30.76,54.06,2.48,227
117.78,185.56,14.91,1.56,1.07,29.19,17.18,23.79,70.69,11.8,319
69.35,119.07,21.56,13.59,1.65,47.38,19.85,29.84,44.08,1.88,260
130.68,228.45,11.87,24.53,0.42,39.94,42.48,24.94,66.62,1.53,384
43.59,77.93,38.72,13.05,0.54,26.72,4.67,36.62,49.6,5.24,164
158.56,249.02,8.28,14.38,0.94,49.27,7.11,20.16,56.25,3.02,461
46.26,87.92,75.85,6.18,2.81,52.76,3.89,26.8,76.2,2.56,256
162.39,305.39,58.79,10.46,1.84,61.23,15.25,39.33,20.87,0.38,500
47.23,85.96,35.44,2.8,0.75,23.9,16.94,24.14,50.22,2.23,176
52.76,74.0,7.16,17.3,1.51,25.6,33.79,34.43,36.33,1.25,179
28.12,48.63,21.59,4.92,0.62,80.23,27.83,28.56,75.52,3.62,108
35.07,56.83,36.95,3.08,1.28,72.03,20.05,34.88,52.35,0.93,167
63.69,110.94,49.25,11.51,2.31,58.95,31.88,26.57,84.82,2.7,294
77.19,164.38,49.06,25.98,1.47,9.54,23.49,23.02,99.11,0.61,276
124.61,215.89,42.54,13.09,0.42,30.96,45.47,22.97,28.46,1.68,404
55.63,73.01,2.97,25.91,1.11,67.83,15.06,32.44,,2.35,189
85.38,144.71,10.73,7.65,0.48,61.21,39.52,24.14,30.81,1.42,250
73.62,150.08,43.36,14.22,1.28,38.68,1.36,39.42,59.55,4.69,238
91.82,183.84,15.75,9.41,0.22,37.06,10.29,31.77,70.18,2.73,302
39.34,69.31,31.28,18.92,1.7,16.51,4.41,24.68,5.0,2.18,185
43.09,65.7,79.19,15.83,0.73,13.87,19.82,38.44,71.9,1.44,174
39.35,67.62,15.13,5.63,1.85,17.91,33.13,26.1,88.27,2.68,147
140.28,253.53,51.6,40.08,0.6,17.14,12.69,13.77,62.15,4.86,462
159.52,350.93,32.52,3.28,0.26,27.48,19.82,24.53,14.72,2.81,500
41.66,78.32,103.01,12.68,1.99,63.62,25.5,17.76,67.38,0.93,287
42.32,81.47,32.59,4.98,1.33,11.03,10.54,29.46,45.04,1.89,163
100.51,175.13,15.93,11.23,1.1,11.56,16.7,21.62,39.83,1.13,306
170.79,276.51,25.53,4.64,1.8,32.29,25.55,33.04,64.96,1.88,491
194.33,394.82,10.17,11.16,1.51,81.79,26.37,24.93,77.84,7.19,500
40.19,70.15,41.37,13.74,1.39,18.08,5.98,46.56,38.58,1.41,195
48.49,106.45,18.33,18.73,1.16,30.28,21.34,29.54,61.89,5.69,198
79.98,136.88,25.5,1.84,2.25,47.74,14.26,30.52,91.78,3.89,313
82.67,112.53,54.43,7.4,0.98,27.9,23.11,31.23,59.08,1.58,310
57.23,109.56,9.19,20.88,0.15,42.29,27.99,29.05,17.61,5.24,185
34.11,45.78,49.36,15.2,1.35,55.93,3.21,35.89,83.14,1.67,156
63.76,97.27,6.41,54.47,0.1,56.36,14.19,29.43,57.32,3.51,200
194.2,314.29,23.13,7.19,1.08,14.63,21.94,29.42,58.32,0.21,500
43.58,85.65,35.58,40.8,2.43,32.9,24.15,29.83,78.54,2.98,195
76.63,133.7,43.36,20.21,1.35,13.89,45.35,35.4,72.29,4.73,268
275.97,365.88,9.94,28.98,1.11,49.11,10.0,23.63,56.48,2.32,500
43.09,79.95,79.98,5.49,1.19,83.67,20.7,12.2,74.97,6.89,280
103.67,173.15,35.97,15.39,0.26,31.98,38.63,29.25,70.44,4.7,315
199.4,424.66,43.76,13.48,1.27,54.03,21.09,31.5,35.95,4.38,500
97.84,171.19,36.14,7.78,0.48,36.2,22.8,20.09,,1.39,311
133.98,259.67,10.34,25.76,0.59,34.52,26.5,19.46,91.23,6.49,390
112.95,169.08,13.98,10.86,1.01,8.22,21.48,20.75,31.63,0.54,323
92.72,184.03,59.23,19.82,2.15,76.64,9.35,16.41,86.97,4.59,366
156.22,304.45,60.53,3.01,0.88,48.53,9.7,30.99,72.74,7.25,500
101.52,214.59,3.75,13.82,0.36,33.72,49.09,35.15,46.73,2.98,290
57.66,76.72,41.04,21.76,1.13,42.42,12.19,19.73,43.44,5.19,210
72.6,123.63,22.81,6.62,1.03,29.86,9.86,30.6,36.56,2.94,254
84.6,161.68,34.39,10.32,1.54,22.85,37.42,28.45,66.49,1.7,288
48.27,66.89,28.98,11.15,2.52,69.38,19.89,22.91,68.31,1.87,207
74.9,125.06,28.64,11.13,0.79,23.47,20.74,34.73,33.35,1.31,250
67.58,145.16,12.39,4.44,0.52,45.13,25.8,43.94,36.2,2.73,218
101.32,171.46,50.19,22.12,1.63,12.11,19.2,17.98,75.53,0.61,322
232.98,509.49,15.83,8.63,0.59,38.17,46.13,28.31,78.64,1.48,500
78.0,105.39,22.43,18.36,1.23,106.35,21.72,26.73,62.22,1.74,283
173.52,337.68,12.66,12.66,1.23,14.56,28.68,27.64,48.91,2.6,500
98.93,180.34,25.49,5.02,0.64,25.52,6.28,24.97,36.15,5.45,324
74.67,130.71,8.39,14.96,2.12,42.08,12.87,31.49,46.04,5.14,254
46.23,100.48,16.5,6.43,1.52,31.08,19.12,28.2,59.86,1.66,195
75.06,106.34,50.01,8.41,1.15,12.89,42.26,17.42,49.43,6.05,267
71.9,151.45,9.73,2.01,0.48,51.07,3.92,26.68,34.4,3.18,250
37.25,71.59,40.74,21.75,0.15,150.37,19.98,29.1,54.65,4.49,187
42.09,64.52,7.68,2.84,3.03,14.65,5.07,36.02,52.07,3.37,151
85.08,179.65,14.99,22.06,0.48,68.53,4.85,24.24,85.98,1.65,309
172.43,290.78,15.19,10.72,0.48,57.94,17.41,28.19,39.04,4.16,485
62.24,126.52,46.9,12.88,0.72,6.94,22.49,20.92,52.57,1.28,219
17.67,29.16,60.92,7.59,0.7,,7.86,36.88,37.76,0.44,125
6.51,13.44,19.54,3.01,1.07,73.12,32.77,27.85,50.59,1.48,84
27.66,51.8,8.34,27.28,0.45,10.78,5.13,38.69,47.76,0.61,79
105.4,150.4,17.13,5.5,0.12,19.71,40.18,25.75,63.02,2.69,316
,40.04,18.27,32.6,3.24,45.06,7.09,26.0,44.07,1.93,126
116.56,171.61,16.66,38.94,0.62,34.06,11.2,28.48,62.51,2.56,362
101.62,169.78,22.82,17.67,1.13,65.52,13.83,31.01,74.04,1.97,355
60.7,88.22,12.66,9.9,3.84,15.33,6.12,38.13,43.86,0.2,201
37.52,49.52,8.79,3.26,0.22,30.5,12.04,37.34,47.85,2.55,127
54.46,81.19,4.27,19.98,2.44,62.45,20.35,21.54,31.74,3.33,215
83.66,149.14,45.48,27.56,0.94,29.57,32.85,25.08,57.95,2.06,301
21.9,37.96,28.8,11.77,0.73,37.15,8.53,9.72,59.13,2.29,138
161.55,282.92,38.17,11.51,1.98,7.58,24.36,19.51,30.79,2.96,499
83.13,126.6,34.66,16.26,1.93,10.6,16.47,27.03,65.69,4.65,281
89.7,171.92,24.05,6.16,2.29,49.29,12.38,40.36,45.38,4.9,340
101.14,195.59,22.78,1.99,0.79,58.8,14.02,16.37,31.92,2.29,338
151.73,246.13,78.79,14.33,2.11,50.67,45.34,35.66,59.99,4.68,500
75.19,157.37,16.84,2.49,2.4,60.94,3.37,25.8,55.39,2.16,254
105.44,198.19,25.94,10.33,0.51,35.91,23.37,32.12,64.39,5.69,330
38.03,73.85,18.09,6.62,1.26,80.1,7.22,25.88,39.18,2.73,139
194.83,301.92,10.93,8.33,1.96,19.68,5.49,30.35,40.26,1.4,500
71.65,93.19,101.41,8.98,0.5,4.44,15.67,21.52,58.47,2.32,271
37.88,78.74,36.96,16.74,1.72,25.52,28.32,14.3,33.86,0.98,177
46.24,94.33,14.76,7.22,0.9,79.88,14.41,30.47,79.78,0.72,203
10.23,14.43,12.22,12.35,1.25,41.19,13.71,35.32,92.04,4.0,72
46.0,75.29,40.67,4.06,1.35,23.89,18.74,29.6,8.18,3.67,211
4.46,8.45,52.66,5.19,0.73,38.19,11.2,37.1,74.22,1.17,75
110.57,208.64,9.61,17.57,1.14,46.17,5.48,19.75,34.11,1.26,335
87.86,182.26,22.06,7.26,0.43,26.82,16.56,32.26,66.24,2.97,295
29.14,41.57,25.85,4.38,1.25,49.42,11.22,24.97,46.09,1.94,174
63.08,106.41,25.99,12.37,2.14,85.89,5.82,41.21,65.73,2.27,251
65.16,90.41,29.89,10.57,1.25,81.58,18.14,17.1,47.53,5.14,214
24.12,39.82,20.38,30.02,0.49,63.46,11.53,28.72,53.93,5.28,86
55.33,72.68,23.41,15.7,0.77,96.25,18.92,23.24,18.58,2.29,222
66.63,140.48,24.42,4.48,1.36,12.82,4.97,20.0,100.0,0.84,218
54.21,96.19,9.1,2.18,3.0,44.79,20.44,35.95,30.72,3.85,210
37.85,78.15,77.57,10.62,0.39,127.37,34.25,15.71,47.51,1.64,212
28.19,38.16,42.37,21.41,1.51,20.52,26.65,22.79,74.52,2.49,183
52.79,79.44,50.73,10.5,1.1,29.51,13.96,25.54,96.88,0.65,179
41.65,63.87,30.78,10.88,0.91,96.95,19.64,23.78,89.73,2.55,147
96.72,159.39,103.43,3.11,0.95,64.87,11.04,29.83,12.88,7.68,386
157.69,318.95,2.0,6.43,0.27,13.89,13.74,25.86,73.35,6.39,412
120.27,198.2,26.61,1.5,1.04,93.89,10.56,23.59,62.66,2.39,388
68.23,101.26,11.88,16.08,2.26,58.02,37.43,33.81,69.62,0.88,244
39.02,53.01,28.21,13.77,0.74,70.38,15.03,26.38,40.39,1.99,123
118.17,162.08,67.38,11.54,3.44,32.29,62.42,30.62,66.61,0.31,437
100.66,199.71,40.03,5.13,0.14,46.69,39.53,16.5,69.99,2.6,332
150.75,256.32,24.6,3.9,0.49,12.73,15.07,22.72,61.21,7.26,409
75.25,147.0,72.08,13.74,3.04,28.2,30.91,24.47,80.26,0.63,333
188.47,360.74,47.5,13.39,0.86,78.47,26.9,36.2,46.67,8.53,500
75.26,107.01,37.12,19.0,2.9,23.61,17.01,32.08,67.77,6.91,261
38.87,55.53,36.41,13.33,1.21,21.15,4.88,12.92,45.06,4.01,135
44.82,88.73,45.58,17.84,1.64,47.83,9.19,30.77,61.26,1.66,204
93.66,182.56,15.82,13.53,0.95,37.36,16.05,40.63,44.98,1.59,281
41.56,68.17,14.18,24.39,1.45,26.45,4.96,31.25,58.31,3.47,149
187.65,257.02,10.85,7.86,1.74,24.32,19.91,19.63,75.8,2.35,500
88.5,116.01,16.41,13.41,2.37,31.0,19.83,25.46,57.62,3.33,250
67.17,104.74,69.1,17.04,1.65,4.49,18.79,30.53,31.46,4.89,256
71.24,93.21,22.07,11.23,1.4,17.32,8.89,21.24,45.89,2.47,215
53.78,81.05,70.07,1.0,2.9,59.35,6.87,28.3,72.82,1.15,247
13.62,22.84,15.43,16.31,0.4,45.55,21.66,36.21,64.2,0.36,73
44.84,63.2,54.1,6.31,0.16,35.9,44.82,30.78,67.85,0.47,190
173.2,241.42,61.11,4.69,0.48,15.5,1.0,23.25,20.08,2.38,493
76.66,161.52,28.6,3.38,2.59,40.08,22.48,37.35,32.99,3.22,330
129.29,236.19,21.8,19.43,0.61,43.99,13.86,19.42,87.11,0.26,407
131.68,281.93,13.29,11.8,0.63,24.33,24.62,29.38,86.29,2.59,380
63.51,102.33,49.72,3.72,1.51,7.92,36.31,15.87,66.87,4.21,245
101.75,194.29,21.18,4.28,1.28,42.55,21.0,18.82,76.53,4.81,308
15.23,22.6,19.13,10.77,0.23,21.27,22.53,21.98,19.53,3.77,78
164.43,305.26,33.31,3.74,1.05,34.39,55.0,31.51,,1.65,498
156.04,221.05,40.13,11.89,1.64,26.07,18.99,29.81,9.32,0.93,440
91.92,119.67,12.7,22.06,0.76,10.27,19.61,25.85,80.66,7.7,269
78.61,168.09,33.22,25.11,0.36,8.34,15.38,34.27,,7.25,260
64.12,115.38,61.3,19.51,0.5,52.84,48.25,27.31,36.75,2.22,299
138.99,296.63,10.68,31.48,0.61,36.48,5.73,33.26,50.42,3.52,423
109.62,175.44,50.45,12.48,0.37,71.49,15.76,35.78,74.91,1.82,376
49.49,78.94,50.16,42.62,1.49,67.91,26.02,22.03,45.67,5.63,247
25.09,41.66,53.14,36.98,1.64,14.34,7.82,22.41,29.77,3.12,178
20.92,40.49,41.34,13.04,1.79,19.58,8.94,16.02,98.31,0.75,128
138.05,249.76,39.83,7.75,1.61,31.26,19.02,26.7,75.19,4.82,447
63.12,134.61,49.3,8.4,2.03,6.62,58.27,37.08,65.82,6.82,274
90.9,120.26,33.18,1.74,0.97,21.27,25.42,29.94,62.09,4.88,252
69.08,133.83,18.02,7.82,0.41,89.53,29.6,29.61,67.21,7.78,230
21.18,33.83,17.69,2.65,1.2,64.66,29.44,34.04,52.63,1.48,123
15.59,22.79,23.96,21.06,0.62,56.78,2.14,37.99,51.49,0.88,107
46.93,82.56,43.32,2.17,1.6,94.16,14.24,30.62,56.53,12.16,202
50.04,87.8,24.5,15.96,0.73,2.61,14.18,31.91,74.58,2.61,183
50.01,71.19,21.58,7.65,1.99,57.62,28.44,26.78,52.68,2.67,181
51.13,75.76,52.82,20.8,0.32,57.72,14.43,29.68,61.71,7.2,220
223.46,372.58,29.24,8.55,1.15,39.33,37.47,33.88,61.21,0.53,500
128.02,213.53,7.89,16.57,1.41,10.69,16.45,23.41,53.53,1.94,350
77.43,122.79,10.86,15.75,0.49,121.23,4.29,26.78,48.45,3.54,257
61.97,88.84,9.69,7.43,1.59,66.96,16.93,22.75,54.68,2.22,204
63.57,82.89,24.98,13.48,0.89,89.67,1.92,31.78,89.09,0.34,210
107.0,232.54,11.25,17.06,0.23,53.2,29.65,26.15,61.82,7.35,357
61.55,132.28,21.78,20.87,1.07,17.29,23.38,29.68,96.86,0.53,242
119.68,207.67,16.83,1.23,0.38,14.0,40.1,13.25,66.78,0.85,324
83.34,182.98,6.51,2.58,1.99,72.07,32.8,16.65,24.13,8.53,284
224.72,428.38,10.64,18.01,0.63,19.01,13.63,32.92,56.74,0.74,500
58.88,80.2,71.88,7.28,0.83,37.98,26.76,21.17,36.22,1.52,229
133.94,188.32,19.64,11.68,0.59,24.44,29.93,20.13,86.24,1.58,384
27.16,57.69,18.63,1.51,0.6,52.93,22.28,20.92,34.35,2.19,111
39.81,74.34,17.9,42.83,0.72,33.31,27.47,28.4,55.64,4.62,158
206.25,424.65,30.62,4.31,0.55,120.3,5.76,23.68,23.22,2.46,500
116.4,245.41,25.57,13.85,0.12,128.24,15.93,23.91,61.89,0.61,393
92.02,156.72,82.65,5.29,0.92,46.88,23.35,22.52,62.6,6.0,356
260.83,350.47,55.08,25.59,3.42,15.4,21.55,32.16,79.64,6.37,500
62.62,92.01,80.93,21.03,0.4,17.79,37.04,24.01,68.96,5.52,252
133.74,181.87,42.8,22.97,1.34,19.89,16.21,24.74,42.78,2.4,373
140.12,205.96,39.19,16.04,0.97,14.54,11.86,21.58,99.48,2.39,397
178.71,298.34,10.26,19.34,0.9,40.19,36.54,30.03,51.52,5.56,484
24.42,34.34,7.76,7.01,1.49,12.65,36.51,39.32,5.0,0.62,92
62.31,90.36,6.85,27.34,0.17,31.55,18.83,31.26,48.01,1.18,174
82.35,140.1,22.62,9.83,1.51,37.38,18.75,31.28,63.48,0.28,275
176.87,284.08,47.95,4.51,0.62,30.69,12.16,33.84,63.5,2.52,500
89.51,154.04,15.2,9.82,1.31,136.65,19.94,23.98,79.51,2.4,319
140.32,236.61,12.37,8.24,0.38,37.86,6.83,25.86,34.92,0.62,419
22.46,42.22,45.3,10.56,0.31,32.56,33.96,14.08,69.93,2.11,123
52.11,111.7,12.48,4.42,1.25,70.38,6.79,30.56,48.84,5.39,195
155.67,217.48,69.19,20.18,2.64,42.25,17.53,26.99,9.87,5.81,498
57.4,79.75,11.03,5.51,2.36,75.35,22.77,22.59,65.15,1.84,232
66.08,136.62,47.81,13.44,1.39,26.29,24.72,28.23,36.95,2.03,261
175.09,307.41,31.15,15.62,2.22,53.02,17.65,39.71,52.99,0.98,485
32.62,64.92,2.39,15.12,1.31,43.42,15.88,27.3,60.28,0.92,112
39.29,58.7,13.43,16.04,2.18,26.67,2.79,28.38,7.41,2.72,112
20.29,41.51,49.69,4.34,0.86,19.7,31.34,39.69,77.82,2.74,137
179.51,382.62,6.7,17.93,2.32,48.1,5.48,35.23,40.76,3.24,500
126.5,236.79,18.78,3.47,0.7,111.02,14.32,33.24,43.97,1.83,386
124.42,173.61,7.0,2.28,0.14,101.51,5.3,39.95,61.78,0.19,320
51.0,107.39,22.71,11.26,2.64,71.11,6.19,20.84,5.0,6.15,230
18.87,37.98,33.6,7.62,0.7,64.21,7.96,41.38,75.18,0.87,118
14.01,27.68,27.75,17.08,1.97,37.36,18.62,34.02,53.23,4.38,90
156.4,208.49,29.5,27.06,0.7,16.77,19.04,35.76,87.94,1.36,423
96.18,194.19,27.64,17.91,0.32,8.54,9.31,31.67,,0.98,285
108.76,154.89,21.08,4.7,1.58,48.71,21.25,21.35,15.66,7.3,331
79.72,119.6,44.2,5.29,0.89,106.65,31.64,14.25,28.27,0.69,298
35.5,64.6,6.5,5.01,0.55,41.14,24.84,29.78,52.93,0.66,138
52.81,81.25,66.68,18.49,0.81,73.52,33.51,22.82,33.3,2.84,241
28.55,54.1,28.56,10.28,0.1,44.84,10.88,22.03,19.1,3.67,122
25.49,47.09,7.39,14.3,0.1,38.1,5.25,24.12,58.09,2.93,110
119.82,167.43,60.8,3.67,1.3,22.08,41.0,9.32,44.38,3.42,366
15.33,28.99,21.63,14.23,0.24,22.73,12.35,19.94,42.5,1.64,86
28.71,61.2,16.51,7.68,2.43,36.07,33.67,16.5,32.5,2.19,153
55.17,79.72,7.56,33.31,0.12,28.23,23.47,18.51,66.28,3.87,176
70.5,129.54,15.02,3.61,1.91,66.12,37.5,21.31,40.12,3.42,241
20.05,32.24,45.74,2.87,0.44,71.25,22.83,25.96,27.41,2.73,79
88.74,152.07,11.81,9.08,1.6,52.13,20.84,30.55,59.84,1.0,322
76.64,119.42,46.36,8.52,0.55,112.61,31.19,39.85,42.89,9.22,292
154.68,250.39,18.91,26.2,0.63,77.75,1.03,17.47,41.56,5.55,447
71.36,94.62,10.44,7.05,0.79,39.88,23.5,35.18,54.35,2.65,205
94.91,207.22,15.7,41.45,4.58,27.78,2.16,24.34,66.63,2.29,351
37.19,69.25,35.21,9.98,0.73,50.01,11.83,12.03,37.73,1.11,138
38.48,67.37,29.46,5.03,1.34,92.11,21.67,20.2,55.41,4.12,191
22.08,36.33,71.8,7.53,0.56,15.53,26.91,32.15,63.62,3.13,160
37.48,66.93,19.7,17.29,0.73,83.69,21.66,27.87,79.28,12.38,148
52.22,85.75,47.33,15.47,0.58,19.6,31.2,13.56,54.6,2.02,215
145.01,235.48,22.61,31.01,0.25,27.96,5.4,29.43,39.07,2.61,430
32.98,56.64,12.76,2.61,1.18,69.2,15.53,19.34,41.4,0.87,141
230.96,357.62,8.79,7.66,0.99,71.17,30.31,22.99,94.01,1.77,500
100.57,147.03,19.91,55.58,0.62,34.37,22.19,24.88,68.86,0.85,302
87.19,157.02,24.83,5.81,0.96,44.28,2.14,27.57,57.45,3.55,271
67.45,138.85,59.51,23.79,0.58,106.72,14.67,31.57,54.0,1.94,286
58.55,84.17,71.25,1.0,0.79,104.1,14.66,29.15,32.06,0.55,269
42.14,56.02,71.12,5.68,2.73,38.52,20.51,33.9,54.52,1.33,242
19.28,29.35,14.0,15.3,0.53,34.19,20.85,30.05,51.29,1.85,109
33.95,74.06,11.64,15.65,0.97,25.72,22.46,28.51,42.15,1.08,167
179.24,366.7,15.07,13.74,2.16,12.08,5.12,24.33,41.2,2.84,500
96.49,177.19,22.11,14.98,0.97,37.5,13.5,21.81,69.99,5.3,322
178.23,380.77,5.04,23.43,0.34,38.22,8.51,35.43,39.46,6.09,500
41.28,70.2,10.94,10.3,1.71,28.6,1.36,22.95,,1.86,148
27.83,60.81,56.75,30.22,0.17,32.64,12.14,39.28,58.21,3.8,187
66.98,104.93,30.73,11.35,3.2,,23.52,33.79,42.95,1.62,226
35.0,53.07,16.06,10.39,1.98,39.75,35.48,34.56,62.23,7.25,123
77.16,144.62,5.65,1.73,0.74,19.96,8.66,21.97,40.59,1.86,192
15.6,25.59,30.21,26.35,0.93,55.58,26.07,33.8,39.62,2.15,111
8.85,16.49,25.96,2.39,0.96,33.05,5.17,40.31,55.98,1.03,83
84.9,133.68,10.93,21.66,1.09,59.62,7.62,35.0,61.66,1.61,254
182.39,338.54,40.93,17.62,1.39,156.84,50.77,42.42,64.81,2.67,500
87.49,135.45,16.7,29.52,1.28,13.02,14.27,30.78,45.61,2.05,263
95.83,128.98,28.08,1.62,0.24,14.78,3.37,36.75,51.19,2.78,231
69.04,146.42,70.62,34.54,1.15,73.54,8.83,31.18,95.31,4.7,312
73.77,154.54,39.4,7.49,1.34,46.36,26.66,17.27,52.71,2.03,323
18.37,39.92,7.64,6.1,2.53,56.23,14.16,35.43,82.38,4.9,92
36.1,70.2,39.52,3.73,0.93,6.2,21.72,21.99,44.11,0.64,162
144.06,275.8,14.43,9.29,0.82,19.74,2.8,17.22,67.25,0.1,428
51.34,92.57,35.41,13.37,0.85,62.07,32.79,24.69,82.25,2.37,208
142.21,200.99,47.01,15.98,0.84,58.38,13.43,29.94,83.06,2.3,429
72.35,106.37,28.09,6.8,0.89,7.83,9.21,23.21,17.86,6.79,224
74.95,116.97,8.22,5.89,0.46,47.57,14.72,35.15,91.05,0.14,214
51.64,108.5,3.33,36.43,0.95,21.5,14.08,20.82,45.52,2.88,189
105.38,153.4,53.81,13.7,0.79,24.91,4.71,29.94,45.09,4.81,347
122.59,261.19,65.11,16.3,0.59,29.77,37.06,26.11,45.92,4.46,445
34.49,61.07,13.73,21.57,0.96,12.46,30.9,26.19,97.21,2.66,121
20.11,39.1,2.75,14.95,1.51,30.37,17.96,30.38,50.69,1.82,104
10.99,15.38,6.79,6.49,0.71,72.27,9.16,32.79,52.1,0.9,58
92.76,143.05,17.28,3.68,1.34,24.85,16.53,29.05,56.3,6.19,263
85.73,185.41,46.74,18.32,0.97,35.8,36.33,33.25,58.17,1.74,365
271.76,418.38,2.78,16.83,0.41,51.05,19.32,29.95,67.04,2.6,500
69.32,108.62,58.54,15.59,0.5,47.92,14.94,42.28,40.08,1.3,278
60.72,89.73,53.97,11.51,2.2,24.84,20.09,13.31,61.4,8.55,224
78.97,111.84,57.77,11.05,0.61,33.28,3.42,2.0,31.26,0.66,269
81.96,123.75,10.17,4.06,2.56,42.36,23.29,30.15,36.11,1.45,254
57.32,107.65,49.46,1.36,1.55,29.66,6.34,17.15,58.24,5.27,246
35.45,60.61,25.55,22.61,1.28,36.45,12.54,28.17,68.57,2.86,156
66.69,119.93,9.57,32.55,1.73,139.95,20.37,28.65,93.84,4.24,274
64.9,91.51,27.82,17.27,0.49,70.06,35.51,15.67,34.41,2.21,259
64.14,129.69,24.88,3.29,1.44,99.68,7.57,30.18,76.71,0.86,247
112.76,226.16,6.76,11.28,3.23,44.33,14.7,31.53,30.85,3.63,340
65.83,86.86,38.24,5.26,0.59,,12.15,23.44,32.82,0.11,225
20.54,33.79,23.96,8.52,1.96,22.96,47.86,36.39,53.96,2.43,134
40.31,54.89,18.36,4.1,0.81,81.16,14.31,16.12,77.51,2.16,169
56.79,114.32,17.8,12.4,0.92,6.94,17.81,24.95,57.31,3.25,201
68.08,133.68,31.67,20.81,0.96,127.64,9.01,33.0,61.83,1.03,304
94.08,198.67,16.74,15.39,0.21,51.1,19.72,33.55,72.05,1.14,323
68.47,103.57,3.51,7.7,0.21,24.26,36.05,31.41,59.4,5.68,203
9.08,15.54,9.11,13.3,1.55,61.77,24.28,24.7,79.39,0.7,78
22.88,33.54,24.17,20.17,0.56,17.61,32.89,9.25,61.77,0.44,64
98.43,160.84,15.95,17.65,0.86,38.04,6.45,21.38,100.0,5.54,290
55.65,98.5,18.17,15.13,2.12,24.06,34.65,31.33,54.39,3.01,252
72.7,98.0,10.55,26.75,0.59,28.54,11.62,36.1,66.31,3.1,211
50.5,98.15,10.66,14.68,0.37,38.67,12.78,34.85,47.77,3.45,180
40.17,71.87,35.59,8.3,1.85,82.3,28.16,37.94,32.21,1.66,186
51.91,106.21,27.48,7.96,2.14,37.26,25.68,41.04,14.76,2.02,231
73.32,113.24,11.98,8.63,0.97,13.65,1.0,27.47,6.88,7.61,209
65.48,138.36,17.66,15.15,0.61,22.67,17.23,28.71,51.69,0.66,238
122.07,268.41,42.08,4.92,1.71,21.31,10.08,24.03,92.38,1.2,424
16.94,36.05,8.73,5.87,1.05,130.58,20.31,22.39,73.71,4.05,116
19.34,38.69,46.07,3.71,0.41,21.22,14.01,20.8,62.59,1.46,122
55.16,112.05,21.45,4.76,0.82,45.32,31.83,22.26,47.47,3.86,220
94.8,172.19,17.85,10.11,0.33,36.72,51.29,27.45,79.45,2.82,261
108.77,160.02,7.14,35.79,0.89,28.34,32.09,34.85,71.15,3.29,316
41.46,79.16,114.84,3.53,1.69,18.74,29.21,29.23,24.6,2.42,269
3.25,6.31,33.26,25.52,1.81,15.11,9.85,26.9,73.11,1.74,81
42.54,93.03,3.41,6.26,0.52,56.71,10.56,26.58,42.43,1.0,205
85.92,153.55,28.59,23.68,0.28,76.68,3.59,23.1,57.77,2.44,278
64.6,99.76,53.45,8.53,1.36,14.14,39.27,24.49,32.79,1.52,254
97.13,186.04,30.06,14.2,0.58,39.73,15.09,17.14,94.48,5.84,315
140.88,307.33,42.86,14.57,1.26,34.41,54.9,25.63,33.06,3.31,452
58.04,84.71,15.38,9.55,0.35,12.44,16.31,25.7,74.55,7.47,181
46.35,73.85,13.72,9.31,0.99,23.01,13.98,22.8,79.79,3.3,163
31.5,56.31,19.25,31.6,0.87,65.5,6.02,24.39,64.95,10.58,146
19.24,27.96,25.27,12.15,1.23,109.54,11.92,37.53,61.14,0.1,154
14.56,19.22,15.67,8.52,0.54,116.42,1.16,25.72,41.31,1.32,74
38.28,61.37,21.08,45.78,0.4,32.58,15.85,14.03,51.62,0.31,151
128.74,267.64,9.21,48.45,0.22,47.03,51.0,30.87,32.27,3.04,413
103.41,138.48,5.03,63.17,0.35,34.27,13.29,35.23,65.75,2.14,302
44.67,75.31,12.22,2.71,1.26,72.78,17.96,39.13,64.43,0.57,190
232.32,461.38,77.65,1.0,0.6,60.55,1.85,14.68,41.32,4.91,500
40.44,87.26,56.33,14.13,0.56,62.95,4.35,34.73,60.2,5.93,227
149.44,326.82,29.12,32.96,1.78,20.09,10.79,28.04,57.19,1.18,470
172.06,289.03,6.14,11.27,0.97,,26.56,34.17,39.25,2.29,456
89.89,193.74,22.49,29.28,0.16,66.64,32.02,18.05,54.8,3.12,288
37.99,50.6,26.87,30.83,2.39,111.13,15.11,40.89,100.0,0.64,220
49.37,97.33,14.89,6.18,0.28,85.61,21.56,21.84,44.85,3.22,147
74.57,140.07,58.67,9.72,3.41,16.39,6.41,21.99,23.83,6.02,278
19.77,30.14,8.8,1.69,1.54,9.87,29.97,26.25,31.59,1.62,84
29.02,50.97,35.66,3.8,0.4,70.79,34.17,32.06,51.83,1.12,102
26.97,38.2,8.58,4.9,1.11,20.47,18.6,25.54,65.36,1.96,102
94.5,196.98,9.64,2.67,3.4,135.34,6.65,34.68,35.34,2.95,380
140.02,227.12,22.51,13.8,0.94,69.17,14.27,24.27,61.34,1.37,407
106.1,197.7,2.39,2.57,0.29,55.81,7.02,26.61,46.58,1.34,316
125.48,181.05,27.8,24.86,1.21,30.64,5.6,19.48,51.14,5.31,398
35.41,52.61,16.34,32.97,0.6,51.66,9.9,26.06,20.2,3.54,154
51.09,112.02,21.21,29.53,1.05,20.73,24.68,42.72,49.31,0.87,227
54.06,106.91,13.39,18.63,0.32,43.39,14.5,32.41,32.0,1.04,182
89.65,194.16,57.61,1.0,0.44,76.91,11.3,48.0,58.44,1.49,330
39.14,61.3,44.94,22.22,0.89,30.14,2.27,37.14,54.4,1.66,179
120.5,174.5,35.42,23.91,0.89,36.65,7.1,29.33,96.77,3.38,367
169.07,296.33,10.13,4.7,1.95,7.22,6.21,19.03,42.21,0.99,484
92.75,161.87,38.49,19.77,3.2,39.39,3.3,36.07,74.08,3.6,354
49.39,71.98,30.48,15.36,0.29,47.4,16.54,21.01,56.82,2.62,198
32.86,64.4,104.63,8.44,0.64,65.03,19.9,19.31,77.88,1.21,251
27.02,43.93,6.04,15.35,0.63,99.8,17.48,25.76,96.02,1.67,161
9.2,13.5,20.03,29.13,0.85,31.45,13.51,21.31,51.49,1.29,78
55.31,88.44,13.57,6.34,0.49,12.84,8.31,35.76,46.99,1.46,169
52.97,95.73,31.21,6.24,0.17,34.1,13.7,22.63,56.25,9.92,189
115.72,226.1,5.34,15.13,1.19,66.98,32.09,36.45,9.93,4.66,386
41.23,71.48,40.53,8.36,1.2,2.0,7.23,29.09,57.0,2.4,164
57.66,102.24,5.28,3.85,1.57,16.67,2.48,25.08,34.01,6.62,164
79.8,113.72,31.6,24.27,2.73,19.57,3.32,25.96,44.24,3.92,280
91.74,194.78,17.81,15.71,1.19,21.3,43.33,23.54,45.31,0.64,352
107.15,228.86,11.25,1.11,1.67,24.31,21.06,32.22,71.01,1.45,319
74.38,142.44,8.66,20.88,3.01,25.02,11.7,29.33,55.54,1.17,265
20.87,27.46,13.43,19.33,0.63,52.48,13.37,19.59,45.77,1.73,111
86.37,154.03,18.33,14.06,0.63,64.34,24.6,20.98,43.31,0.76,268
,72.55,23.62,9.33,0.68,106.43,1.84,19.65,45.77,4.29,197
144.24,316.63,26.01,8.67,1.88,55.09,4.42,32.44,85.79,0.22,461
66.36,145.75,20.28,18.71,3.83,10.6,45.72,37.51,43.73,3.42,283
77.54,160.64,17.3,2.96,0.74,33.2,32.62,35.35,75.44,3.04,247
285.42,387.44,68.81,16.31,0.95,61.37,8.39,29.97,45.02,1.56,500
108.38,233.89,38.68,19.16,0.89,32.28,3.31,35.78,5.0,3.7,367
85.31,157.94,14.89,23.6,1.4,14.25,40.83,28.62,8.01,0.3,273
58.93,119.09,21.87,6.08,2.32,78.86,18.11,30.54,39.12,2.76,261
22.53,37.55,11.61,7.32,2.99,46.44,14.41,23.48,74.45,13.12,141
55.84,88.66,18.39,18.3,0.82,76.34,13.78,23.52,46.59,4.77,198
32.52,55.83,6.77,5.95,0.5,54.41,24.07,27.93,34.66,1.75,156
182.14,260.86,25.11,3.01,1.11,56.1,16.89,38.85,49.89,5.74,497
86.08,139.57,84.54,10.01,0.87,36.43,7.82,38.06,67.23,9.41,338
140.89,291.9,26.25,39.2,1.64,29.11,6.93,31.18,36.23,1.14,452
40.3,53.76,26.18,12.37,0.57,19.21,27.93,24.86,55.97,6.41,133
34.53,49.58,20.29,1.49,0.48,52.17,5.93,20.4,37.8,1.03,114
101.5,143.37,8.28,13.77,1.12,22.29,6.94,30.47,80.28,4.58,286
31.42,52.24,73.32,9.41,0.58,14.91,11.41,47.27,93.67,4.55,153
46.57,102.32,28.33,4.18,3.03,11.72,28.52,21.57,64.42,0.55,207
187.6,273.14,35.35,7.39,1.34,57.28,15.92,25.29,35.86,1.22,500
48.03,68.72,17.26,32.92,0.65,12.34,17.84,33.2,42.15,0.59,167
18.27,38.8,36.17,4.53,1.28,60.21,3.34,38.58,51.37,4.2,133
12.13,25.39,73.01,35.75,3.2,66.96,21.03,32.16,15.76,2.32,162
16.16,21.48,57.21,11.68,0.35,53.03,33.78,26.04,72.36,2.63,161
146.22,289.0,2.0,8.53,0.47,10.77,30.88,22.17,12.72,2.34,407
42.34,80.01,54.76,9.04,0.18,62.65,34.12,36.15,18.6,2.8,208
279.9,557.27,10.13,9.54,1.14,40.59,12.83,18.62,37.76,1.43,500
170.3,297.18,10.76,34.66,1.32,24.26,10.69,8.93,29.58,4.2,496
215.87,473.25,9.78,1.0,2.36,20.06,16.49,39.34,73.38,7.78,500
127.56,170.86,31.8,8.49,0.92,33.77,16.32,33.72,54.71,1.65,379
97.96,148.01,25.98,9.44,0.9,62.28,11.33,16.38,56.38,2.47,308
33.5,55.5,37.38,18.98,2.77,42.43,23.53,32.27,67.51,2.72,178
65.17,111.11,23.74,11.2,0.81,58.85,8.92,23.73,97.66,2.38,247
104.61,222.74,10.15,12.07,0.37,27.58,26.83,17.68,37.96,1.6,329
122.49,220.97,39.73,37.06,0.49,31.87,63.25,28.85,53.47,3.24,416
24.53,32.89,18.63,12.32,3.39,20.13,19.23,21.35,73.7,4.53,131
56.5,94.2,40.47,8.0,2.64,26.24,1.0,22.01,30.02,5.55,227
61.46,102.93,28.57,12.0,0.54,67.74,34.51,19.48,67.98,2.71,228
59.68,129.45,25.39,12.68,1.61,27.67,39.13,28.52,33.13,0.51,248
27.58,50.72,82.18,2.97,0.54,33.32,11.03,34.81,58.07,4.99,140
200.15,374.69,3.63,25.9,3.79,44.69,40.99,20.04,55.93,2.04,500
55.09,106.98,4.0,16.06,0.62,33.02,30.17,30.18,49.06,1.53,174
29.36,58.51,13.49,4.89,0.39,103.94,43.77,29.98,34.4,4.27,152
203.24,380.37,40.82,15.59,0.69,27.0,1.1,18.13,70.2,6.68,500
170.4,257.9,15.2,2.35,1.22,21.48,23.18,27.62,67.45,1.81,444
72.3,150.87,19.09,17.18,0.4,42.73,14.88,33.1,34.75,10.28,245
45.49,89.1,4.28,19.95,1.48,66.67,5.33,34.99,78.26,1.52,174
14.9,29.31,39.62,44.0,0.31,31.43,8.88,26.29,63.3,7.69,85
93.1,204.53,4.57,4.88,2.12,36.18,9.78,19.5,73.52,4.44,309
43.03,87.01,17.33,12.24,1.75,6.81,3.59,28.18,33.93,0.59,156
64.03,131.01,2.34,10.57,1.9,17.86,16.26,29.17,43.04,2.56,201
192.01,414.02,45.9,6.75,1.13,63.43,50.34,21.56,40.29,8.35,500
40.56,58.24,4.15,5.12,1.35,11.69,18.59,14.74,80.43,2.59,80
90.41,158.03,16.38,10.17,1.43,5.65,27.67,32.62,55.43,0.66,264
109.24,199.09,13.71,12.82,1.06,47.33,16.2,28.81,36.71,1.99,359
143.32,228.79,35.54,7.48,1.28,11.63,9.26,18.82,42.52,2.93,395
60.66,124.68,26.5,15.45,0.3,72.23,9.98,38.56,24.24,2.78,215
56.07,111.36,79.07,11.43,0.41,68.61,14.83,29.76,78.4,5.25,275
55.09,107.36,6.02,4.67,1.17,34.35,27.18,15.76,86.36,0.32,188
84.52,185.73,54.68,21.66,0.36,22.9,15.45,31.05,21.3,7.18,319
165.86,254.34,62.67,20.45,0.83,69.82,7.41,36.58,49.59,1.26,500
53.21,104.39,77.12,10.17,0.34,32.17,37.48,24.94,43.36,1.32,264
4.46,8.0,23.76,1.0,2.25,92.95,30.14,40.06,33.73,1.24,103
117.38,185.66,7.29,2.32,0.24,,10.38,26.1,59.85,7.66,311
68.59,99.08,32.91,26.69,0.97,19.28,27.11,34.87,90.31,1.74,254
,196.39,4.91,37.85,0.2,13.79,33.79,11.29,62.15,1.55,324
15.48,28.42,50.46,24.82,0.16,7.22,42.56,26.91,100.0,0.1,122
43.16,88.15,21.7,5.83,0.69,46.4,14.8,35.93,63.84,4.95,147
111.15,199.05,30.2,20.76,2.09,55.86,39.92,13.21,55.35,6.89,408
21.84,32.71,76.92,19.1,1.02,118.45,9.2,38.18,39.25,0.91,177
90.27,144.78,26.28,19.35,0.86,26.56,11.58,33.98,81.65,8.12,301
63.64,104.59,7.39,10.92,0.19,27.57,19.95,33.17,50.64,6.55,174
36.13,78.6,21.86,12.56,0.2,48.03,17.19,29.8,67.58,0.83,190
33.74,44.04,14.08,2.53,1.33,36.62,17.07,19.8,51.43,3.85,133
27.8,60.81,28.45,53.54,1.2,23.43,33.14,28.33,68.39,3.6,188
68.33,149.12,16.98,2.33,2.27,76.27,18.91,28.7,16.02,1.53,260
74.14,162.85,12.56,7.44,2.42,31.11,20.65,12.09,77.57,4.81,269
49.31,85.25,22.45,47.75,4.5,6.38,31.62,23.62,69.46,5.24,256
26.31,57.02,7.09,9.02,1.23,28.99,52.9,25.88,37.97,7.46,151
88.51,146.58,20.92,10.13,2.75,61.18,18.27,30.76,61.99,1.39,299
118.79,157.24,34.4,11.47,3.84,64.18,20.27,23.07,49.54,3.39,392
99.64,149.65,65.25,12.94,0.92,74.15,25.46,23.76,13.29,1.89,334
221.37,476.12,14.38,4.15,1.24,43.33,53.45,20.43,23.99,0.26,500
56.97,74.77,88.19,18.56,0.48,36.2,18.07,43.68,43.51,4.38,248
,278.74,30.57,17.86,1.5,107.91,32.59,18.59,38.46,2.89,500
39.06,53.43,17.83,10.51,0.43,43.45,25.84,16.87,62.04,0.97,107
34.08,53.09,19.66,16.61,0.61,53.47,10.38,31.53,77.35,3.37,151
71.38,98.45,23.15,5.38,2.53,78.2,20.0,21.53,45.71,1.16,243
177.89,368.86,16.18,32.98,0.67,13.94,13.37,17.23,44.68,3.33,500
52.35,95.9,12.84,64.54,1.67,44.63,18.17,25.54,26.52,0.55,225
15.47,32.66,27.88,7.78,1.69,25.24,20.97,26.81,55.88,0.95,116
117.31,225.19,3.5,12.14,0.14,26.24,9.12,30.7,67.78,1.67,324
61.68,134.09,11.01,4.1,1.81,6.9,22.21,28.49,38.68,3.68,213
80.69,141.92,40.11,19.46,0.74,38.68,60.07,27.6,62.7,2.37,276
35.57,66.7,2.73,7.87,0.57,20.5,37.59,30.47,71.31,5.55,128
70.9,128.95,31.64,7.9,1.14,17.29,9.65,32.87,,6.41,235
17.87,31.01,25.27,18.73,0.76,22.04,24.64,23.0,70.98,3.39,90
202.09,416.58,13.75,13.95,1.84,25.61,2.89,23.34,33.17,3.12,500
131.78,247.77,16.71,5.55,1.55,65.57,21.26,32.23,,0.57,447
68.63,138.72,22.3,1.02,3.19,54.26,5.82,25.07,88.91,6.61,254
115.18,231.26,32.5,8.31,1.05,78.87,26.19,21.6,23.19,0.47,411
39.14,57.61,30.41,2.33,0.91,20.55,30.22,22.29,50.5,7.6,171
128.0,241.3,52.22,21.86,4.69,71.02,8.35,16.71,60.17,0.7,494
50.6,74.87,29.11,9.87,2.0,53.74,9.51,29.91,78.8,1.97,204
47.87,87.36,59.11,7.36,0.89,39.45,4.5,39.84,36.32,3.25,191
29.48,56.29,3.28,5.66,3.23,17.74,21.61,33.73,46.7,4.26,125
87.75,192.84,51.54,14.24,1.34,62.79,20.7,22.45,33.3,1.71,353
66.5,88.28,17.94,9.17,0.67,36.08,8.63,12.46,66.36,1.87,166
158.8,219.49,26.75,21.62,0.55,72.72,19.96,19.73,5.0,2.16,462
26.56,36.37,37.15,9.77,1.02,15.46,36.76,26.37,74.28,3.64,147
88.03,146.0,9.16,21.13,1.22,80.29,12.31,32.51,67.17,2.5,306
140.15,285.83,19.57,7.42,1.06,69.87,15.62,32.29,41.97,2.74,447
75.08,154.63,55.28,13.94,1.21,56.85,16.23,24.08,46.25,2.7,288
49.86,97.89,65.07,3.28,1.85,82.55,9.94,26.56,54.23,5.99,257
73.72,155.35,13.66,10.53,0.63,74.13,25.49,22.75,25.8,4.37,244
150.76,239.8,35.36,34.15,0.25,70.99,18.6,23.53,55.34,2.61,473
150.72,207.9,16.42,3.56,0.42,21.49,16.86,28.74,55.21,7.08,391
59.85,80.94,5.29,17.43,1.52,33.05,27.09,23.38,36.45,0.43,181
149.05,308.07,62.1,34.59,0.62,44.15,6.23,18.24,84.91,0.91,500
64.25,125.75,9.15,6.23,1.15,39.42,15.9,27.67,21.16,0.84,227
114.34,220.53,108.87,8.63,0.59,44.78,22.08,31.23,43.33,5.05,444
95.12,152.74,6.76,6.0,0.66,41.91,5.84,23.65,95.33,1.08,277
48.33,79.36,50.58,20.75,1.25,71.8,6.25,43.87,27.45,4.34,219
30.41,65.75,48.82,21.98,1.58,26.61,11.31,26.4,73.05,3.9,173
142.53,193.48,16.55,28.66,1.11,29.21,77.85,21.29,46.66,4.73,412
168.42,336.23,29.57,36.76,1.46,16.12,19.15,39.73,73.51,2.23,500
86.6,136.72,16.93,3.0,0.31,79.77,17.11,36.97,54.15,1.94,259
64.18,85.69,11.19,21.64,0.89,46.29,23.15,43.86,68.72,2.03,203
23.62,46.48,33.46,30.1,0.75,51.01,18.45,26.76,53.86,4.88,132
140.17,223.97,43.56,26.7,1.62,55.95,12.65,24.43,56.08,1.3,456
79.84,155.68,12.77,5.26,0.57,74.47,3.48,26.46,53.58,0.8,289
53.72,104.05,62.17,20.99,0.25,7.53,18.53,31.44,58.23,2.15,216
116.48,207.49,28.92,21.17,0.24,148.29,10.47,35.48,49.73,1.52,402
19.79,39.58,23.51,8.69,1.04,27.44,13.33,34.15,57.64,1.42,106
28.22,51.45,24.07,14.05,1.35,42.05,45.32,27.12,35.33,2.29,151
37.99,59.18,60.96,1.0,1.23,136.51,47.8,32.08,30.59,4.87,227
93.12,182.58,18.45,17.06,0.78,15.27,4.43,20.19,34.9,2.81,303
74.3,135.99,19.18,10.59,0.71,50.6,11.37,20.59,78.54,2.84,259
100.63,131.97,60.03,12.46,1.29,57.85,5.64,27.97,53.89,2.1,357
134.06,283.07,63.26,11.09,0.48,54.51,5.77,11.47,40.1,1.86,467
103.06,184.59,48.13,10.19,0.82,42.59,19.99,27.02,75.21,5.25,321
204.8,426.35,7.55,3.52,1.05,26.3,9.24,33.72,40.1,3.39,500
133.86,280.36,86.73,7.19,2.95,94.26,23.73,29.73,16.05,3.4,500
59.74,101.59,26.97,16.82,0.16,38.24,11.71,36.82,58.02,1.62,232
42.93,75.43,22.98,27.87,0.64,15.99,33.59,24.06,45.57,2.46,168
61.1,102.29,48.29,5.28,0.85,8.05,18.55,16.83,34.44,1.21,224
105.47,179.77,31.77,14.9,2.55,51.38,27.0,21.49,75.4,1.11,369
46.64,98.21,17.04,11.91,1.22,37.21,17.2,27.65,74.38,9.64,206
107.41,215.83,69.41,26.56,2.01,57.61,22.52,38.81,55.05,2.53,436
99.4,140.54,22.86,10.61,0.17,17.71,23.22,40.27,18.73,1.92,275
30.03,55.54,26.41,33.73,2.24,39.55,23.14,12.95,44.38,4.1,185
132.24,290.44,69.02,9.64,0.42,34.36,38.3,25.47,63.53,2.46,473
84.52,155.17,46.12,9.25,1.39,80.22,47.42,21.63,61.09,5.33,327
198.55,398.54,38.24,5.93,1.06,24.17,32.35,22.41,67.61,4.21,500
64.41,128.31,16.41,19.85,0.51,8.21,4.19,25.41,49.88,4.31,216
51.88,83.8,33.01,31.37,0.16,110.18,16.88,21.65,41.79,1.21,216
26.79,43.79,34.53,7.92,1.96,2.0,10.53,31.16,61.19,1.43,118
26.42,51.56,33.93,9.45,1.4,45.3,9.44,38.48,60.05,7.95,138
122.13,213.72,23.41,5.8,1.69,59.79,6.84,38.18,52.51,2.3,397
186.02,337.35,12.78,2.53,1.5,46.8,1.51,21.48,88.3,3.11,500
60.46,117.4,50.87,6.42,0.2,17.5,26.93,26.01,53.09,3.21,245
57.59,115.17,15.84,8.94,0.67,28.65,6.71,38.12,35.79,3.53,190
68.74,106.16,25.38,25.68,1.41,34.61,28.08,30.37,23.82,5.87,232
138.13,197.82,2.0,6.02,0.31,37.72,15.02,35.99,46.03,9.46,359
30.26,47.29,45.22,9.41,0.95,,30.0,31.42,18.13,1.36,157
77.41,135.99,10.85,13.1,0.6,60.0,17.55,34.16,66.94,1.85,246
123.94,199.29,34.55,4.29,2.03,38.18,9.08,23.54,36.26,1.59,375
92.34,167.28,7.95,18.39,1.49,112.76,13.26,22.52,63.16,3.46,323
2.58,5.0,21.17,9.16,0.81,28.26,45.0,13.68,60.53,4.9,35
103.41,181.87,19.56,7.38,0.84,4.64,15.35,18.71,86.48,5.35,274
92.95,151.63,10.98,29.93,1.11,22.57,10.65,24.38,53.49,0.87,283
155.49,276.97,29.4,32.45,2.43,4.4,4.45,13.59,88.09,3.88,491
176.73,296.96,6.32,5.07,0.57,83.01,28.69,33.21,28.06,8.04,473
150.54,234.21,41.7,21.07,0.5,38.28,24.77,27.32,42.68,0.55,446
69.01,145.86,43.36,39.92,0.83,33.69,21.1,25.0,51.78,6.2,262
14.77,21.65,12.04,10.22,1.19,82.17,8.72,26.1,74.6,0.9,80
57.28,109.59,60.39,14.46,0.12,39.45,25.62,34.93,100.0,0.4,231
67.44,143.8,21.54,11.93,0.1,58.16,31.61,20.15,11.59,0.41,263
184.53,329.35,10.03,21.45,2.3,55.09,6.13,18.52,100.0,3.36,500
35.87,74.93,4.41,6.31,1.58,60.35,6.39,23.72,66.59,8.78,109
20.36,28.75,58.12,6.29,0.2,111.57,47.64,37.46,57.78,0.79,119
46.88,81.78,13.51,6.75,1.12,35.11,22.75,21.64,51.95,0.56,182
37.5,64.18,18.43,5.07,0.39,110.93,6.27,28.95,35.95,1.1,197
18.52,24.21,17.03,5.05,0.94,7.74,2.31,22.95,46.47,1.16,68
61.44,104.38,49.22,10.54,0.75,47.94,11.51,12.21,45.95,3.11,227
69.36,113.2,36.08,8.41,0.29,44.61,10.59,19.39,33.57,3.15,246
17.48,33.26,27.0,15.51,1.5,44.16,25.02,19.39,69.17,4.96,124
51.63,110.73,6.95,6.48,1.16,42.89,2.81,28.83,44.75,3.15,198
35.56,48.98,71.18,15.08,4.91,61.31,6.74,32.55,62.34,5.93,239
70.99,113.21,36.74,11.59,0.52,26.77,44.75,14.07,68.12,1.11,255
76.07,129.29,37.37,39.67,2.75,21.45,20.48,26.3,69.13,2.09,293
35.57,60.81,7.86,11.08,2.64,28.02,36.9,25.77,54.04,2.76,157
131.48,262.6,9.5,16.24,0.58,67.29,13.61,41.4,46.41,0.73,387
66.36,112.75,26.33,4.47,1.0,20.37,4.36,26.78,73.54,4.3,238
36.98,48.97,26.86,5.29,2.86,69.9,2.59,33.91,69.87,1.64,188
16.39,31.78,10.97,35.02,0.6,62.71,22.96,16.61,48.03,0.63,99
78.96,165.52,7.99,18.19,0.77,15.34,20.38,24.09,21.97,1.65,251
92.8,163.57,15.47,16.24,2.89,78.75,10.57,15.96,12.71,1.58,325
44.85,81.76,19.24,10.99,1.13,,13.65,23.62,86.23,1.14,167
72.61,105.04,7.04,12.41,1.0,112.41,11.4,26.43,59.07,2.25,217
176.73,264.84,37.58,10.33,1.03,10.47,49.08,14.88,33.11,1.77,500
118.29,178.81,39.18,18.02,0.99,60.3,15.45,32.98,18.38,1.68,344
7.0,11.82,34.93,11.82,0.38,59.31,5.67,30.82,79.38,4.19,99
36.62,78.21,7.46,20.81,0.95,94.43,4.75,33.08,51.34,7.95,187
59.26,104.86,15.28,5.55,2.13,36.59,7.09,28.36,78.84,2.22,209
69.08,101.74,42.74,11.32,0.63,78.24,14.31,19.32,49.06,9.27,246
73.73,113.51,28.43,3.8,2.19,140.65,18.41,33.31,97.89,1.76,261
88.83,146.18,61.05,25.23,1.26,22.12,1.13,20.41,78.05,1.13,309
60.73,113.02,55.22,17.08,0.54,26.14,6.92,16.14,29.01,3.73,208
66.24,112.34,24.18,2.66,0.65,29.27,18.69,23.58,85.81,2.14,224
122.33,202.24,15.0,16.04,2.76,35.3,19.72,25.34,31.37,6.23,366
80.05,144.75,41.37,10.38,1.05,18.74,25.8,28.01,62.85,0.91,273
24.48,37.16,44.3,25.73,0.83,27.93,13.78,20.4,72.03,1.53,120
70.66,96.88,48.14,23.77,1.86,42.83,1.25,37.76,46.13,6.97,266
59.38,78.5,28.12,30.59,0.1,,5.48,30.34,29.14,1.49,215
10.34,15.78,13.46,21.24,1.97,46.0,15.13,31.67,23.31,5.33,59
73.28,101.3,34.55,10.9,1.99,15.43,37.82,34.57,49.27,1.92,205
27.48,44.05,35.67,14.3,1.03,98.48,17.0,29.02,69.41,2.58,154
123.52,246.5,40.45,7.38,1.17,67.06,5.45,29.2,64.61,2.91,418
87.96,171.06,16.37,9.34,0.6,79.56,18.44,25.72,58.2,2.37,292
23.26,43.03,34.31,19.13,0.69,35.94,31.99,25.93,55.08,2.4,138
119.88,247.82,5.93,3.5,1.55,47.15,17.32,31.28,56.15,2.13,403
157.1,244.12,43.2,16.02,0.77,76.22,28.46,18.3,31.1,4.06,471
54.09,113.4,27.35,17.94,1.25,44.62,9.2,19.83,95.11,1.07,241
59.12,98.1,14.57,19.87,0.84,61.66,10.71,41.71,71.85,2.73,197
112.28,186.48,59.4,6.95,1.66,15.89,4.9,25.26,74.19,6.39,358
149.66,249.16,18.28,34.07,0.29,18.35,39.74,48.0,43.79,1.5,426
13.72,19.05,27.57,17.82,1.98,80.62,6.77,32.6,51.98,2.96,103
25.82,56.23,15.97,24.36,1.05,120.14,15.39,30.85,47.82,0.91,175
47.59,67.8,25.46,3.5,1.94,17.32,21.15,21.36,56.94,2.73,190
51.68,83.04,36.12,2.29,0.36,18.59,10.54,24.98,77.43,1.25,138
110.16,174.86,17.05,3.4,2.1,49.68,36.4,13.73,64.88,0.21,325
150.16,205.3,21.39,12.55,0.38,49.64,17.25,27.66,18.6,4.52,428
157.38,226.16,42.65,20.39,1.7,53.48,15.6,21.35,71.67,2.38,461
13.37,17.92,3.59,8.97,1.38,26.87,27.28,23.71,10.01,2.03,75
33.88,52.96,44.51,9.39,0.55,45.42,47.09,23.03,56.12,5.5,154
40.9,85.07,50.6,1.29,1.9,73.12,16.39,19.23,48.39,5.16,190
33.76,54.21,10.0,9.42,0.56,41.48,14.15,7.45,40.93,3.3,121
87.78,123.89,4.67,9.1,0.83,63.95,31.66,26.1,12.23,3.32,226
95.09,178.88,7.71,5.48,0.48,70.25,34.04,25.87,51.58,2.43,290
65.64,144.21,11.38,7.6,0.74,73.02,2.67,15.03,50.53,1.86,251
61.2,92.35,8.61,30.53,1.08,18.15,15.52,22.96,35.21,0.75,196
49.19,76.32,38.13,13.45,0.54,63.55,10.74,24.33,54.51,2.98,182
53.72,116.83,22.44,11.97,0.99,13.8,5.77,29.75,44.34,6.74,177
175.47,256.35,31.03,7.32,1.79,64.25,3.5,22.33,60.63,3.51,500
104.65,184.19,47.77,15.39,0.33,64.07,18.18,29.68,59.02,2.84,372
50.64,76.75,41.05,19.36,0.52,165.93,6.38,33.4,58.91,1.19,250
60.34,129.06,68.43,8.9,1.25,39.44,39.21,20.81,78.55,1.88,272
89.17,194.68,54.17,10.04,0.25,35.92,51.26,18.92,16.08,3.92,331
23.26,47.29,20.62,22.89,1.86,19.62,25.86,18.31,44.6,3.81,125
72.41,114.65,34.55,46.33,2.8,16.51,26.37,30.43,37.9,2.67,250
100.84,167.71,70.07,3.18,0.94,53.95,22.49,24.55,55.3,5.17,341
92.33,140.16,18.27,11.09,0.71,47.84,8.37,24.09,76.6,4.18,259
34.44,72.38,36.65,9.97,0.98,24.88,19.15,27.89,83.61,2.35,146
39.91,84.74,83.76,22.79,0.82,65.07,4.66,13.77,40.62,4.01,243
9.03,15.15,39.7,11.48,2.17,31.8,37.67,30.59,58.08,1.01,114
108.02,204.25,10.38,24.88,0.87,33.26,22.19,23.52,78.69,4.93,320
223.17,323.37,4.94,2.36,1.72,61.78,25.46,22.05,26.01,2.05,500
30.49,51.58,12.33,16.98,1.0,9.99,42.37,25.15,11.93,1.47,156
133.39,249.21,21.75,22.8,0.45,75.94,23.18,29.37,64.07,0.84,433
210.85,347.24,79.1,1.97,2.06,4.26,32.49,23.93,68.61,4.38,500
45.51,73.81,49.51,16.65,1.95,9.93,38.22,20.77,43.14,3.51,204
60.4,78.57,18.02,3.98,0.5,31.05,22.65,34.42,74.6,6.97,209
78.23,158.33,10.9,10.08,0.83,6.54,16.34,20.86,81.85,2.99,257
90.35,189.77,10.79,9.32,1.64,13.47,14.8,18.24,56.38,3.34,321
81.2,176.41,94.4,4.17,0.9,27.32,19.79,23.58,59.19,3.79,330
48.34,94.13,9.6,12.65,1.91,11.56,31.8,26.9,36.57,2.01,173
99.79,179.02,44.1,9.27,0.77,30.93,59.49,18.84,72.5,1.04,349
49.2,75.89,42.41,7.46,0.51,42.18,1.0,26.2,60.51,2.01,167
85.08,187.11,20.26,37.63,2.2,51.95,11.72,31.19,86.2,1.52,300
63.94,117.07,8.85,23.02,0.23,34.94,18.23,34.47,33.04,3.77,172
11.94,22.83,35.0,15.49,1.82,2.0,18.86,16.27,59.04,1.53,98
146.16,279.78,75.15,8.77,0.46,48.99,48.01,30.94,72.16,0.31,500
40.79,84.05,7.8,2.58,1.38,81.74,13.9,24.05,79.25,1.09,177
155.56,203.58,26.42,6.18,3.18,25.63,10.91,27.97,48.78,2.33,420
129.96,194.71,40.87,6.47,0.12,62.94,19.25,20.83,48.22,0.98,374
76.6,145.46,71.95,34.74,0.54,21.02,9.19,21.17,61.44,1.04,301
93.56,196.99,3.72,2.25,1.53,41.15,9.08,24.62,74.71,1.78,265
101.3,194.17,37.47,8.46,0.53,60.69,8.09,22.64,46.7,0.4,342
56.34,94.21,70.95,16.98,1.76,21.08,14.99,21.24,44.85,5.98,244
58.36,94.86,44.3,13.02,2.05,38.15,22.12,19.81,73.58,2.3,242
98.03,192.54,14.96,9.06,0.5,47.47,29.55,27.21,53.55,3.38,304
64.44,126.77,27.3,5.42,2.66,40.04,15.68,24.13,28.19,1.22,242
48.46,89.47,48.87,16.48,2.5,34.8,45.67,16.66,55.4,2.75,201
34.91,54.53,51.28,9.8,0.41,25.25,22.0,20.49,49.65,3.47,173
86.8,185.1,43.76,34.9,0.82,94.09,7.24,32.63,77.54,4.5,345
39.71,71.35,29.36,11.63,1.02,99.52,27.41,17.53,39.69,0.9,201
115.86,233.04,23.34,38.39,0.93,60.45,14.16,32.84,63.16,1.62,372
122.33,182.63,53.87,13.96,0.55,20.71,33.38,23.2,58.22,3.99,389
93.07,149.81,35.34,7.95,0.46,49.85,22.62,33.35,57.05,3.03,306
106.5,222.28,28.03,7.33,1.02,41.83,15.61,23.26,87.06,2.49,342
93.26,125.44,13.78,11.27,1.98,18.69,12.29,33.77,91.0,0.78,294
111.57,196.48,13.04,5.68,0.78,10.54,9.11,37.03,69.05,4.98,297
108.45,188.0,23.92,5.06,1.68,23.05,37.61,28.67,51.98,0.56,356
83.62,165.24,39.27,22.24,1.75,22.71,29.84,27.24,60.18,3.02,317
131.03,203.58,37.27,15.9,0.62,61.89,31.84,33.7,69.92,2.18,400
57.84,86.6,35.67,4.85,0.49,56.11,17.66,26.59,59.79,0.89,217
35.79,76.37,26.84,18.55,0.26,196.89,5.19,20.11,63.15,2.36,224
34.29,62.23,50.59,9.43,1.2,70.99,2.34,18.79,25.46,1.82,188
51.69,72.06,57.45,16.04,2.01,50.66,22.8,28.44,74.92,0.75,250
10.17,14.99,9.6,17.07,1.47,31.28,5.34,23.94,92.47,2.39,40
76.07,167.28,15.88,6.65,2.1,44.6,34.88,29.11,67.12,3.79,277
102.2,150.85,92.92,41.43,0.88,11.05,57.41,28.18,59.5,2.13,379
121.2,224.16,22.74,6.85,0.19,9.89,16.3,20.63,100.0,1.64,335
14.67,24.62,23.26,16.92,0.38,57.69,30.2,29.68,36.44,3.91,112
35.23,73.87,12.81,6.1,0.34,24.99,13.28,34.82,80.6,3.73,126
113.57,224.82,51.5,9.88,1.61,55.69,24.81,26.43,41.73,4.93,392
56.5,103.8,108.53,10.5,1.21,50.0,33.95,22.89,83.97,0.94,294
100.67,131.85,12.84,22.04,0.63,29.28,21.19,20.29,22.76,2.05,306
22.18,46.41,53.75,13.66,0.27,85.91,5.56,33.31,84.28,0.83,188
154.39,262.49,11.28,19.45,0.67,7.98,27.23,21.03,65.17,2.02,455
20.6,44.06,48.35,12.85,1.33,6.04,4.41,38.06,43.0,1.55,111
74.53,130.12,11.51,26.43,0.73,20.94,7.87,26.87,33.63,3.87,219
75.88,146.06,3.42,17.34,0.73,80.96,62.52,30.7,76.55,5.55,264
44.53,60.67,92.21,14.07,1.26,21.65,32.13,24.1,100.0,2.86,233
90.86,179.06,17.57,16.03,0.75,32.39,18.15,33.69,60.57,8.03,306
92.61,148.56,6.56,3.01,2.99,25.27,58.45,21.06,48.96,1.04,300
85.95,138.92,29.38,4.51,1.99,69.19,12.25,35.21,73.94,1.92,295
43.89,61.75,39.67,14.42,0.35,60.79,31.67,21.17,5.0,2.64,193
37.43,53.6,55.28,12.2,2.42,31.72,36.25,23.13,89.16,0.58,185
47.65,69.91,21.8,24.51,0.87,20.52,1.0,24.65,67.55,0.52,179
33.37,53.24,20.78,1.0,1.48,19.05,17.32,42.53,77.39,3.85,128
134.94,283.74,17.77,11.66,2.81,15.24,10.39,23.45,69.5,4.5,450
50.87,83.0,27.26,3.41,0.1,15.55,1.33,25.89,72.18,6.17,126
73.04,142.57,42.79,14.09,1.88,94.17,55.02,35.98,47.61,8.23,304
113.26,155.68,32.89,15.27,2.2,93.32,19.98,34.71,36.79,2.18,371
32.02,58.66,17.21,18.97,2.27,39.6,2.62,34.95,22.54,0.61,177
19.79,34.32,26.24,4.82,1.7,6.44,22.02,18.03,70.0,1.85,123
33.47,72.96,8.48,2.61,0.38,74.68,32.52,24.67,29.67,2.32,132
78.71,162.27,22.29,17.68,0.74,109.05,5.29,32.81,71.43,2.57,311
75.03,128.26,19.95,6.44,1.2,23.13,16.9,32.28,56.36,2.25,253
85.84,171.48,55.58,5.97,0.27,30.7,28.81,30.36,23.51,5.09,315
60.52,89.19,29.41,11.71,1.03,98.77,14.4,18.82,37.29,2.44,219
4.34,7.84,22.54,3.65,2.14,11.43,34.09,25.53,95.62,6.93,82
59.12,80.83,24.98,17.26,0.87,85.89,7.71,17.83,70.58,4.49,230
123.22,198.8,22.28,4.25,2.15,153.92,18.82,27.64,16.76,5.03,422
144.06,216.57,10.14,5.41,0.89,71.75,3.94,26.76,52.74,4.65,386
69.67,135.64,42.23,8.2,1.21,51.82,50.42,25.43,50.64,3.29,285
75.23,130.98,2.09,4.71,1.1,36.0,8.52,29.95,46.6,1.72,246
99.42,196.46,17.45,21.29,0.35,30.19,12.89,26.56,7.35,4.29,320
141.47,249.51,13.52,20.08,0.59,54.67,41.62,25.03,,0.81,439
65.36,90.05,17.78,12.54,1.41,95.03,49.31,24.73,69.71,0.45,272
98.51,193.25,41.57,6.32,2.03,198.75,23.72,30.03,36.61,2.25,420
42.38,86.89,22.7,5.06,0.45,16.38,20.82,29.92,5.0,2.73,142
22.62,47.8,25.27,14.07,1.8,69.06,34.75,22.74,55.35,2.32,150
45.97,83.42,39.91,5.08,1.14,34.63,23.58,18.38,93.04,5.04,183
162.31,321.08,37.88,6.84,0.93,60.55,10.36,28.66,52.7,1.46,500
99.83,197.35,35.95,2.97,0.46,12.26,12.66,31.99,33.15,3.42,345
24.6,35.44,25.59,11.7,1.07,117.31,66.57,29.49,84.53,1.75,151
102.93,149.02,53.29,5.13,1.38,17.58,6.5,29.64,90.19,4.14,298
26.31,35.89,13.13,9.97,2.07,30.11,22.34,21.83,43.76,2.45,118
85.04,135.03,22.55,5.84,0.31,67.99,12.89,27.19,68.78,1.76,248
30.99,53.5,18.15,20.57,1.2,12.3,7.46,23.77,53.33,4.09,124
23.37,51.36,18.93,14.49,1.44,29.38,40.78,27.27,57.6,0.49,126
179.57,303.1,11.71,3.46,1.46,33.66,11.13,21.37,50.47,2.88,500
50.85,99.33,46.0,21.93,1.1,2.77,19.62,24.38,33.56,4.47,191
98.63,189.77,38.65,8.66,0.82,16.23,3.72,21.06,31.08,2.61,336
67.31,99.89,22.06,22.53,0.1,32.36,4.04,25.84,34.46,7.3,186
28.17,38.11,34.43,12.78,2.25,22.88,19.56,23.99,52.25,1.68,124
55.0,98.53,47.95,8.74,0.15,72.21,8.29,26.37,70.23,1.2,215
28.39,54.79,69.84,2.69,0.78,46.61,5.27,20.61,90.68,1.65,181
261.93,575.84,7.69,3.36,1.33,6.43,5.11,15.6,60.11,2.81,500
110.49,179.3,23.2,26.21,1.68,21.05,44.56,32.63,38.57,7.48,353
66.41,139.92,57.46,21.38,4.74,12.99,17.36,16.27,46.16,2.57,312
95.14,156.39,96.33,23.01,1.84,,25.13,33.18,81.19,1.44,363
105.86,203.3,32.26,16.72,3.05,47.05,7.76,22.39,91.59,0.93,364
106.05,194.96,45.11,2.91,1.47,94.24,8.83,34.26,30.74,5.73,365
103.08,138.92,2.0,6.44,0.68,19.17,15.99,31.68,38.42,0.81,288
97.92,134.2,33.5,36.14,1.69,65.05,8.91,23.87,55.16,0.72,362
70.33,92.74,21.43,30.73,0.75,18.04,6.42,19.92,93.31,3.8,208
170.93,279.25,42.09,4.81,0.84,2.69,19.65,31.52,73.53,14.39,476
73.53,144.95,72.7,8.51,1.51,32.54,26.58,20.44,53.19,0.93,301
67.8,98.68,25.39,20.91,0.9,33.21,20.41,19.18,69.79,2.78,233
73.98,136.51,24.45,2.09,2.43,12.85,38.92,28.77,75.82,2.7,289
77.71,121.22,15.96,20.22,1.78,21.39,46.51,36.26,42.57,2.46,249
14.79,29.83,2.21,12.72,0.81,40.19,31.27,11.93,46.74,3.24,88
33.18,66.98,17.06,63.0,1.21,80.4,9.17,25.23,70.06,1.76,187
60.52,120.91,7.14,23.79,0.49,31.17,16.28,21.51,39.84,0.73,180
14.05,24.9,7.94,1.86,0.54,75.94,16.53,14.24,69.01,0.85,100
66.34,103.23,33.91,18.49,2.06,21.18,14.56,26.1,76.0,0.81,252
77.0,156.19,9.1,27.98,1.04,38.18,29.31,30.66,48.8,1.04,288
21.7,31.85,27.07,15.47,0.47,47.98,7.81,29.83,47.96,1.42,90
40.07,62.54,89.1,14.78,1.42,36.82,40.76,24.98,45.17,1.14,235
147.78,216.58,18.86,14.69,0.32,34.01,34.91,42.79,73.44,2.61,421
95.79,182.66,7.98,23.27,0.43,72.87,1.4,29.2,82.02,1.33,314
92.17,176.75,75.29,14.1,0.77,48.15,18.15,31.92,59.82,4.17,361
136.43,257.47,11.34,11.35,1.22,77.46,11.96,25.96,38.62,0.62,446
33.72,56.45,17.63,15.06,0.73,40.59,10.87,39.84,43.92,2.57,115
21.76,30.25,51.02,2.69,0.82,23.59,5.37,28.72,61.91,0.41,135
124.83,264.65,9.82,11.54,1.09,2.51,25.65,24.21,11.3,0.83,381
,108.52,16.4,7.72,1.49,8.04,16.76,24.25,21.08,3.78,174
32.98,54.96,9.31,23.84,2.67,65.24,11.24,18.96,45.89,1.71,122
14.67,26.84,50.52,5.21,0.16,44.5,32.54,33.46,84.22,5.62,100
74.57,109.88,8.94,11.22,0.83,21.95,11.74,27.1,43.24,7.01,232
56.66,80.42,37.18,5.8,0.62,63.87,13.48,31.9,18.05,0.84,207
49.69,82.73,23.47,14.64,2.36,73.56,8.81,31.88,66.23,2.14,209
6.37,9.59,15.64,34.46,1.54,35.88,9.66,12.26,86.83,1.68,94
169.52,257.64,23.06,18.66,2.52,27.61,32.41,29.84,55.88,3.06,495
18.16,38.19,17.84,18.86,2.32,59.7,6.6,25.08,37.2,3.39,114
53.39,94.92,13.09,4.04,0.63,45.98,17.37,24.83,43.27,3.71,197
46.88,81.35,4.01,14.44,3.23,25.03,51.17,30.63,33.02,0.9,161
97.71,187.66,9.63,7.04,1.15,46.51,16.49,26.56,100.0,2.94,330
14.84,31.99,29.34,9.77,0.96,39.53,30.17,33.99,36.51,3.96,76
90.02,126.12,19.92,8.42,0.19,4.92,30.88,29.05,59.25,0.43,242
74.83,153.42,36.66,5.34,1.43,60.91,35.05,22.84,48.09,3.82,263
38.52,70.31,27.0,13.18,0.99,103.23,14.36,17.08,77.61,2.77,171
87.89,125.82,2.0,14.69,1.8,48.51,66.35,25.22,53.11,1.37,256
66.25,103.85,33.9,21.49,0.39,47.73,50.5,27.95,41.58,4.46,254
195.17,338.45,8.27,25.13,0.72,35.83,14.56,30.37,94.26,2.12,500
56.62,108.83,25.05,17.58,0.62,18.81,23.11,15.26,38.46,1.63,208
29.44,44.7,5.45,3.97,2.99,18.36,12.44,23.0,64.34,0.79,101
90.63,161.44,49.05,7.07,0.9,29.82,2.74,39.43,46.03,2.18,293
51.48,98.64,42.79,11.85,0.39,20.24,8.22,28.68,42.95,1.39,212
65.3,111.26,20.7,24.2,0.11,36.07,5.23,34.28,29.77,1.96,219
21.93,45.53,41.63,15.36,1.51,2.0,13.44,17.96,43.6,9.51,106
98.71,205.57,10.29,22.4,1.64,22.88,7.89,32.96,59.02,2.43,316
45.34,78.14,14.64,28.6,0.44,13.52,7.66,25.2,31.4,5.49,160
78.89,171.64,48.09,26.89,0.96,74.73,11.05,26.33,72.96,2.37,354
225.96,309.12,2.0,5.75,2.32,116.56,19.82,19.79,58.61,1.6,500
54.22,70.65,21.34,4.51,1.13,9.17,18.65,27.96,31.17,1.47,208
107.77,177.03,32.1,17.25,1.13,90.64,17.8,34.12,58.56,1.08,368
57.04,105.02,16.86,23.17,0.61,33.56,8.56,16.99,63.59,1.0,194
38.94,72.67,57.41,3.01,1.43,58.23,4.1,21.76,64.59,4.9,207
151.07,261.18,68.63,10.36,1.51,41.4,17.38,26.44,53.99,3.22,500
10.55,14.91,33.83,22.65,0.58,108.89,8.48,39.32,68.32,1.13,98
126.32,183.61,8.34,5.11,0.76,20.4,32.71,24.9,44.39,3.12,306
9.15,18.92,42.18,13.36,1.67,58.67,5.18,21.78,45.67,3.17,75
117.99,245.54,86.29,15.77,1.1,46.27,12.47,33.33,43.58,1.29,474
66.02,125.86,26.01,2.45,1.14,53.46,18.75,29.21,35.9,5.7,251
29.51,56.0,22.2,19.81,0.45,82.96,19.16,21.17,54.18,2.43,154
47.74,87.74,10.95,22.2,0.83,53.54,25.97,33.03,74.8,1.73,172
103.95,154.13,30.87,12.63,0.77,20.65,52.61,32.22,30.63,0.11,328
212.74,358.56,22.77,2.22,2.02,51.38,12.05,20.68,100.0,2.56,500
15.45,29.76,2.0,7.64,0.52,28.52,20.04,39.39,27.12,5.47,65
31.09,55.45,40.34,23.97,1.28,68.49,21.2,28.3,63.2,4.86,158
20.13,26.51,7.39,5.89,2.47,46.95,31.94,20.08,84.67,1.47,100
56.7,122.37,96.3,27.12,1.24,10.3,9.0,39.33,100.0,3.55,296
120.06,247.36,27.32,10.77,1.32,11.53,18.62,34.21,69.72,2.18,381
17.61,27.02,20.77,20.19,1.17,55.87,13.73,26.24,73.93,9.93,134
64.76,120.11,26.38,4.68,1.11,86.71,47.1,32.31,50.41,3.18,269
117.58,250.56,25.13,34.48,1.37,64.21,9.6,23.09,70.72,1.37,399
47.21,65.45,17.88,6.91,0.45,27.17,58.05,24.43,55.83,0.5,153
75.32,132.01,4.88,9.89,1.09,79.28,11.53,26.53,50.66,1.53,265
144.03,246.39,58.29,9.3,0.64,26.32,7.93,21.43,52.02,1.49,463
26.33,43.96,26.1,1.0,0.81,24.35,48.54,17.99,54.91,2.69,124
11.85,24.32,50.87,10.41,2.3,58.18,43.7,38.31,61.38,4.86,124
81.84,134.43,5.66,5.63,0.77,9.72,84.14,11.83,23.6,0.75,243
83.41,113.21,12.59,12.84,0.48,95.89,5.69,35.0,77.89,8.44,237
44.69,60.75,16.65,15.11,1.77,30.1,12.22,32.55,55.15,6.58,189
38.06,50.94,8.57,5.96,2.48,74.37,37.78,17.45,31.63,8.98,165
66.98,111.74,40.28,6.14,1.16,105.54,26.51,25.35,64.66,2.32,261
25.91,50.44,20.11,6.77,2.52,22.3,11.44,28.89,74.95,1.53,120
25.95,38.49,30.26,13.35,0.93,93.08,28.12,32.2,32.66,7.24,108
103.5,194.77,14.4,8.95,1.58,16.55,20.33,20.38,69.47,2.03,313
24.36,46.73,52.38,6.13,1.07,22.77,18.32,26.11,43.33,6.32,139
12.68,19.39,43.75,8.54,0.85,22.8,18.5,29.75,55.65,0.49,82
37.99,69.93,39.38,23.67,0.89,54.19,22.75,19.4,57.15,8.93,196
45.55,87.29,27.28,12.71,1.39,21.74,25.46,17.15,50.76,2.46,162
90.01,154.82,58.31,7.87,2.1,13.55,8.75,26.79,46.01,0.71,321
40.72,65.28,44.12,27.81,1.97,30.95,13.13,17.98,62.13,3.28,204
159.68,296.57,23.32,16.62,0.52,22.68,17.46,18.56,28.59,1.94,463
69.5,151.51,15.68,2.51,1.22,99.44,19.61,28.07,48.03,2.19,245
33.8,56.93,20.03,19.71,0.44,27.19,8.18,22.32,17.01,1.87,129
87.45,144.52,34.98,36.43,1.03,63.07,31.93,22.66,41.29,1.38,296
157.89,271.23,5.61,20.59,2.35,11.7,12.26,37.83,33.48,2.67,452
101.63,139.1,12.1,7.2,2.97,34.21,15.73,32.42,42.31,1.85,310
16.59,29.83,57.71,10.78,1.21,101.08,3.4,34.31,54.76,2.68,150
48.64,77.62,49.01,2.24,0.15,63.81,10.34,21.65,65.12,1.5,178
78.04,109.98,20.16,18.88,0.79,145.39,32.47,27.28,91.6,3.09,272
98.85,169.99,139.64,9.87,0.85,22.41,7.34,33.25,60.24,2.69,430
56.96,74.22,42.41,6.69,0.49,68.52,20.64,28.62,23.3,1.92,236
,85.02,26.3,10.17,1.81,2.0,23.73,32.25,41.75,1.18,181
194.27,271.03,49.64,2.57,1.24,69.37,5.57,22.64,35.71,1.94,500
102.63,135.66,15.12,2.91,1.71,35.18,13.17,21.54,28.66,4.51,287
,178.96,13.13,3.94,2.09,21.1,59.97,17.16,79.25,0.88,278
42.11,89.46,22.62,1.0,0.44,14.68,25.22,30.23,60.62,2.86,141
25.58,38.04,25.33,7.42,3.07,38.61,8.11,31.27,64.72,3.37,156
88.68,158.33,13.16,5.0,0.82,117.23,12.74,31.43,25.21,5.15,316
110.11,170.69,63.18,24.4,1.36,34.75,49.23,22.26,60.13,3.05,402
65.07,113.49,18.67,4.56,1.37,34.84,31.53,30.22,69.21,1.25,196
102.81,174.06,4.28,17.52,0.72,31.92,23.19,36.67,57.56,2.42,305
104.56,161.24,27.33,5.81,0.42,19.1,22.23,34.67,47.28,2.55,306
114.93,221.85,21.23,13.1,1.96,99.56,13.27,35.3,81.58,1.42,384
16.31,23.06,45.78,28.71,0.2,73.45,15.51,13.35,77.77,4.9,149
49.7,66.99,15.27,3.97,0.67,39.45,49.56,36.04,52.21,3.85,205
92.32,183.8,40.56,31.72,1.38,6.75,6.41,20.45,60.74,2.95,319
67.74,128.67,30.49,19.75,1.97,40.39,33.42,29.68,52.54,3.86,291
104.77,183.21,51.71,15.16,1.3,27.81,21.49,26.02,23.17,3.24,333
87.6,150.76,27.15,12.7,1.68,17.28,8.37,20.93,33.53,1.35,279
6.99,12.21,12.57,10.94,0.41,37.19,5.7,20.75,31.66,1.95,57
133.09,225.37,31.66,22.73,0.43,20.68,20.85,31.97,70.82,0.69,426
45.01,74.42,9.64,10.93,0.61,36.51,11.77,28.46,31.71,1.84,126
32.15,56.26,2.57,9.18,0.79,31.96,17.8,22.58,45.6,3.91,145
130.26,231.29,13.46,18.13,1.54,14.48,34.3,14.98,60.49,2.19,362
99.5,191.31,54.03,5.77,0.24,59.58,15.02,16.07,42.05,3.08,360
142.11,275.71,80.85,38.22,0.83,59.87,16.08,16.96,71.69,2.25,500
78.64,128.96,5.51,14.88,1.0,4.24,16.96,39.63,52.45,0.79,249
49.22,82.3,47.82,9.85,1.17,42.8,30.81,32.56,33.24,4.73,210
72.43,118.52,72.07,9.7,1.24,14.44,27.69,35.78,84.71,0.48,283
27.44,48.92,9.37,8.84,0.71,35.19,8.75,24.08,70.25,8.15,89
19.65,33.56,63.62,16.51,1.69,80.81,34.12,15.96,67.76,4.81,198
39.63,83.24,7.58,12.99,0.75,5.58,46.35,31.26,57.93,0.93,141
169.54,326.66,22.71,10.51,0.68,75.64,24.39,29.64,58.67,4.96,500
42.92,90.5,33.22,26.49,1.19,2.0,6.99,26.27,56.96,5.07,179
12.98,25.15,10.13,29.87,0.61,40.23,4.4,27.13,40.19,3.24,98
58.16,126.43,61.03,4.28,3.08,23.34,7.39,44.62,43.02,0.7,241
42.47,79.5,24.56,9.57,1.23,28.17,17.38,28.49,54.9,1.65,162
134.66,291.83,44.78,8.01,0.77,20.02,14.44,15.61,55.93,2.33,432
161.96,233.61,10.71,7.21,1.65,47.88,30.73,25.74,72.33,2.02,445
47.49,63.98,84.03,7.88,0.84,85.15,20.39,21.72,41.54,5.96,207
78.59,143.12,36.19,4.55,1.45,24.57,31.52,25.61,99.94,0.36,277
83.19,181.78,35.09,19.99,2.19,27.24,5.84,34.46,68.82,1.71,331
63.03,105.64,32.78,9.58,0.89,12.4,11.27,29.94,58.16,0.41,232
54.92,81.88,35.47,12.19,1.25,21.84,62.53,22.45,46.51,1.06,222
30.35,53.71,41.78,20.21,0.23,61.71,61.78,32.39,39.26,4.66,152
10.84,20.43,18.72,4.41,1.27,54.13,10.18,36.02,63.31,3.85,108
30.2,47.83,7.14,13.12,1.55,30.62,6.56,27.38,51.5,2.43,109
61.42,119.36,7.49,3.3,1.84,34.5,28.86,32.74,56.99,2.04,232
17.64,38.41,26.19,3.38,2.52,92.97,18.02,20.4,59.78,1.21,138
75.75,159.63,73.53,11.27,0.4,81.44,13.33,33.55,39.68,3.48,357
68.71,107.35,22.58,10.78,0.75,16.73,6.71,36.34,53.3,1.96,209
42.52,67.78,55.96,4.44,2.52,93.83,11.84,30.9,68.04,3.78,222
53.18,86.92,23.37,24.31,0.17,34.77,5.84,33.57,64.92,0.39,178
20.81,34.44,67.85,1.25,0.14,54.25,18.19,31.2,41.32,1.09,131
113.58,157.91,34.84,4.32,0.51,108.39,20.9,15.98,62.57,0.77,346
112.32,223.04,31.2,8.02,0.51,127.05,28.19,22.09,56.43,1.53,389
24.37,39.69,52.3,6.34,2.25,40.9,14.07,32.96,62.82,3.51,160
25.01,52.32,34.54,3.86,3.25,72.7,28.05,22.6,44.5,3.39,152
30.55,65.2,40.51,43.82,0.1,24.4,21.52,24.39,62.65,1.93,210
95.41,126.13,25.81,20.77,0.27,76.55,18.58,30.17,50.57,5.77,307
83.01,181.76,32.76,9.31,1.22,37.31,3.37,31.81,50.61,2.27,296
129.3,250.72,8.18,26.18,1.02,61.73,22.18,25.54,84.03,1.59,383
138.74,245.34,60.49,23.59,1.25,37.53,24.39,19.71,57.02,2.99,436
16.06,26.51,61.87,6.44,1.03,13.03,39.55,29.35,50.0,3.97,146
93.14,164.55,19.49,9.77,0.3,10.46,21.42,19.01,83.32,3.44,281
135.2,215.25,24.02,11.08,0.4,29.14,30.59,34.14,51.38,3.19,356
50.62,94.18,82.76,20.11,0.67,49.86,49.23,28.94,72.45,2.46,248
64.21,88.85,19.95,15.96,1.4,27.23,10.27,34.06,71.91,1.64,187
57.35,106.61,43.61,9.9,1.17,21.98,2.92,26.29,50.18,2.84,237
59.25,91.7,29.7,6.76,1.36,47.04,15.42,27.18,30.12,3.04,231
113.33,149.13,6.02,10.65,0.97,,2.15,21.05,84.69,3.26,289
189.79,341.14,35.85,3.78,2.67,52.51,41.71,6.95,51.88,3.16,500
156.16,284.3,59.51,5.13,1.26,73.31,40.37,20.06,75.55,1.32,500
44.11,74.28,21.62,9.06,1.72,60.49,7.62,18.49,49.69,2.94,205
78.76,107.51,8.62,10.19,1.87,75.87,11.11,21.25,54.87,6.36,244
34.56,72.72,46.27,35.61,1.14,9.6,32.89,26.69,37.36,1.15,193
37.56,69.5,6.31,5.29,2.08,42.33,23.95,28.36,27.92,2.97,155
62.17,87.3,6.75,1.6,1.42,54.09,3.39,26.65,96.85,0.24,178
36.74,64.65,85.58,7.24,0.61,53.32,40.7,17.66,84.76,1.78,202
41.34,72.24,53.3,6.18,0.73,42.01,8.34,34.31,60.17,1.03,168
77.46,104.91,27.04,8.84,1.07,89.39,24.02,29.39,86.82,6.88,263
92.26,170.33,36.67,7.69,0.47,113.88,19.95,12.38,27.04,4.61,327
90.6,183.7,11.35,10.01,1.36,48.1,9.31,23.27,,4.52,301
91.21,180.07,29.37,20.15,1.81,36.21,7.22,22.84,30.41,0.83,341
22.22,32.95,9.51,12.62,2.94,58.9,23.53,32.44,56.14,0.91,130
35.21,73.1,9.23,6.06,1.76,44.85,27.51,19.99,90.72,1.45,176
67.16,108.02,47.89,1.48,1.6,77.22,19.15,12.18,48.54,3.15,255
131.25,282.42,17.64,16.13,1.51,49.15,12.7,31.94,39.94,0.78,428
256.1,349.46,15.35,20.74,0.85,36.04,7.69,27.48,61.11,1.68,500
80.97,140.68,34.13,7.63,0.84,63.93,30.81,23.82,81.71,1.93,299
106.27,195.26,14.83,32.71,1.54,36.84,3.81,35.14,63.79,0.62,346
19.95,30.38,21.16,15.61,0.51,10.3,3.66,17.65,60.85,0.55,85
104.39,208.17,77.43,12.26,0.86,61.21,4.97,34.66,15.52,0.74,408
214.44,399.75,6.69,9.56,2.08,90.53,5.74,35.44,38.53,1.13,500
35.1,46.2,69.28,21.06,0.58,42.43,5.68,37.92,48.48,4.68,191
42.42,78.37,148.22,31.27,0.69,78.3,13.5,31.48,43.95,3.13,312
115.66,201.52,7.22,30.08,0.76,30.37,4.34,20.64,34.12,1.19,354
66.55,98.26,8.35,10.91,2.72,86.14,32.89,24.88,50.55,1.2,261
9.82,21.56,38.91,29.92,0.45,24.32,20.53,29.68,52.22,6.53,104
44.48,93.73,27.53,5.88,0.75,49.34,34.74,36.01,35.33,7.32,231
161.54,252.52,13.13,18.81,0.5,17.46,23.8,23.91,75.66,1.77,444
52.88,94.5,60.81,5.25,0.52,48.37,19.25,21.01,47.39,5.39,208
52.85,83.76,18.79,17.25,2.23,38.28,33.16,30.97,61.64,0.78,206
110.88,221.54,31.01,17.21,0.69,,9.43,28.52,49.9,4.7,339
82.98,177.35,42.77,7.64,1.13,54.77,8.94,29.51,63.2,4.13,298
50.74,82.34,36.45,6.04,1.19,26.22,39.08,33.8,19.94,5.9,186
40.21,81.43,25.55,27.85,0.77,21.1,16.75,30.02,44.16,2.94,182
332.16,580.8,44.2,4.17,1.42,70.51,12.83,24.7,24.68,0.26,500
144.76,239.85,5.74,3.0,0.77,32.16,38.37,34.32,42.16,2.39,373
91.19,195.57,53.11,14.94,0.52,25.21,12.16,28.3,28.51,1.16,305
95.15,167.41,19.94,10.64,0.95,51.53,16.03,30.56,63.2,2.63,299
59.52,102.41,40.46,14.76,2.4,35.32,7.46,35.78,70.38,0.79,212
82.3,156.8,24.72,6.38,0.68,29.4,12.31,25.03,72.97,3.48,255
54.95,84.35,15.39,6.88,0.88,8.05,1.0,27.52,46.62,7.43,187
32.49,51.74,23.26,10.89,0.73,14.51,73.35,35.69,56.93,2.47,143
84.53,180.79,31.71,11.04,1.04,21.7,9.86,25.72,50.78,1.22,272
51.46,98.32,35.6,10.42,0.95,27.81,14.55,32.4,,6.11,203
87.55,178.95,32.13,30.93,0.57,9.18,26.8,21.32,83.85,3.3,325
98.86,152.64,14.45,32.8,1.49,38.15,23.54,31.67,19.36,3.63,311
90.7,162.3,10.34,3.9,0.78,73.07,12.05,36.07,29.23,1.35,273
30.29,65.86,11.29,14.93,0.94,29.31,52.51,26.14,29.62,4.12,136
47.34,75.12,20.98,4.6,0.6,28.12,10.02,33.68,68.66,6.47,130
52.21,75.42,40.03,37.16,1.77,40.55,34.37,31.19,24.11,6.35,206
123.99,218.19,42.02,7.03,1.19,87.18,25.46,18.94,51.11,1.03,399
119.83,197.6,16.08,8.86,0.5,49.98,19.15,28.02,73.39,2.23,336
36.94,53.32,25.65,20.7,0.1,31.58,15.61,30.51,47.63,4.8,133
21.74,45.65,6.33,5.09,0.44,38.32,29.44,34.96,31.06,0.77,76
263.64,577.81,18.76,2.93,0.88,130.12,17.19,28.17,43.05,4.52,500
88.3,159.98,15.99,5.01,0.45,39.5,19.1,33.12,26.17,4.84,274
19.12,38.18,12.92,23.43,0.9,158.07,15.41,25.17,33.68,1.6,141
41.88,86.82,27.79,8.21,0.32,21.13,33.66,19.86,73.9,6.47,162
127.36,245.91,79.18,22.18,1.31,31.82,18.84,14.31,55.37,3.69,447
224.73,301.08,26.73,11.3,1.08,51.88,15.67,22.63,71.35,1.66,500
201.85,291.05,55.85,2.3,0.53,24.61,5.6,13.77,64.17,1.12,500
85.79,117.01,47.89,6.27,1.38,49.78,7.94,17.82,82.79,3.2,259
65.49,85.73,16.69,13.64,2.42,30.57,37.95,7.36,36.46,0.83,215
27.85,43.88,44.46,1.11,0.51,103.48,6.65,21.38,35.9,0.41,150
69.52,114.92,82.24,15.55,0.75,54.2,13.18,16.52,35.84,7.11,269
31.19,47.31,8.43,2.97,1.36,23.08,19.97,24.49,56.16,6.23,117
47.7,64.78,47.84,6.63,0.53,103.52,1.34,27.25,89.92,3.38,217
115.58,205.37,24.21,31.22,1.92,51.41,58.83,15.86,31.65,1.24,428
54.74,84.63,14.53,31.72,1.94,43.11,32.4,36.84,59.57,2.41,224
52.03,104.91,34.04,16.76,0.32,141.3,26.41,36.53,56.55,3.0,262
62.96,82.31,34.72,12.53,0.72,180.08,22.65,25.88,42.84,0.45,259
287.87,592.51,110.08,6.99,3.33,104.51,28.35,30.58,38.11,3.72,500
25.28,54.59,15.03,2.19,0.62,25.88,6.99,28.43,38.24,4.13,81
79.69,154.96,26.7,11.3,0.79,25.16,1.0,22.93,5.0,2.13,257
190.67,373.77,26.32,8.71,0.5,12.13,7.3,16.93,46.24,3.9,500
62.83,134.46,14.95,7.46,1.11,30.01,26.86,22.69,77.68,3.18,239
143.05,212.88,11.52,26.29,0.63,31.95,3.52,23.25,44.72,2.94,382
,44.72,18.42,4.92,1.15,52.76,9.57,35.47,32.59,0.63,112
56.1,111.98,23.54,52.11,0.69,12.29,17.47,36.0,11.6,0.73,221
34.06,66.55,10.84,20.35,0.1,47.42,20.72,18.76,83.58,6.93,109
62.34,101.31,49.76,8.65,0.16,19.12,6.14,26.81,72.06,5.91,221
63.31,113.4,37.25,1.66,1.87,31.43,30.25,29.68,62.36,0.79,223
68.15,128.7,8.66,19.67,2.43,17.19,27.45,46.6,9.16,1.38,228
114.88,213.49,18.15,45.93,0.58,18.46,20.72,15.89,76.05,8.41,361
6.03,11.66,28.23,62.92,2.27,24.65,6.32,41.91,55.12,2.13,104
40.4,55.52,42.69,5.23,0.45,7.71,36.55,25.85,32.52,5.55,170
75.97,123.07,23.68,20.94,0.19,28.66,17.33,21.58,7.99,4.43,255
10.41,17.6,41.01,3.7,0.77,38.48,9.08,19.07,91.58,2.42,83
99.67,152.96,32.66,1.74,1.62,30.95,12.5,20.65,71.77,2.24,311
39.79,57.92,44.46,25.79,1.91,118.3,8.0,35.79,49.32,4.63,246
56.9,81.09,13.37,7.01,0.44,35.58,14.78,35.38,10.64,1.42,155
,192.8,38.08,8.79,1.11,30.61,37.7,27.47,38.63,0.44,369
147.22,256.77,24.28,8.62,2.26,9.21,31.73,28.67,33.65,1.12,420
101.7,137.98,54.75,1.0,1.03,55.78,20.2,29.17,55.08,2.23,329
24.63,53.01,13.11,8.73,0.52,41.72,7.45,13.97,60.44,3.5,69
98.35,195.6,33.11,29.73,0.11,96.38,17.19,18.76,61.63,5.32,353
102.79,201.23,26.86,7.77,2.47,65.48,20.78,39.38,68.42,5.96,372
89.73,130.61,22.41,13.28,2.04,11.93,12.06,34.76,62.11,1.94,269
162.6,299.75,18.84,2.3,0.55,12.42,54.32,30.36,88.06,1.52,469
69.42,123.35,19.99,19.51,3.65,71.42,29.58,19.37,62.68,0.58,265
158.65,346.53,75.45,7.22,0.94,15.36,12.22,30.03,71.0,2.58,500
158.04,311.8,21.9,4.82,1.65,36.14,44.85,28.22,94.38,3.32,500
104.71,190.38,71.76,4.71,0.96,14.22,35.7,26.53,66.13,6.02,385
80.57,166.43,22.39,43.51,0.15,30.63,20.85,34.47,42.94,2.93,275
90.08,129.68,29.0,1.07,2.72,68.34,28.69,23.87,65.88,4.11,287
185.0,243.03,25.55,17.26,2.21,72.97,8.96,27.71,40.75,3.25,490
131.14,251.94,74.54,1.37,1.01,54.81,8.23,22.85,39.4,4.95,470
27.35,37.98,46.0,17.42,0.1,33.3,40.75,30.41,71.55,8.81,126
86.27,121.11,17.44,5.49,1.46,35.66,5.8,19.47,16.52,1.24,245
32.6,64.24,6.66,17.19,0.12,69.19,52.95,24.89,50.74,1.33,102
38.85,59.96,17.79,9.76,0.51,6.52,31.19,31.17,62.12,5.77,126
49.17,91.74,61.64,13.85,0.88,17.26,12.69,23.25,63.09,4.01,262
18.53,39.4,9.23,12.28,2.82,37.6,4.73,26.19,55.91,2.99,148
30.83,48.86,7.0,12.08,1.74,45.05,5.7,40.18,40.37,0.92,128
168.24,251.59,14.71,1.67,0.5,86.73,32.37,36.65,91.43,3.7,490
38.65,53.96,10.77,4.57,2.1,26.22,15.27,32.21,50.62,2.27,130
115.31,163.44,12.37,21.04,0.17,94.26,12.47,28.49,44.43,9.16,361
73.9,100.21,3.95,6.73,0.77,65.03,49.36,26.56,78.29,9.86,226
95.52,131.71,29.38,9.57,0.86,28.79,17.89,20.72,31.08,0.39,295
98.26,165.93,33.81,4.1,1.21,16.62,14.11,19.86,54.47,5.02,294
29.67,47.14,21.82,5.13,0.18,12.25,23.56,21.34,29.12,2.02,117
114.86,222.37,6.77,38.6,0.54,58.41,23.86,30.36,34.19,5.67,422
22.34,46.54,14.78,31.13,1.82,64.76,35.88,25.74,49.19,1.28,165
37.36,74.95,33.04,17.37,3.26,23.13,4.1,24.81,60.41,3.59,178
97.3,172.97,36.34,18.68,0.75,23.51,36.75,25.69,72.33,3.47,281
28.0,38.98,4.14,14.39,0.44,63.69,5.32,16.09,35.36,2.18,94
9.25,17.93,26.14,11.06,0.58,26.56,45.86,22.84,87.54,1.81,84
83.52,135.85,13.78,40.32,0.69,22.32,26.56,24.17,54.11,1.25,257
15.44,21.26,24.87,7.01,0.35,83.4,21.71,14.44,46.54,0.68,104
103.49,213.0,7.34,5.45,1.58,12.26,4.55,29.94,73.86,1.89,313
51.93,83.31,4.93,7.75,1.54,9.91,18.74,29.76,64.59,1.6,183
82.7,123.76,21.38,7.64,1.36,185.02,16.01,35.74,44.91,2.84,276
81.65,170.18,22.95,21.54,1.09,3.37,64.6,26.57,61.95,2.41,285
108.62,229.39,11.85,5.74,1.91,31.86,3.63,23.38,53.68,2.37,356
99.22,159.25,67.65,10.8,1.58,85.11,26.56,21.81,49.9,8.57,321
27.78,44.98,13.44,15.2,3.52,35.54,6.16,32.52,22.99,2.19,128
54.34,98.99,13.23,12.41,1.32,7.64,6.72,32.29,45.88,4.14,201
82.63,161.97,25.48,3.52,1.1,33.21,11.56,29.69,70.14,1.38,272
160.47,217.72,23.07,15.1,0.81,44.24,9.63,24.92,65.46,0.83,442
,183.08,13.49,13.17,1.18,74.06,31.46,38.84,66.43,3.41,312
151.71,327.33,33.61,17.21,0.29,36.11,29.63,26.1,52.22,3.47,465
85.63,131.52,33.43,16.26,0.71,7.64,9.25,23.37,80.43,0.18,262
132.62,280.88,25.88,16.91,0.79,38.77,2.71,31.46,53.88,1.7,449
77.99,168.09,29.19,1.0,0.5,23.1,63.06,23.6,41.82,3.08,265
129.13,199.16,24.24,4.8,0.24,114.44,6.38,17.49,68.77,2.05,384
49.93,98.8,23.17,23.26,0.69,43.9,15.32,42.04,63.68,1.22,203
172.24,260.92,7.46,5.61,0.53,40.21,19.29,32.46,56.3,2.69,470
92.27,181.2,26.96,24.36,0.63,45.29,25.31,27.61,97.07,1.57,328
18.66,37.66,46.58,7.6,1.07,17.18,9.35,28.01,100.0,0.88,135
84.54,128.71,29.23,6.36,4.81,30.08,10.7,18.89,67.8,3.27,282
100.04,194.51,19.6,7.83,0.94,49.63,45.0,27.61,58.79,7.33,329
117.46,238.56,45.14,81.26,0.26,70.36,13.66,25.22,46.28,3.76,436
210.41,341.44,29.26,10.07,1.07,72.35,4.57,23.24,52.88,1.25,500
44.01,63.86,13.35,20.07,0.78,59.08,41.79,18.79,72.65,3.27,158
211.29,292.17,45.06,56.79,0.56,96.8,20.3,19.05,37.7,2.0,500
65.51,119.09,16.72,15.72,0.38,37.16,21.34,26.95,46.55,7.6,197
35.87,78.21,9.66,38.67,2.01,48.77,4.57,26.6,52.87,1.67,138
44.77,91.35,12.0,22.9,0.88,36.38,13.38,28.29,37.0,1.63,160
96.12,162.65,15.47,17.42,1.09,53.99,3.79,23.21,20.05,4.34,276
31.65,56.42,7.08,3.4,0.77,63.53,12.26,21.85,5.0,1.8,139
50.58,78.48,58.32,8.68,2.59,13.43,9.44,32.48,48.36,3.43,216
83.11,120.24,4.7,15.73,1.02,24.35,8.22,28.93,44.52,6.63,247
171.39,297.17,36.58,6.46,0.96,46.78,10.37,31.32,61.49,2.98,491
115.27,197.93,30.32,16.66,2.11,18.12,25.51,36.97,24.53,2.24,352
67.44,119.34,28.88,9.77,1.75,18.0,3.19,26.23,23.47,2.26,256
95.82,206.74,33.36,4.99,0.8,22.38,5.03,18.79,69.84,4.58,321
77.57,142.99,21.15,20.01,0.7,12.65,14.0,20.72,45.04,2.7,248
24.3,44.84,36.7,14.33,2.03,14.45,8.41,21.59,55.47,2.6,130
190.36,269.41,22.64,17.36,0.67,17.69,30.36,22.93,81.96,5.42,486
173.11,380.31,18.06,12.58,0.92,17.71,6.43,25.12,25.22,0.39,500
61.86,123.45,7.91,7.31,0.7,13.03,25.98,33.59,65.27,2.68,202
46.03,96.17,31.25,10.59,0.43,50.97,5.27,20.29,46.64,2.02,213
24.81,41.5,31.68,6.64,3.09,43.25,10.78,24.86,37.28,4.38,156
99.86,174.95,24.19,34.12,0.69,78.84,18.47,29.46,61.54,2.85,309
100.3,177.51,42.22,14.62,3.11,24.59,27.18,29.1,59.61,1.03,361
,50.03,53.09,10.87,0.86,13.64,18.2,26.48,72.89,2.14,162
78.2,150.19,16.07,9.21,1.21,18.56,2.16,32.6,51.26,4.62,274
112.94,238.6,37.66,4.65,2.25,76.71,33.67,29.66,37.69,1.22,423
43.62,63.13,7.77,15.14,0.23,76.4,26.73,46.99,25.16,4.32,149
56.38,77.68,25.53,3.75,1.8,53.6,13.96,15.84,32.85,1.24,203
55.98,109.96,21.29,29.3,1.05,19.02,45.71,28.67,39.39,3.46,206
35.74,55.25,43.05,19.23,0.91,25.53,20.44,15.96,21.41,1.05,165
57.24,106.55,17.13,5.51,0.83,43.82,16.21,30.55,34.57,3.82,248
15.74,30.31,54.99,29.79,0.8,32.26,11.37,35.58,58.01,1.05,143
53.83,85.58,20.34,9.99,1.69,52.72,6.99,29.24,25.26,3.65,156
54.45,110.74,7.91,18.26,0.2,78.15,24.94,41.86,80.29,3.23,200
62.42,112.05,5.23,9.84,0.4,58.59,51.94,19.66,71.35,6.59,231
91.05,189.57,40.31,10.09,1.08,32.55,10.74,29.23,55.77,1.95,330
23.03,45.77,7.07,24.29,1.04,110.07,8.02,27.54,84.42,2.9,142
27.1,56.41,34.4,11.08,2.05,83.27,10.14,30.08,28.08,2.14,178
35.0,46.13,39.79,7.6,0.96,2.89,10.23,29.23,39.51,4.53,132
20.89,31.73,13.16,6.36,0.22,13.79,22.02,32.44,20.64,2.79,78
98.12,135.5,29.82,9.27,0.18,18.82,4.8,17.88,41.4,1.69,269
42.14,71.55,67.38,42.45,0.7,,23.08,34.61,49.45,1.71,216
63.84,134.13,21.67,14.29,2.23,75.28,5.94,23.5,55.56,2.95,253
32.58,56.06,5.83,5.15,1.26,18.38,33.42,33.25,88.94,6.64,125
49.6,102.41,14.99,14.0,2.38,28.09,30.08,33.03,51.27,2.72,229
80.82,128.86,73.12,30.09,1.06,49.53,1.0,20.47,68.15,9.05,285
83.53,134.11,41.99,15.73,0.43,29.95,10.61,24.26,47.19,3.44,276
28.12,59.22,8.85,22.36,1.06,79.42,46.02,20.51,65.4,2.63,160
61.55,103.61,52.18,11.03,2.91,42.0,27.58,23.47,43.59,3.1,275
33.05,66.45,54.19,9.06,0.58,40.7,11.72,32.36,42.17,1.31,152
59.91,90.64,17.3,5.62,0.72,34.0,11.22,32.5,84.34,2.89,178
39.41,84.89,7.63,6.41,7.61,17.36,2.34,32.71,70.26,0.85,236
197.98,359.76,49.12,10.99,0.97,42.34,7.33,25.59,56.81,7.48,500
112.51,223.15,79.44,21.11,0.59,12.62,18.31,14.18,85.91,2.06,400
86.03,118.77,13.46,11.67,1.98,51.47,9.63,26.95,48.41,3.18,259
52.88,92.2,40.31,6.52,0.34,78.8,9.84,36.42,63.07,2.13,218
114.65,242.03,13.75,25.18,0.55,41.68,13.32,34.68,45.76,1.01,366
62.86,131.33,13.25,28.04,1.59,48.76,29.54,21.18,43.35,7.56,261
185.4,248.83,29.88,7.01,0.49,28.25,36.46,37.68,47.66,1.97,473
122.21,192.28,12.0,10.25,1.83,77.57,21.81,19.98,65.89,3.91,366
49.33,83.81,23.65,3.5,0.66,33.67,20.98,27.28,5.0,4.15,195
172.19,250.54,55.37,21.64,1.86,,5.48,21.16,39.5,3.6,500
53.09,103.89,6.31,1.87,2.21,30.96,17.62,43.42,100.0,3.62,164
205.24,300.89,43.98,11.46,0.85,46.8,67.63,26.77,92.32,0.36,500
178.01,286.94,28.2,13.65,1.33,27.35,24.41,17.32,33.84,1.01,500
80.51,152.73,33.68,6.98,0.49,55.59,17.11,36.13,42.41,8.17,287
16.33,28.32,26.28,6.55,2.2,4.45,11.52,18.03,86.51,6.36,84
76.26,149.82,60.55,18.04,2.1,55.81,25.77,24.36,45.77,2.76,310
25.66,55.55,32.35,14.91,1.61,108.71,11.63,35.96,77.0,0.68,165
40.36,56.71,18.52,18.81,2.03,64.23,10.22,24.43,70.52,7.77,156
42.8,82.96,28.28,2.79,2.09,35.46,43.92,29.63,58.11,3.95,181
25.46,38.38,17.72,30.77,0.9,31.99,8.23,19.97,47.11,1.62,102
76.46,127.91,14.05,32.42,0.2,54.77,40.27,40.51,80.44,0.66,222
36.67,48.75,51.78,13.34,0.1,23.29,6.87,17.85,37.14,3.12,126
54.92,78.11,17.79,8.91,0.44,33.88,7.58,22.84,54.57,5.7,154
43.08,68.4,4.88,10.94,1.42,17.62,20.16,25.2,59.71,2.49,137
91.31,146.81,33.94,27.89,1.2,68.81,17.81,15.86,54.5,1.69,308
86.89,183.3,18.62,6.44,2.64,35.89,35.05,28.3,71.97,1.72,318
51.69,101.71,68.4,2.6,1.69,44.22,14.18,35.52,57.6,1.61,267
94.39,205.29,38.0,18.08,0.99,16.29,15.7,38.86,55.3,1.72,323
143.48,263.89,66.16,11.57,2.06,53.9,38.98,31.04,58.42,0.7,482
7.72,11.72,43.29,26.6,2.89,28.39,14.81,21.05,39.62,3.27,143
41.18,65.67,52.73,12.31,0.33,40.59,9.91,16.61,54.95,3.9,177
30.0,47.64,32.63,42.99,1.06,34.81,5.66,48.0,39.33,3.35,153
38.32,61.08,45.3,44.89,1.17,81.23,12.88,35.03,13.13,1.26,223
6.11,11.65,12.45,7.84,1.18,16.36,13.08,37.89,74.14,1.69,39
7.34,13.05,43.14,1.75,3.61,102.07,47.16,29.17,55.09,4.58,138
44.23,72.84,7.49,13.69,3.05,28.33,10.58,35.37,51.74,5.51,172
43.26,62.04,23.72,3.42,3.58,10.91,20.32,25.81,71.98,0.91,207
156.75,206.9,15.54,3.02,0.35,38.74,12.5,18.22,30.14,3.18,365
72.32,108.26,30.01,22.58,0.8,36.76,2.1,18.2,60.16,3.15,240
92.78,129.58,17.43,15.07,0.73,15.86,8.99,26.56,80.45,1.6,246
490.35,600.0,7.77,6.73,2.63,169.63,29.0,28.17,92.97,2.89,500
7.76,10.87,7.1,12.27,1.69,76.92,14.75,28.59,44.29,0.88,71
187.38,365.72,8.43,13.03,2.24,81.55,9.83,17.53,51.56,2.77,500
63.18,104.07,30.6,14.79,0.82,78.83,15.23,28.83,58.28,2.44,236
47.07,64.31,31.44,25.6,0.57,28.67,10.26,7.02,31.98,2.41,162
41.7,84.71,17.38,11.17,0.45,144.38,26.03,28.62,65.21,7.12,206
82.39,150.09,34.77,2.02,2.12,54.93,10.36,21.13,62.84,7.74,260
47.38,71.65,21.95,33.02,0.69,41.22,35.15,23.9,57.8,4.27,176
24.82,52.26,33.0,11.53,0.16,22.84,10.87,36.97,74.68,4.05,131
42.93,57.56,24.86,6.55,0.56,39.38,24.12,28.25,40.46,3.52,163
84.02,124.48,44.3,3.61,1.25,32.92,13.18,25.68,42.19,0.25,313
103.9,205.4,12.26,12.96,3.37,51.02,26.88,27.96,96.96,1.17,376
199.6,386.9,4.0,9.92,1.45,25.6,18.6,35.88,38.14,0.98,500
70.14,109.44,22.12,5.33,0.58,76.18,33.92,34.19,55.22,6.08,254
148.96,201.96,26.83,23.31,0.65,30.46,26.65,41.1,77.76,1.16,404
56.46,117.0,9.96,4.27,1.0,37.17,40.28,19.98,76.13,1.74,228
62.31,98.6,11.59,3.97,2.85,29.02,17.49,24.89,77.36,1.31,238
59.93,88.47,37.28,6.41,2.06,43.6,10.68,33.73,57.55,2.7,198
76.15,134.36,37.97,1.52,1.99,58.47,47.04,35.01,51.92,3.41,291
116.33,246.53,21.38,2.02,0.32,122.29,26.2,29.26,41.98,1.1,390
45.88,61.44,5.52,4.4,0.22,31.09,32.1,34.08,52.95,2.01,130
31.37,62.4,36.27,7.73,0.99,32.18,4.94,26.28,72.24,2.12,177
122.49,222.35,26.61,4.4,2.16,38.18,12.8,23.25,57.94,0.91,389
116.82,196.59,15.8,13.07,2.44,18.06,33.81,28.51,45.46,3.07,377
164.09,323.2,47.55,5.01,0.23,9.0,48.31,20.84,61.51,2.28,500
40.5,87.85,2.0,13.89,0.17,20.57,16.48,29.01,35.66,3.6,132
54.96,82.79,23.78,5.67,0.56,12.36,52.61,24.92,58.77,1.79,186
125.51,179.4,36.6,12.68,1.62,27.81,38.46,15.98,33.18,1.95,349
45.47,96.47,7.55,31.01,1.46,34.98,28.4,33.26,61.43,1.33,179
101.0,192.1,6.84,15.07,0.47,,17.84,28.26,60.93,0.78,295
56.64,95.96,72.52,1.78,0.55,34.05,17.96,25.68,70.36,3.49,229
82.09,149.06,37.66,4.44,0.15,43.29,19.15,31.1,72.44,2.09,268
24.38,48.06,60.84,2.35,0.71,60.4,25.46,31.9,52.41,1.62,145
69.49,138.69,45.25,2.89,0.74,27.81,1.65,33.26,60.44,1.26,245
141.64,301.39,31.0,22.42,0.41,21.18,10.19,21.7,47.28,3.33,421
110.0,185.27,78.91,9.33,1.18,17.93,14.34,19.43,53.05,2.18,413
29.65,46.38,28.62,10.05,1.56,36.12,10.85,20.98,52.98,3.15,114
189.57,355.58,22.34,22.6,3.47,49.72,11.09,45.42,51.8,6.35,500
136.07,227.81,45.28,5.0,1.18,38.5,34.15,20.2,77.17,1.91,433
25.43,46.66,48.11,12.96,1.39,31.14,10.66,34.49,70.92,6.69,169
43.16,72.43,34.25,18.17,0.62,125.18,10.45,19.38,30.38,3.14,227
26.71,38.41,15.79,8.5,0.6,47.23,13.56,18.74,50.04,3.16,113
83.68,144.14,45.15,34.31,0.74,25.95,10.98,15.57,76.25,1.41,278
41.68,80.1,15.54,8.94,0.89,34.81,16.17,16.84,35.0,2.74,181
9.92,20.03,25.46,3.88,1.01,11.18,18.08,24.94,35.83,2.61,69
62.11,108.31,11.55,5.5,2.06,56.91,18.03,28.53,78.13,0.46,197
119.32,172.86,12.22,12.16,0.57,28.13,31.99,29.77,75.4,1.75,328
70.52,118.0,21.84,18.57,0.71,33.03,1.27,29.87,60.17,4.57,222
94.92,190.57,31.7,4.26,1.41,52.6,5.32,31.39,34.05,5.28,308
75.36,125.97,76.97,26.56,0.43,53.59,8.63,24.53,46.28,2.62,304
106.99,206.16,14.46,4.0,1.35,63.57,17.45,11.71,19.02,2.7,304
80.14,140.76,26.14,29.47,1.55,6.92,46.79,26.17,77.47,1.0,252
59.64,90.48,22.74,6.02,0.35,27.39,10.29,22.37,65.95,3.45,186
69.9,140.96,32.59,1.0,0.23,18.08,10.66,31.43,61.54,5.11,218
167.98,231.11,19.41,16.91,0.35,50.6,33.78,32.38,38.06,1.55,451
98.56,174.69,38.16,1.23,1.67,52.88,9.65,22.08,45.76,9.81,356
29.57,44.0,10.89,75.68,1.03,27.54,12.11,33.1,65.45,4.27,152
69.11,94.01,24.47,11.93,1.04,68.75,4.99,26.36,43.09,3.46,200
82.65,144.86,31.34,3.05,1.88,39.58,38.64,20.54,86.67,2.92,302
58.19,101.8,50.03,8.1,1.33,96.99,25.11,43.24,36.22,6.1,250
9.98,19.32,38.66,2.64,1.71,7.78,23.09,24.46,54.97,4.32,117
32.22,63.49,24.05,16.13,0.28,37.69,14.43,32.2,61.81,4.22,140
47.48,92.83,12.23,1.74,2.06,34.92,42.5,36.14,39.96,1.73,198
203.56,339.65,83.24,1.33,0.69,19.85,7.86,30.86,78.0,5.9,500
91.44,170.86,13.72,34.53,2.44,56.83,23.24,23.81,,3.41,321
15.76,28.67,8.24,4.2,0.36,67.7,11.47,25.0,67.95,5.58,54
60.96,102.37,14.94,13.31,0.59,6.01,23.17,11.93,68.02,1.19,218
151.45,278.29,6.72,9.04,2.45,69.99,14.73,20.53,19.18,0.19,477
41.21,88.71,31.09,6.82,2.08,102.41,10.98,32.61,62.26,8.09,216
128.63,189.55,23.94,7.26,1.48,46.51,3.47,26.04,24.53,0.5,358
16.28,34.44,20.29,18.63,2.0,16.35,17.49,30.67,62.28,1.65,89
2.0,5.0,22.21,9.65,0.18,64.82,15.74,18.62,55.55,11.58,52
141.18,222.71,15.72,3.45,0.65,16.12,44.17,25.13,27.18,0.46,410
45.59,71.1,3.56,3.09,1.34,80.67,47.57,29.87,37.92,3.19,188
48.46,90.32,45.34,26.87,2.12,12.58,17.95,26.56,97.84,4.69,184
74.87,106.17,16.94,19.47,1.2,79.15,6.43,39.33,62.14,6.12,261
89.25,186.91,7.01,33.88,1.53,10.85,18.18,22.88,80.98,4.95,275
3.96,8.11,4.71,19.77,0.6,31.77,109.99,27.38,45.67,3.15,70
38.64,72.91,56.79,4.17,2.58,60.1,33.65,28.48,50.92,2.04,210
68.19,116.79,18.45,8.64,2.26,69.02,9.58,20.47,42.02,1.61,300
89.12,190.68,18.09,27.26,0.5,66.69,13.42,18.0,54.98,4.47,282
29.26,59.92,33.69,3.49,3.23,107.33,14.28,28.96,29.92,2.13,174
55.94,97.87,15.8,1.93,1.24,64.63,17.38,32.67,70.15,2.25,161
41.11,79.41,6.56,35.96,0.8,16.06,1.78,30.99,65.67,6.2,160
76.65,138.76,14.52,34.69,0.4,17.43,16.15,32.06,50.96,1.69,279
137.91,252.26,28.63,28.4,0.1,45.41,31.38,23.22,50.27,1.13,446
50.54,80.75,14.43,26.81,1.49,26.08,66.39,21.3,53.27,2.28,166
19.24,33.02,11.78,21.88,1.34,63.87,53.46,25.33,51.83,5.08,126
36.94,50.62,9.38,28.81,1.11,37.36,13.86,36.28,72.91,2.24,160
188.37,305.46,31.6,4.73,2.21,58.56,5.65,31.92,91.18,3.31,500
32.33,62.28,28.05,8.35,3.68,26.35,22.99,18.08,42.45,0.41,154
23.06,49.76,34.55,6.53,1.0,71.71,35.19,30.66,85.39,1.56,161
48.18,104.39,20.38,15.19,1.87,35.87,7.85,44.63,51.55,1.58,204
60.97,109.75,16.78,1.86,1.67,57.85,14.93,35.25,18.52,1.46,243
43.15,79.65,12.3,28.78,0.24,47.65,7.85,22.32,68.52,3.15,176
16.38,24.03,18.57,1.99,0.1,40.92,27.31,34.48,40.87,3.26,138
81.95,157.82,5.03,22.03,0.99,22.02,17.14,28.41,59.75,2.51,277
76.71,104.6,29.6,5.99,1.06,16.17,2.56,22.63,12.29,3.7,224
104.37,162.43,17.23,14.88,0.52,102.86,21.13,29.91,52.9,1.56,302
75.49,143.55,49.05,12.65,1.74,50.97,14.08,36.23,88.43,1.64,281
178.56,281.99,22.9,1.04,0.97,26.34,58.57,22.09,36.29,2.35,496
109.85,147.74,3.45,13.09,1.86,22.01,25.65,29.79,59.56,5.32,310
95.51,195.67,26.89,3.98,0.81,28.49,12.76,21.24,64.14,3.04,329
141.2,222.99,84.7,1.12,0.6,38.67,2.49,19.02,48.15,1.57,415
72.28,98.07,31.52,11.63,0.76,63.83,9.18,21.81,69.88,1.72,266
56.84,77.72,40.9,1.59,0.9,10.58,14.47,20.89,64.15,1.18,180
81.31,124.12,52.59,34.36,2.08,13.04,33.21,27.67,38.56,2.63,287
9.4,13.72,11.38,4.02,1.26,28.81,11.35,21.45,,6.21,95
72.44,144.66,21.04,12.29,0.28,36.86,10.52,38.6,37.91,2.45,214
60.92,96.83,11.89,11.03,1.15,41.07,31.58,21.47,33.47,0.79,181
87.52,177.17,37.61,22.27,2.49,85.22,3.91,28.31,60.59,6.06,328
128.88,187.71,12.02,5.73,1.06,28.94,25.43,37.06,74.85,1.94,348
97.4,169.82,20.26,6.48,0.35,4.25,44.85,24.83,59.93,3.32,311
37.03,71.06,39.83,11.25,0.86,33.47,10.76,29.32,57.15,3.42,186
115.38,217.7,37.31,4.32,1.16,77.34,23.79,39.72,94.43,5.92,408
180.21,331.77,26.54,6.84,0.37,54.42,16.19,29.61,14.91,2.06,500
131.07,279.48,53.0,4.8,0.77,20.78,17.22,18.04,52.04,3.35,432
20.95,31.55,39.68,13.6,1.44,4.69,52.17,31.43,75.5,1.46,131
96.7,168.69,14.57,18.69,0.28,71.4,30.54,40.18,53.63,2.44,315
24.04,50.37,6.81,24.24,1.04,86.84,18.21,22.4,56.01,4.51,136
52.71,72.21,10.88,23.0,1.14,12.25,49.91,36.46,41.97,0.97,192
85.76,115.79,41.44,15.43,1.56,50.27,22.12,31.22,73.56,5.9,296
78.11,117.95,31.26,15.25,0.98,64.12,5.25,26.0,45.78,1.29,266
129.41,241.95,53.38,14.96,0.45,3.79,2.25,29.87,74.98,5.02,393
180.77,277.28,33.62,9.84,1.87,58.47,32.99,16.16,85.53,1.09,500
91.75,134.98,40.32,3.24,1.87,57.29,2.46,21.42,47.42,6.72,291
49.66,85.07,29.29,29.7,1.45,84.27,9.98,27.77,42.2,0.6,222
9.96,18.44,14.12,14.89,1.31,28.19,2.77,27.65,37.8,8.93,55
150.82,229.81,13.57,19.17,0.93,16.32,22.85,27.99,68.01,2.54,399
61.16,96.06,10.98,6.29,0.21,57.02,33.49,31.47,66.92,7.79,163
63.55,117.71,14.15,44.32,1.01,68.13,18.13,33.93,60.93,2.52,232
67.33,144.84,54.29,26.87,3.06,30.75,15.55,23.97,47.78,1.62,300
88.89,169.54,36.82,7.34,1.8,60.91,22.14,19.57,68.18,1.85,314
90.69,181.8,20.62,5.89,0.92,51.74,23.23,27.98,78.79,1.88,320
53.35,86.97,31.95,18.96,1.97,73.26,45.84,20.12,5.0,1.02,224
60.71,93.8,31.61,9.78,0.3,21.79,33.69,23.63,90.37,1.46,207
40.54,69.27,57.44,13.49,1.92,43.77,2.3,36.86,30.45,3.63,205
37.0,74.98,19.07,28.48,2.02,50.53,23.21,18.17,65.17,4.4,177
36.85,63.04,28.07,13.26,1.46,37.34,38.3,27.71,72.39,3.82,161
60.18,124.1,40.53,9.28,0.75,56.04,23.92,31.62,58.84,5.49,246
31.15,68.22,14.01,15.52,1.0,66.7,8.38,20.09,52.61,4.94,125
2.0,5.0,60.7,2.12,2.77,79.46,5.69,30.09,39.51,4.64,138
49.0,65.7,39.19,12.75,0.87,35.98,41.99,38.89,63.29,0.74,180
22.23,31.89,10.89,2.59,0.74,43.23,11.37,25.31,68.4,2.16,99
70.71,116.38,74.4,17.77,1.04,27.1,9.04,32.38,58.94,3.49,277
40.41,57.3,53.07,9.69,0.33,34.45,25.71,33.63,19.99,4.92,196
89.65,186.79,35.85,33.74,0.68,156.79,10.63,33.65,68.58,2.57,368
24.22,31.99,3.99,25.34,0.15,18.5,10.63,35.95,52.13,2.87,115
12.27,19.43,16.14,13.34,1.43,75.6,32.51,25.99,53.31,3.84,108
60.82,89.18,26.68,36.07,1.91,40.64,19.47,42.98,57.84,4.69,241
47.39,101.34,28.19,6.93,0.47,32.41,21.71,30.25,53.3,7.93,164
20.42,38.85,25.14,4.1,0.7,34.17,66.31,27.58,25.44,0.4,127
109.91,233.1,8.3,9.03,2.88,4.21,11.07,25.61,46.18,3.15,369
28.17,61.28,19.8,8.9,0.71,33.69,7.3,31.94,58.65,5.02,103
35.55,62.13,21.35,9.45,2.5,17.36,24.01,28.83,39.91,8.32,133
123.95,187.27,3.15,11.39,0.34,23.32,9.31,24.9,75.25,0.81,360
93.22,137.44,35.66,1.67,1.28,57.62,12.66,24.57,82.21,0.59,299
25.49,38.25,65.19,5.36,1.24,48.57,19.75,11.92,87.21,1.46,167
50.76,98.35,22.49,6.88,1.21,69.75,35.95,25.13,82.95,1.47,230
23.19,30.99,36.12,35.51,0.94,42.62,32.05,33.86,25.16,3.61,140
118.06,158.94,11.09,6.78,0.37,48.88,26.06,32.93,56.35,2.86,303
118.01,218.01,30.65,7.38,0.6,43.06,37.32,24.73,73.05,2.09,363
197.69,371.23,31.03,18.52,0.94,34.49,12.61,31.69,59.92,7.63,500
246.45,467.94,49.19,9.13,1.07,78.91,29.12,19.18,88.05,2.63,500
40.03,65.43,55.63,42.15,1.1,77.87,38.08,26.0,16.48,6.52,224
105.68,214.05,35.81,19.88,1.48,70.33,13.3,23.28,68.67,3.06,367
10.32,18.37,14.4,17.66,0.74,36.34,6.56,21.41,31.68,3.69,82
74.59,104.05,13.97,2.03,0.55,37.45,13.51,41.0,61.4,0.1,227
87.86,177.25,55.25,13.93,0.41,68.52,51.06,34.53,5.0,1.57,361
29.56,63.77,9.06,12.1,3.16,62.3,6.3,23.54,66.79,3.41,161
38.01,51.47,16.05,22.84,1.61,15.01,18.84,27.35,96.68,0.6,158
118.54,195.85,33.99,18.01,1.03,90.01,13.77,7.7,64.36,2.43,365
89.37,155.4,63.83,15.86,0.44,51.51,4.57,35.2,65.8,6.36,304
181.88,260.43,67.25,14.48,0.24,23.66,19.99,28.65,47.21,4.5,500
168.6,350.84,2.17,6.8,0.75,27.69,22.92,28.1,74.72,8.55,472
13.82,21.5,29.93,4.12,0.96,74.23,5.67,35.76,67.18,4.19,142
43.33,86.86,23.65,14.89,0.22,55.72,53.49,33.78,52.44,5.95,173
26.88,51.18,12.43,4.35,1.87,101.28,9.96,36.89,50.32,0.82,146
108.66,199.75,2.0,11.32,0.72,100.03,47.88,14.94,71.99,0.83,356
79.86,117.63,23.53,31.29,3.92,89.97,4.97,30.15,50.63,8.2,293
28.56,42.81,8.88,35.84,1.7,41.1,10.31,27.31,83.05,2.57,144
32.63,43.81,33.1,9.09,0.12,73.11,18.78,20.57,48.27,5.04,160
145.16,220.15,25.17,24.29,0.17,135.59,11.88,33.69,54.01,0.81,432
47.32,76.22,4.07,11.15,0.45,30.1,23.91,27.65,66.65,5.37,135
8.45,17.32,20.67,4.14,2.12,50.37,23.75,33.99,66.11,4.01,112
26.34,42.93,6.62,11.28,0.76,13.99,27.1,29.11,56.14,4.67,80
205.99,407.68,28.95,52.86,2.4,54.62,1.6,24.84,53.64,0.76,500
126.32,214.17,38.19,17.09,0.63,4.01,9.49,21.23,82.82,1.99,393
21.82,43.78,17.82,4.99,0.91,8.07,35.81,27.37,25.31,2.77,113
74.57,162.46,53.46,14.72,0.49,97.85,19.24,25.06,81.12,11.28,328
121.23,183.77,29.34,20.52,1.62,12.53,19.73,9.87,16.32,3.77,343
13.62,28.27,24.66,24.08,0.46,64.8,30.7,20.29,65.61,4.19,91
130.16,242.06,24.97,8.97,1.93,44.79,24.29,19.75,49.09,1.98,420
88.79,180.74,20.66,36.5,1.26,38.84,7.9,29.78,41.71,5.78,320
36.17,68.24,20.06,10.22,1.26,37.57,1.25,22.11,100.0,2.38,151
98.63,165.86,8.63,14.86,3.11,29.17,34.39,26.5,35.84,2.98,340
80.65,121.4,61.28,2.12,0.38,50.92,15.32,25.98,34.0,3.12,278
84.54,115.23,20.46,29.45,0.63,25.87,8.36,25.21,39.69,1.86,255
72.67,129.5,67.26,3.34,0.75,25.94,26.35,16.92,88.33,5.03,296
31.61,69.26,37.72,19.39,0.28,37.3,12.38,22.18,60.12,5.33,137
36.85,72.38,21.94,7.41,0.35,21.14,7.35,33.85,55.68,3.68,141
54.6,87.06,26.67,3.38,0.35,3.51,22.74,35.31,38.33,2.4,178
67.56,138.12,38.19,7.84,0.67,64.86,14.78,24.67,21.11,3.67,245
102.6,204.38,45.93,1.99,0.56,86.13,7.79,19.65,42.76,7.57,356
209.06,324.78,24.35,5.94,1.3,57.15,31.0,20.89,49.67,0.17,500
77.04,101.14,43.28,6.57,0.26,13.55,6.37,29.69,49.29,1.82,220
101.38,142.58,37.26,3.54,0.26,2.0,37.41,32.7,56.36,1.58,266
117.19,244.89,38.42,14.25,0.27,21.66,19.32,21.22,62.62,4.74,364
106.24,218.1,43.37,10.7,1.67,39.84,10.86,34.66,35.42,4.14,371
30.58,47.88,15.45,14.2,0.88,7.61,9.54,24.99,59.39,1.61,104
153.95,239.64,56.87,6.79,1.64,70.7,24.33,23.18,41.38,1.06,459
138.79,279.46,31.31,9.29,0.34,14.14,58.44,16.93,50.45,4.08,462
71.97,154.3,45.85,3.13,1.67,62.73,14.0,24.62,85.14,0.95,290
32.18,64.41,24.3,6.19,5.0,22.73,14.72,25.78,27.3,6.8,181
66.78,123.21,28.68,3.34,2.66,34.64,14.73,23.77,81.24,2.31,223
15.5,23.53,15.4,8.38,3.01,51.31,7.26,37.17,,5.61,129
166.82,295.8,10.12,6.19,1.15,23.22,11.6,27.05,22.83,3.39,494
39.68,59.92,21.32,19.38,0.29,40.88,21.29,23.21,39.58,1.18,156
52.5,106.44,39.34,20.73,0.15,102.44,8.82,30.16,44.98,2.34,223
159.35,262.65,15.77,12.9,1.79,32.77,8.43,34.74,31.49,6.11,454
147.4,302.21,5.8,20.26,1.24,34.15,34.84,26.35,62.91,1.92,448
82.87,136.19,50.78,13.86,1.97,32.66,27.55,26.85,42.07,3.63,292
182.75,373.13,8.98,7.03,0.61,43.71,29.58,22.43,18.7,1.52,500
29.75,47.6,30.63,11.91,2.04,56.9,28.23,36.04,52.67,6.36,167
82.9,140.6,72.55,32.39,0.73,70.47,22.22,27.06,49.89,1.2,340
29.96,55.55,142.06,22.95,1.53,55.48,4.08,20.34,47.52,3.88,302
133.38,181.83,22.09,11.37,2.55,27.07,53.69,26.95,25.77,1.99,415
130.36,280.72,51.28,1.96,0.74,33.62,14.31,31.51,66.61,1.1,398
190.92,346.76,30.93,39.95,1.08,21.46,12.11,39.55,37.98,4.83,500
65.32,114.77,11.43,9.86,0.75,19.27,1.56,14.3,56.02,3.9,248
224.47,461.38,20.74,25.2,1.51,10.97,12.36,25.03,74.69,1.03,500
27.83,57.87,16.87,11.04,1.44,28.61,24.06,25.24,,2.78,118
62.79,111.14,49.99,27.95,0.27,29.43,6.06,12.96,85.97,0.28,254
28.72,61.3,70.68,14.14,2.3,43.76,3.69,30.21,36.88,0.95,190
75.17,102.1,18.46,2.18,0.24,55.06,2.83,26.35,100.0,1.87,197
30.94,43.37,5.99,9.0,2.63,43.79,8.1,22.25,38.95,4.3,134
133.61,245.46,27.97,14.3,1.62,25.12,26.06,24.43,46.01,6.88,440
90.79,146.96,12.09,13.0,0.62,76.39,8.86,32.42,68.19,3.76,302
25.79,44.3,9.91,22.92,0.77,3.39,9.5,5.01,47.79,2.99,96
113.93,181.75,14.45,14.15,1.98,24.53,15.0,36.48,67.05,4.47,329
174.66,290.68,13.58,11.59,0.8,66.03,14.11,24.0,48.64,2.28,500
96.81,197.53,33.0,3.97,1.7,23.04,7.21,13.4,58.17,7.5,346
19.37,35.52,38.35,37.3,2.63,26.35,5.71,26.58,51.99,1.45,143
58.47,128.48,30.38,8.71,2.51,9.84,9.11,33.62,72.54,1.43,220
105.25,211.36,12.04,6.61,0.87,81.83,3.37,26.77,29.25,8.08,339
54.4,84.12,12.33,4.45,1.44,34.27,24.03,29.7,50.64,3.8,168
27.52,42.32,23.47,5.96,0.8,39.27,21.9,33.29,57.6,2.31,148
143.57,230.04,19.24,21.55,2.18,40.09,3.79,34.9,72.48,9.43,421
52.66,108.42,25.24,2.78,0.29,29.69,24.53,38.63,26.3,5.07,218
174.73,231.44,32.25,7.92,0.17,56.89,25.17,31.0,73.31,2.28,450
43.51,65.58,23.26,1.35,1.87,52.25,15.43,17.63,59.76,1.4,153
50.35,106.46,36.34,5.33,0.17,40.76,5.08,36.41,32.09,4.79,193
40.85,76.64,28.7,6.45,0.5,16.95,8.02,40.72,66.57,4.08,153
57.73,86.83,37.5,5.86,0.64,15.01,4.02,22.4,45.41,2.22,190
89.78,134.43,9.38,4.43,1.62,49.52,3.74,26.56,97.29,2.85,251
28.79,59.78,5.13,30.18,1.08,13.88,27.35,22.53,51.18,2.11,122
24.25,51.02,11.71,6.46,0.51,39.3,12.79,31.95,82.22,0.26,95
13.3,20.36,47.75,20.82,0.1,32.26,10.23,16.96,86.33,7.05,71
11.62,19.5,28.84,7.29,0.7,41.72,11.95,19.15,39.72,2.02,76
19.59,40.18,15.53,3.37,0.89,20.84,26.05,25.71,61.19,1.07,88
43.27,86.29,13.77,18.36,3.42,83.73,7.25,30.5,93.02,2.78,184
74.21,150.83,39.05,24.8,0.1,118.76,48.27,26.46,93.44,3.39,321
86.42,152.66,29.33,3.33,1.37,14.46,6.67,26.63,40.15,3.14,303
71.8,152.25,8.08,16.95,1.08,11.97,18.89,31.41,78.5,1.49,238
162.17,258.4,8.01,8.72,1.14,11.18,14.99,34.43,59.14,8.95,408
195.45,281.65,36.67,41.44,0.14,13.61,15.18,28.26,37.43,1.53,500
52.85,102.41,15.08,23.27,1.8,12.43,29.28,37.67,37.46,0.27,199
29.21,52.16,6.3,33.06,1.29,83.82,28.1,11.51,76.45,3.39,156
233.18,482.48,6.2,7.38,0.37,28.3,28.8,24.03,82.41,1.56,500
140.4,192.78,33.03,34.51,0.1,10.14,9.5,10.74,85.09,5.71,367
133.77,275.47,15.71,19.83,1.57,17.52,21.01,29.0,57.84,2.77,427
41.91,65.54,41.09,12.72,0.6,61.18,6.56,30.34,53.03,11.18,189
115.8,218.8,25.82,18.34,1.32,32.83,12.59,21.54,62.86,3.92,383
72.21,96.48,17.88,4.37,2.02,41.32,11.65,23.06,28.83,1.51,248
61.86,114.35,24.7,12.82,3.53,40.16,29.34,15.89,55.5,1.01,255
61.78,120.2,77.05,8.65,3.11,7.11,6.22,32.59,87.33,4.5,279
92.62,151.14,11.1,25.07,3.86,20.29,39.1,16.27,57.26,4.28,322
165.54,247.3,52.79,1.0,2.41,26.92,8.86,38.4,75.19,4.56,488
245.27,437.52,36.98,12.54,0.42,14.22,11.58,22.38,66.69,7.22,500
47.84,98.07,16.32,7.75,0.55,84.47,17.21,27.37,27.28,1.56,194
75.13,119.55,36.96,36.79,1.72,26.66,6.7,35.71,69.04,4.67,281
60.72,92.73,28.05,9.82,0.85,16.15,9.88,26.4,67.59,3.69,187
88.48,137.23,22.95,8.98,1.35,125.28,20.63,26.28,60.61,4.84,315
55.26,119.05,19.13,12.69,0.93,29.25,21.04,33.34,58.72,3.23,191
38.08,61.82,46.0,18.73,0.68,12.61,35.31,19.74,62.54,1.14,163
47.89,62.41,25.3,1.79,0.32,3.06,22.65,23.5,,4.64,141
42.4,84.95,11.84,3.06,0.6,53.13,3.67,29.92,41.1,2.51,172
58.55,112.97,24.07,36.93,0.64,32.63,10.5,26.11,32.17,3.4,226
20.97,29.68,6.56,13.16,0.5,76.71,21.26,16.14,45.02,1.73,116
43.05,94.12,15.15,56.08,1.28,38.46,22.62,19.46,40.13,4.49,206
87.89,162.35,36.14,4.92,2.08,130.48,35.84,40.0,40.86,0.89,354
87.44,153.08,10.6,17.05,0.8,47.34,43.05,27.18,56.37,0.53,276
78.17,128.51,95.24,13.33,1.5,45.48,10.8,28.34,36.15,1.38,326
156.42,329.87,2.93,29.73,1.81,8.13,29.44,30.82,91.92,8.06,500
90.28,137.18,18.81,2.46,1.22,21.98,35.78,37.01,33.08,3.61,242
153.17,238.51,38.61,37.11,1.87,127.59,4.38,18.5,54.74,1.76,500
245.38,346.03,6.85,12.33,0.57,94.75,43.49,26.36,72.61,6.91,500
117.73,233.49,39.09,10.51,1.5,64.99,5.91,24.18,61.35,3.71,409
21.06,38.67,37.29,16.8,1.25,43.37,10.59,30.26,48.49,2.54,134
80.35,148.51,19.88,10.08,2.44,21.58,27.85,19.09,60.46,3.42,279
72.31,108.22,12.16,12.66,1.52,63.18,21.6,32.52,78.1,3.26,220
174.55,329.21,25.08,26.9,0.16,10.89,29.97,25.77,56.37,3.0,500
60.14,119.62,36.21,4.34,0.53,,8.8,27.54,55.92,2.49,231
33.91,55.0,12.97,16.37,1.95,85.13,25.48,30.87,95.96,2.96,194
45.05,91.06,22.77,16.8,2.56,15.29,29.39,21.28,100.0,1.15,209
21.82,35.21,7.17,38.54,1.99,50.45,21.82,36.13,56.97,3.95,116
2.0,5.0,42.86,8.41,1.15,55.58,18.75,41.81,72.98,1.16,103
220.89,293.86,69.08,1.0,1.13,108.77,32.12,34.59,63.4,5.15,500
66.24,118.97,17.32,7.35,2.15,38.4,22.97,40.1,63.08,2.65,222
23.8,51.7,14.25,5.68,0.47,32.92,5.05,27.43,64.95,4.26,100
184.59,402.99,48.89,33.81,1.47,,20.0,30.85,69.45,4.46,500
204.54,317.76,48.31,24.08,0.47,77.95,19.86,23.01,32.61,0.78,500
74.08,125.73,39.83,14.95,1.39,21.08,16.63,31.3,47.35,2.33,256
19.99,27.12,9.04,3.2,1.21,89.8,19.02,35.36,41.7,4.04,90
45.92,95.79,2.0,15.67,1.43,41.65,11.36,18.11,49.84,3.49,173
55.43,100.41,22.03,1.47,1.41,58.4,35.12,21.96,62.45,0.61,224
67.86,111.74,33.08,19.42,0.75,7.55,5.2,28.59,65.29,3.64,270
26.61,37.29,17.39,10.26,0.94,,14.31,37.73,40.37,1.73,129
124.13,267.15,47.66,1.0,0.57,159.49,31.49,28.33,42.19,2.19,466
7.51,13.35,14.76,2.91,1.24,50.0,9.32,17.03,44.97,3.89,88
137.48,213.73,5.3,19.91,0.5,16.6,30.94,22.54,24.61,3.77,341
156.58,252.9,17.34,39.8,2.17,132.62,33.58,20.97,37.98,3.44,485
49.53,76.46,31.09,40.62,1.02,15.08,24.47,28.37,54.54,5.13,196
62.31,114.76,10.45,24.84,3.1,61.6,9.75,25.73,50.63,1.7,253
169.22,361.62,28.92,2.12,1.06,21.23,2.36,18.13,42.72,2.78,473
102.57,212.42,21.94,27.82,0.23,28.53,12.29,26.69,84.1,7.78,369
50.91,87.28,68.11,44.21,2.22,49.33,28.59,27.85,75.72,5.27,252
55.65,113.74,43.84,33.57,2.24,66.07,11.92,25.39,59.89,2.0,240
92.97,156.27,101.23,15.03,0.76,38.55,7.8,35.96,95.15,0.7,370
208.44,318.3,8.53,3.79,1.01,37.97,10.05,26.77,5.0,1.32,500
56.96,124.46,54.23,26.83,0.55,50.94,3.19,34.87,32.08,5.04,212
49.72,78.23,3.57,11.01,2.51,19.85,21.15,38.8,13.97,8.18,184
67.52,107.45,46.32,10.91,1.49,39.03,2.29,24.48,65.42,0.83,210
67.81,148.56,5.02,11.52,0.55,16.66,21.43,26.39,55.85,0.21,223
82.03,116.52,38.7,11.67,0.31,84.4,18.46,28.07,73.97,3.34,232
62.46,123.95,29.19,3.46,1.16,115.95,9.19,40.01,31.1,6.96,234
142.83,305.97,31.5,8.32,0.71,34.32,13.87,20.41,67.4,3.28,457
31.74,55.87,3.0,37.03,0.13,58.49,8.81,17.28,59.89,1.66,148
88.41,115.13,36.86,11.35,0.34,37.22,9.63,30.9,52.36,1.9,279
90.81,148.7,5.26,7.85,1.58,17.64,14.1,32.77,51.92,2.24,280
34.2,47.89,68.25,4.88,0.29,49.22,19.2,20.45,46.34,5.28,165
87.8,147.03,14.06,4.64,2.88,66.41,94.41,21.17,13.06,2.59,311
92.44,185.91,18.42,19.98,0.54,23.13,11.53,21.84,53.92,3.51,303
3.93,6.65,53.72,14.68,0.93,82.56,19.59,33.44,66.97,1.89,107
29.18,49.28,25.69,13.47,0.78,19.26,9.77,40.92,100.0,1.98,124
178.31,321.15,26.0,19.45,1.21,60.45,6.13,42.5,83.65,3.24,500
41.28,75.27,34.19,24.16,1.24,57.83,2.54,27.88,47.04,0.88,207
23.74,49.16,11.07,11.98,0.48,67.11,12.94,13.42,72.31,2.28,112
11.06,17.44,13.9,21.72,1.33,12.48,13.99,19.87,81.72,0.53,83
26.85,54.77,26.59,6.48,0.8,11.13,17.89,25.49,83.64,0.61,117
60.51,109.49,71.43,26.8,0.57,27.15,17.07,28.0,54.16,2.35,219
22.19,34.85,41.05,9.86,1.6,109.95,1.87,31.99,47.27,3.84,163
103.47,162.0,42.89,40.34,0.93,4.25,8.62,33.65,64.19,4.59,315
33.68,54.72,57.01,11.07,2.48,64.01,8.34,34.97,41.88,4.43,195
82.47,153.42,47.79,3.92,0.43,74.48,26.47,16.64,52.35,1.38,296
162.18,244.52,39.73,14.84,0.1,76.46,19.0,16.66,52.95,0.49,480
155.74,331.45,21.75,10.49,1.34,19.86,29.28,27.96,43.86,6.63,462
81.48,148.08,10.3,2.9,0.43,3.52,18.25,25.17,75.67,3.67,258
25.29,53.82,11.6,41.71,0.4,122.42,20.56,19.65,43.3,1.82,164
63.64,85.38,50.96,10.03,0.4,16.17,6.99,21.2,72.71,2.86,208
83.35,134.06,36.2,2.87,2.23,72.99,27.31,32.06,40.68,0.73,302
274.06,361.9,2.0,10.31,3.64,45.35,2.57,28.56,65.0,1.94,500
10.93,16.89,25.2,6.63,1.52,82.25,4.85,34.35,18.23,3.59,102
63.8,132.44,2.43,7.63,0.39,39.35,54.26,28.31,50.78,0.8,213
101.0,134.63,21.67,16.03,0.36,42.7,15.22,17.5,59.45,1.29,290
71.4,120.84,48.63,5.68,3.57,25.03,23.75,22.08,81.03,1.63,301
77.11,108.4,36.15,24.0,0.63,48.56,41.45,22.58,37.57,1.96,256
35.42,59.33,18.67,6.43,2.99,28.3,36.76,29.0,49.15,1.33,168
122.71,252.17,28.06,4.66,1.89,15.85,16.8,19.15,62.93,3.42,398
67.83,126.22,14.11,12.72,2.47,18.93,2.27,32.41,76.96,5.48,244
76.91,150.98,7.83,2.03,2.68,62.15,25.71,14.01,56.79,1.74,292
131.35,212.02,13.28,10.31,1.06,41.1,15.47,13.31,47.87,1.96,377
52.12,112.05,45.4,9.14,1.02,75.41,51.18,27.01,45.36,2.61,234
150.3,291.32,55.07,8.23,0.88,15.22,26.2,21.48,27.85,0.55,490
21.48,36.07,47.06,3.54,1.18,66.91,5.39,24.15,35.76,1.51,109
80.04,134.77,43.47,5.67,2.97,,33.2,35.27,84.36,4.98,275
33.58,71.43,9.55,24.17,2.28,99.43,14.85,16.95,35.98,0.92,164
26.46,48.12,20.03,4.67,0.93,34.46,17.56,34.56,67.31,4.07,103
206.91,400.52,21.64,27.6,1.13,,31.5,28.96,27.15,4.96,500
22.57,37.81,16.61,20.58,0.42,24.91,15.73,23.02,25.95,0.19,119
68.8,103.29,10.39,9.3,2.43,21.02,11.13,23.75,65.71,1.65,214
20.95,40.87,29.11,28.16,0.76,88.74,24.44,30.79,51.9,4.61,113
144.34,266.61,28.31,16.6,0.81,44.31,18.74,30.76,49.76,3.8,420
48.16,84.34,19.54,9.62,0.74,67.71,33.96,22.28,29.61,6.73,191
130.9,243.68,63.75,5.19,2.01,61.83,4.36,30.0,70.5,3.66,420
98.69,146.8,17.3,10.88,1.38,117.07,15.26,25.47,52.85,3.05,323
249.0,501.63,22.77,34.88,0.27,51.83,23.0,33.0,64.81,3.4,500
17.05,36.72,6.72,10.73,0.93,33.27,4.32,20.24,49.6,0.83,81
28.97,60.89,40.08,41.26,0.4,18.07,5.89,24.24,69.17,5.61,151
126.3,200.72,53.78,7.53,3.56,18.03,15.55,11.18,69.06,3.37,398
82.76,137.83,5.85,22.66,0.1,10.58,38.48,31.46,79.0,2.54,231
55.05,111.61,34.3,34.5,0.28,12.69,5.05,30.15,40.36,7.37,185
220.55,404.83,18.68,8.65,0.36,23.5,2.75,20.84,51.65,4.13,500
65.37,117.21,41.7,5.25,0.55,17.72,8.72,35.36,41.61,1.48,212
34.69,74.02,29.7,1.0,0.29,71.5,16.94,18.74,58.61,3.62,144
131.93,235.16,29.74,9.66,1.03,14.67,19.32,30.58,53.35,3.12,388
66.97,118.11,28.24,19.22,0.49,41.18,12.46,35.44,65.67,12.6,234
70.81,94.72,74.52,5.07,0.58,25.8,13.69,26.61,36.27,1.18,252
104.38,142.22,7.9,7.03,0.18,59.82,11.1,25.72,41.58,1.77,275
107.14,139.99,2.48,14.7,0.82,21.83,26.93,29.75,59.08,4.01,266
28.62,60.73,40.43,21.68,1.56,29.9,9.49,30.02,46.66,2.17,144
52.67,87.82,9.61,14.49,1.87,10.7,42.05,30.38,54.59,1.44,192
19.22,33.09,42.39,4.76,0.93,34.73,12.86,20.51,59.97,5.97,108
83.62,172.33,39.18,7.03,1.12,47.85,4.77,22.69,52.14,1.94,296
204.59,378.14,13.03,5.18,0.92,21.83,13.56,32.07,92.64,2.09,500
29.68,54.87,116.02,13.56,1.13,47.34,18.43,30.56,20.61,4.56,203
15.84,24.82,60.68,6.34,2.33,13.64,50.81,28.66,31.13,3.44,130
39.51,81.01,23.34,5.43,2.68,29.83,31.95,22.46,60.18,5.63,205
54.69,79.25,28.7,5.19,0.2,46.73,5.24,12.94,62.86,1.69,176
107.77,145.26,51.83,38.46,1.43,25.89,16.83,20.08,31.04,0.96,351
50.42,74.24,8.51,14.22,1.98,72.69,10.78,25.84,43.67,0.75,224
84.68,130.48,34.44,29.45,0.81,39.89,3.14,34.09,58.52,2.06,323
44.34,68.9,22.98,27.68,1.54,30.71,14.89,19.65,74.03,2.16,201
56.99,108.47,62.04,28.44,1.47,52.77,19.38,26.68,59.87,2.29,256
33.72,50.45,4.39,24.55,0.95,78.24,19.04,23.09,48.13,1.85,149
25.23,48.16,30.17,41.76,1.33,18.82,20.13,33.67,35.91,2.86,119
110.38,152.54,8.46,13.86,0.7,48.75,7.62,33.33,21.42,0.16,306
46.81,67.05,34.81,14.14,0.5,,28.33,27.84,6.37,4.63,185
88.99,156.45,25.78,14.58,0.85,52.18,10.62,32.79,38.07,2.66,286
33.27,70.86,27.93,2.16,0.91,32.89,8.88,31.52,5.0,1.96,143
,136.19,44.07,6.96,0.81,88.13,4.43,22.11,52.73,0.88,297
7.73,16.79,37.23,25.32,0.27,30.17,24.59,36.54,76.94,1.68,85
49.58,93.49,14.33,9.79,0.94,36.44,10.32,27.17,72.06,2.49,178
36.34,69.34,3.1,24.98,1.11,73.77,17.82,21.13,37.26,1.96,160
140.58,261.83,4.99,10.74,2.22,17.28,2.54,22.94,33.6,3.98,424
21.75,40.47,14.86,34.59,1.69,80.86,14.93,27.11,82.25,1.84,142
58.77,84.18,28.36,30.23,1.8,103.38,14.77,39.78,50.07,5.86,240
82.9,148.35,24.02,4.93,0.45,16.13,16.84,22.26,51.02,3.36,271
127.96,210.81,29.05,2.41,1.73,2.0,19.66,25.59,45.9,1.71,370
116.55,197.94,53.09,3.26,1.25,50.07,15.12,29.58,54.71,10.05,371
62.29,110.33,15.54,2.32,1.43,63.53,21.46,17.49,39.29,8.33,222
68.88,97.5,42.09,16.54,0.39,47.24,75.36,23.06,54.3,2.21,250
140.49,228.1,27.58,15.49,1.78,89.77,18.35,33.06,44.33,1.87,439
61.41,83.34,56.63,15.66,1.27,66.98,12.1,22.77,36.25,2.42,260
74.26,162.01,29.86,13.7,0.73,54.04,14.66,34.24,51.11,7.89,260
143.5,201.86,69.43,18.06,0.79,23.45,7.75,15.37,83.91,2.05,417
270.79,415.03,39.56,4.66,0.99,23.95,43.9,31.02,36.05,2.74,500
78.83,165.71,49.12,37.82,1.05,59.54,30.88,17.29,31.52,0.29,337
94.3,163.56,15.0,18.98,0.23,196.06,23.12,29.56,26.42,2.81,344
114.26,162.48,55.85,4.05,0.79,52.24,9.86,26.39,46.52,3.08,334
142.61,234.72,70.21,6.19,1.07,12.04,28.31,36.68,77.46,2.59,488
130.06,182.64,36.47,16.61,1.52,56.43,5.42,28.53,47.97,3.25,398
41.63,61.62,20.22,32.3,0.76,54.78,4.86,31.9,100.0,3.44,174
82.56,111.2,50.14,6.13,0.4,74.84,14.18,29.08,41.39,1.96,255
130.65,221.38,41.78,4.8,1.32,29.24,49.38,28.94,40.65,2.74,401
162.32,328.86,83.92,23.56,0.22,2.96,44.04,39.67,5.0,2.68,500
58.85,107.54,35.59,24.52,1.71,33.17,39.92,28.54,54.59,2.51,252
81.17,149.82,23.17,10.01,2.36,60.91,24.21,24.23,77.98,1.0,286
87.78,129.96,27.28,5.09,0.75,29.53,27.81,27.32,48.59,1.52,300
67.24,108.22,12.64,7.53,1.54,,12.97,14.96,,3.28,236
79.71,164.27,19.76,41.93,1.0,66.32,15.35,22.34,58.22,3.99,288
375.48,517.82,4.04,23.07,0.44,73.1,24.28,18.33,28.44,8.89,500
57.04,118.18,22.47,18.49,2.22,20.91,25.26,22.44,73.17,6.24,211
60.38,104.78,50.88,10.16,0.24,19.4,21.85,17.7,5.0,4.57,201
14.14,29.03,89.53,26.41,1.14,79.11,13.59,37.42,76.83,7.37,177
11.73,18.61,18.89,6.02,1.85,21.83,17.3,37.76,53.46,4.07,88
92.09,147.8,38.41,8.71,2.19,18.46,41.69,24.98,54.34,1.38,339
131.0,258.92,23.16,7.83,2.15,34.77,10.1,19.91,35.36,4.46,430
115.55,231.85,18.6,7.64,0.47,41.66,4.01,23.79,54.43,0.59,376
33.19,50.01,10.03,3.07,1.06,27.1,14.73,34.18,58.54,3.3,107
111.08,241.65,65.83,1.57,1.29,34.36,55.6,18.79,34.17,3.34,418
59.67,82.11,5.78,10.24,0.61,10.5,7.73,29.31,37.88,1.79,164
49.17,66.95,33.9,32.37,3.32,10.44,35.4,21.3,34.41,1.59,197
19.75,36.26,7.31,25.55,1.33,63.31,26.26,32.92,89.85,2.12,129
36.77,71.72,15.97,15.63,0.67,21.92,15.31,36.32,35.11,4.88,160
93.57,202.55,63.53,11.5,0.22,63.09,11.5,36.86,78.0,0.64,342
81.95,136.41,9.72,43.71,0.23,51.76,33.79,18.22,68.47,2.27,291
73.7,97.49,31.63,17.29,3.13,2.0,18.15,23.42,83.7,1.06,261
6.73,12.41,55.98,7.24,1.06,76.05,12.87,33.43,58.89,4.81,109
74.24,115.88,33.14,11.9,0.11,54.88,35.51,24.79,64.37,5.39,259
41.13,69.49,34.27,30.16,0.45,42.42,7.04,30.76,32.68,4.27,201
82.37,143.29,32.8,1.53,2.29,73.04,25.13,25.01,62.36,5.01,333
145.42,197.49,48.4,27.25,1.6,24.75,20.52,18.47,83.86,2.43,437
46.16,80.19,54.92,11.58,0.31,37.83,14.31,18.03,41.08,2.78,214
70.41,118.54,30.2,9.96,0.86,3.18,18.2,27.15,63.69,3.33,255
219.71,426.53,26.7,6.02,0.4,66.12,37.6,25.58,78.02,3.41,500
79.51,149.57,6.92,15.29,0.87,6.99,4.64,35.39,51.27,4.1,247
64.27,94.27,12.93,16.25,1.73,22.34,25.45,24.12,68.18,1.12,179
33.66,50.0,32.3,12.29,0.25,41.27,25.72,18.84,48.99,2.43,128
113.14,172.64,4.39,6.51,0.58,119.25,26.72,32.21,47.78,2.19,339
28.91,42.24,11.85,18.59,0.43,21.17,23.53,24.02,34.68,9.04,79
149.59,282.95,19.15,33.24,0.23,44.28,43.89,16.2,85.5,2.81,450
102.55,225.1,8.71,31.99,3.22,58.22,29.1,29.56,62.31,1.03,404
42.3,79.81,12.17,7.15,0.57,77.47,8.05,22.04,40.51,0.62,162
34.62,63.91,34.18,6.71,0.22,67.82,13.22,15.44,58.52,5.03,177
35.32,58.95,22.87,13.13,1.12,58.0,16.51,30.23,58.7,10.01,163
11.97,18.92,40.8,3.67,0.98,13.13,13.13,21.6,41.56,0.14,63
90.58,192.02,18.39,17.07,2.04,39.32,19.86,33.55,64.88,2.45,306
7.86,17.07,22.61,7.05,0.92,21.59,10.52,25.61,59.69,2.64,67
61.3,107.1,29.69,6.08,0.54,39.19,38.87,24.58,54.4,2.75,225
58.41,91.18,12.78,25.96,1.34,20.94,4.49,42.12,66.83,2.51,200
50.92,101.5,35.65,4.1,1.38,19.55,52.28,28.15,79.31,6.19,201
90.15,127.94,10.14,19.12,0.8,63.23,6.72,25.13,67.57,1.37,263
42.38,84.3,14.06,1.49,2.65,28.39,9.0,28.23,57.6,3.68,180
74.38,151.52,16.28,36.36,0.57,27.93,24.51,28.19,24.93,0.92,235
149.57,211.26,14.85,12.04,1.22,8.61,35.19,38.84,56.97,0.29,385
97.56,212.61,26.01,2.72,0.11,77.1,15.75,23.48,23.56,7.44,336
47.53,103.95,14.89,11.61,2.01,78.2,15.56,28.96,76.97,2.55,198
65.71,140.82,21.31,40.13,0.27,5.13,64.78,25.61,69.6,4.53,252
50.97,89.01,52.58,3.65,1.14,96.11,23.97,33.43,48.32,3.24,235
57.79,87.92,55.7,19.28,0.87,13.29,17.45,29.77,71.62,2.53,187
76.01,138.63,2.0,14.46,1.12,91.08,34.56,23.76,34.61,3.1,247
18.89,31.69,34.15,6.94,0.96,58.77,7.97,26.24,33.43,2.44,132
14.8,21.98,3.32,12.22,1.13,39.71,56.23,30.08,60.34,5.02,74
31.27,52.57,35.83,12.2,1.07,19.82,9.72,19.66,41.64,2.58,164
93.1,176.66,46.93,1.22,0.71,80.78,8.88,30.98,51.39,4.34,310
101.93,139.01,16.97,5.32,0.64,60.5,12.36,20.87,86.3,7.54,319
112.28,179.66,56.72,7.94,2.12,51.14,1.78,34.69,82.43,4.13,371
32.34,42.56,13.15,31.66,0.95,65.61,11.23,34.86,46.65,3.02,156
70.12,138.45,50.76,49.39,2.02,28.82,14.05,16.47,41.81,0.87,314
48.68,91.36,46.09,2.72,1.22,59.46,36.84,29.92,6.18,0.99,244
59.59,80.83,6.49,21.35,0.24,40.85,12.15,25.03,100.0,3.92,182
48.02,104.11,18.17,2.41,0.46,22.45,42.84,23.96,5.0,2.54,187
79.08,104.41,5.37,42.41,1.07,20.97,22.71,26.39,56.33,0.86,232
38.24,70.02,8.93,15.86,1.9,69.44,4.91,27.92,36.09,6.92,160
138.91,277.64,57.97,9.85,1.72,19.17,28.13,15.01,71.58,5.95,456
139.71,280.7,35.69,7.88,1.13,11.2,22.86,13.15,50.31,3.88,428
91.13,121.29,14.74,11.39,0.74,35.39,18.2,36.65,55.21,0.4,208
128.46,271.79,3.56,6.0,0.84,152.83,15.36,26.33,48.7,0.4,426
18.18,38.66,5.07,8.83,0.44,53.47,47.49,26.27,48.93,2.23,95
144.19,260.29,21.57,3.69,0.91,21.45,16.28,20.76,62.25,3.08,389
85.23,147.77,59.98,17.54,0.22,46.0,20.29,24.53,47.84,1.14,323
40.14,53.8,42.49,8.11,0.75,99.35,33.73,19.34,62.42,0.77,175
36.93,66.69,22.23,12.86,3.87,53.37,29.27,25.23,67.54,3.75,196
176.41,294.33,22.27,28.78,0.51,71.33,8.87,24.93,33.84,4.83,500
113.48,226.45,30.02,19.24,0.34,61.44,30.32,24.36,86.5,4.43,369
58.42,97.19,53.09,5.1,0.24,43.44,3.99,26.77,51.68,2.49,218
17.97,34.42,10.76,17.96,0.58,55.75,19.99,25.91,53.9,1.06,100
148.97,207.26,29.62,13.52,0.44,54.7,14.38,32.33,23.08,3.25,419
25.4,36.06,8.5,1.15,0.86,32.1,2.96,34.63,53.63,0.87,93
49.37,70.39,27.95,18.23,2.88,11.14,37.26,27.62,35.68,1.89,199
58.36,78.26,22.0,12.01,2.72,64.28,7.61,21.53,72.65,2.54,203
36.47,65.18,5.61,7.48,0.59,70.47,21.81,27.99,54.97,1.2,163
56.43,113.68,30.03,19.76,1.32,28.95,16.23,23.36,38.65,4.84,223
65.0,120.2,16.34,5.82,0.91,20.46,4.02,30.62,57.83,0.67,200
55.56,100.97,18.11,18.41,0.17,43.67,10.44,13.71,66.78,2.63,165
81.83,156.51,11.82,29.69,2.27,26.34,12.25,25.75,8.66,5.15,302
180.6,289.99,27.44,4.2,0.22,43.09,50.84,34.99,55.81,2.79,486
18.85,30.65,26.07,17.67,1.46,62.11,17.09,29.32,,5.23,131
73.17,115.82,41.04,10.35,1.49,39.79,1.0,37.85,60.54,1.66,252
25.65,49.79,32.48,13.91,0.49,50.08,16.54,15.27,73.94,1.07,145
17.1,24.72,11.94,7.21,0.87,31.95,4.15,21.34,62.21,4.53,105
122.11,160.17,42.57,11.13,1.13,16.31,14.84,23.14,55.8,0.74,333
77.66,142.62,49.88,7.36,1.64,42.18,11.99,28.03,73.41,2.93,268
16.03,34.44,13.41,4.42,1.32,21.97,2.08,33.51,49.7,0.3,90
56.39,104.23,19.17,21.91,2.19,8.52,14.83,23.23,79.25,3.86,231
31.34,62.82,16.01,2.52,0.46,43.47,14.62,19.05,67.93,1.5,119
57.88,110.3,25.26,15.86,1.31,20.9,26.29,21.68,73.48,0.71,215
104.38,182.43,12.45,8.35,0.4,9.55,5.13,27.98,23.6,2.1,267
97.34,189.47,40.49,11.12,1.7,85.47,2.65,22.52,62.43,1.16,372
48.28,98.58,10.15,15.23,1.2,45.68,10.69,25.85,75.61,0.49,184
125.89,189.12,17.83,26.46,1.21,88.48,10.62,18.13,57.56,1.35,403
157.19,251.9,31.67,7.28,0.54,19.3,17.88,35.98,95.76,1.39,445
105.54,158.46,25.25,3.74,2.13,11.64,39.51,30.06,62.32,0.46,317
42.19,72.01,26.22,11.73,0.9,15.13,20.81,28.06,44.05,2.01,177
59.31,124.35,9.14,11.82,0.21,44.07,9.96,18.01,54.19,3.49,201
176.97,285.04,22.17,34.81,0.26,95.08,10.18,33.68,93.82,4.83,495
51.11,83.67,48.39,3.93,0.99,43.55,21.18,24.51,88.76,7.44,219
97.55,202.34,39.03,19.17,1.01,19.9,26.01,38.92,35.41,3.6,364
36.06,63.6,19.44,14.32,3.9,41.37,21.19,25.15,37.27,1.65,172
126.47,225.36,24.92,25.01,2.69,40.95,36.53,27.46,85.25,4.14,417
32.69,67.81,28.59,3.77,1.04,55.28,6.5,20.21,53.73,7.16,185
61.24,106.65,57.2,10.79,1.63,76.21,11.22,19.47,59.79,3.59,257
95.22,182.19,17.0,28.11,0.32,28.89,23.8,34.12,56.84,4.65,284
200.29,275.82,38.61,1.0,2.68,32.0,11.95,26.02,65.03,1.82,500
76.65,111.97,25.21,3.09,1.53,19.92,10.34,37.03,67.42,4.07,230
53.56,89.12,48.31,18.35,0.87,44.47,35.76,20.55,43.93,0.63,244
50.53,88.2,51.68,2.7,0.68,78.93,40.43,18.91,70.29,0.21,216
122.85,266.49,26.43,11.49,0.1,,12.61,23.12,65.95,5.67,410
90.04,195.71,14.83,5.01,1.08,36.32,8.22,15.76,100.0,5.84,300
102.99,212.79,47.33,13.96,0.5,9.35,23.83,25.37,72.68,2.58,348
169.03,267.75,24.51,40.05,1.78,51.19,51.89,33.16,83.21,1.2,500
68.25,147.94,7.52,6.19,1.6,17.25,39.21,34.54,51.27,1.4,195
85.72,164.61,5.75,5.46,0.94,17.57,19.62,15.14,80.19,3.09,267
50.01,82.69,24.6,26.72,1.98,19.43,7.69,14.08,85.28,1.15,217
34.92,67.44,2.0,4.07,4.16,38.8,4.13,22.49,,1.81,151
40.74,53.57,16.25,2.81,1.16,32.43,4.05,15.26,72.62,0.27,159
4.73,6.77,49.61,4.8,0.94,70.61,17.08,34.03,52.97,1.09,91
94.56,193.54,55.88,16.79,1.09,8.81,16.46,25.93,19.46,3.18,336
88.02,165.57,49.63,5.08,0.42,21.79,7.18,23.56,71.32,1.56,298
93.2,151.71,24.97,14.6,1.4,8.89,27.46,33.69,65.56,0.39,315
33.01,57.78,11.85,18.59,1.31,13.47,11.73,27.72,82.37,12.95,91
41.31,87.37,53.19,8.6,1.46,42.63,22.54,21.62,57.74,6.24,216
40.24,75.19,27.85,8.13,1.19,11.93,9.44,20.45,61.06,5.65,160
134.61,223.23,7.26,10.85,1.94,21.95,29.03,19.26,58.27,0.41,400
74.66,105.14,26.05,41.44,1.74,24.0,12.35,29.4,7.08,3.12,255
67.72,105.94,47.68,7.22,1.95,,27.57,30.88,55.08,3.52,292
109.43,238.6,2.83,11.37,0.52,78.9,23.85,38.21,72.56,3.44,392
40.35,68.34,21.53,34.51,3.57,10.59,6.3,18.61,57.22,0.36,179
84.28,145.36,60.45,36.57,1.86,78.08,22.64,30.97,61.12,1.9,346
216.85,379.21,24.87,6.63,1.37,36.07,9.11,19.68,76.49,3.69,500
148.52,311.26,9.21,4.02,3.01,66.08,22.88,28.28,58.04,3.18,500
83.4,153.76,44.11,22.22,3.92,97.67,11.18,23.43,60.84,3.08,324
69.57,133.87,36.19,10.54,1.77,9.78,10.31,28.39,28.3,1.63,230
92.65,152.92,27.86,33.79,0.42,23.43,6.1,33.66,42.37,0.1,310
161.86,214.65,9.52,2.24,0.79,27.52,17.45,31.99,81.17,2.37,411
154.55,330.41,30.68,4.02,0.92,19.1,20.08,13.34,68.1,5.64,500
179.38,386.42,38.62,11.55,1.98,6.62,14.16,18.41,76.72,2.18,500
77.65,167.28,7.21,12.64,1.86,57.73,4.48,20.05,86.38,5.96,286
7.78,16.73,29.81,5.71,1.64,17.53,37.6,36.3,58.84,6.15,93
207.22,421.44,19.98,13.31,0.82,63.34,3.6,37.91,,5.93,500
34.85,66.78,4.71,23.41,1.54,55.61,38.64,32.01,44.31,3.49,196
108.23,222.97,20.76,12.08,2.75,46.46,36.67,21.94,47.94,7.19,384
7.98,14.69,17.39,23.07,0.9,35.24,14.71,36.7,58.14,3.29,105
66.7,94.78,22.49,8.45,0.12,58.31,17.53,25.02,39.02,1.42,224
51.18,84.56,15.66,25.51,0.88,31.85,23.84,23.77,38.08,1.59,190
179.64,390.56,5.69,16.35,1.07,30.54,21.79,10.93,87.98,4.23,500
84.14,135.97,58.25,4.69,1.38,30.13,25.89,37.12,70.85,1.09,276
66.2,137.76,108.24,16.1,2.0,10.46,34.44,28.62,86.58,1.68,357
90.64,125.44,17.9,11.44,0.24,97.62,16.06,24.98,37.64,0.93,280
2.57,5.0,24.56,13.25,0.57,50.48,22.35,31.46,70.8,1.08,49
39.6,64.0,106.61,11.35,0.29,46.37,22.24,24.7,90.73,2.77,217
44.66,60.13,9.36,6.77,2.29,21.28,34.14,30.81,51.52,8.8,138
100.54,141.48,14.87,14.56,2.04,45.6,1.0,27.95,44.09,5.53,311
28.64,42.22,33.42,12.04,1.17,25.05,41.21,21.9,67.4,2.86,166
75.3,154.67,28.9,3.4,0.65,30.43,4.29,18.3,68.75,2.8,241
61.62,83.63,47.94,17.66,4.16,59.51,5.41,34.06,56.85,0.67,250
41.37,64.9,36.87,1.57,0.73,20.62,13.04,12.48,64.51,2.46,116
43.57,57.04,63.69,19.34,1.73,73.42,22.73,17.58,94.72,1.52,202
61.21,117.9,31.35,3.99,0.51,12.65,8.64,20.44,66.18,2.25,184
10.76,20.0,7.45,4.17,3.96,25.92,7.22,21.95,90.73,1.62,129
110.42,207.65,18.05,2.78,2.56,53.27,27.55,27.32,40.68,2.82,337
34.65,56.71,44.12,49.16,1.32,62.31,14.07,26.22,22.7,1.06,206
53.68,79.85,20.92,29.45,1.15,2.87,36.0,17.79,61.33,2.8,196
175.46,341.85,30.24,6.92,0.45,19.39,11.15,23.46,78.7,5.5,500
111.69,226.72,30.59,12.83,1.28,102.79,4.6,34.29,35.8,4.25,383
24.3,34.62,13.59,17.11,1.02,22.42,16.35,27.31,51.39,12.82,133
2.0,5.0,17.25,4.42,1.28,11.15,20.34,31.02,87.87,7.93,53
93.3,142.18,28.1,1.0,2.39,17.12,10.67,17.5,82.07,2.83,265
55.3,80.26,42.74,6.93,2.94,18.76,12.07,25.56,51.49,6.99,212
75.62,148.29,7.78,3.36,0.39,11.66,8.12,32.05,65.59,10.76,217
109.23,194.89,25.39,6.58,1.04,9.84,42.03,27.63,75.47,4.32,322
120.83,180.59,55.16,12.71,1.04,88.94,27.16,19.79,65.57,4.91,400
47.43,74.89,23.98,1.56,0.83,79.99,27.04,29.64,88.84,1.29,199
60.47,131.22,34.22,9.55,0.81,82.95,2.77,26.99,44.96,5.76,246
86.0,177.49,62.86,10.2,0.35,34.02,29.9,24.13,66.67,0.68,334
89.91,188.08,27.76,15.74,1.75,38.41,16.35,30.64,73.79,2.99,330
75.1,128.72,61.57,12.33,0.75,80.12,13.85,20.85,30.97,0.52,308
163.16,303.72,18.26,13.58,0.97,19.93,24.32,24.86,37.14,1.58,500
89.22,146.24,50.92,10.95,0.93,85.91,7.02,25.47,58.34,2.38,304
108.15,148.16,30.13,17.32,0.21,3.31,9.9,32.46,80.39,1.59,267
79.62,132.24,30.73,15.37,0.65,35.21,20.02,27.6,66.68,3.47,273
28.46,52.21,34.38,2.78,2.37,36.73,28.58,23.43,47.18,3.69,191
39.5,61.56,30.28,22.51,2.83,76.21,11.97,22.24,54.44,1.33,203
23.37,48.21,31.14,9.32,1.49,64.12,12.3,17.03,82.02,2.94,121
129.81,186.4,77.05,24.14,0.13,73.33,10.75,21.37,67.13,1.61,432
15.94,25.99,35.43,13.19,2.76,9.37,13.73,26.59,63.61,2.53,90
58.65,82.83,51.54,24.48,0.4,98.44,14.13,14.04,57.11,1.73,245
49.46,82.32,13.28,20.75,0.38,70.96,27.19,26.34,54.06,1.81,150
48.47,64.74,5.88,4.83,1.9,31.03,17.07,20.03,48.77,2.45,148
51.78,80.02,6.44,5.7,1.42,24.11,11.24,33.06,78.62,4.62,203
182.97,303.85,8.4,27.19,2.24,32.81,5.56,25.43,47.85,1.9,500
9.93,17.18,62.56,18.64,3.2,42.67,21.19,26.53,82.89,9.9,157
150.23,268.81,6.17,28.33,1.47,53.16,22.03,19.57,37.3,1.95,463
55.18,85.4,22.33,4.19,2.58,15.64,28.07,22.67,46.48,1.73,183
115.66,204.8,90.08,7.5,0.39,19.61,43.83,25.23,100.0,3.14,434
69.22,121.7,40.18,9.39,1.25,19.4,19.92,29.9,79.46,3.63,235
25.62,40.6,16.2,15.93,2.42,53.01,13.45,25.42,32.98,3.34,138
159.52,326.57,12.48,6.15,0.66,29.22,26.13,23.11,75.25,4.04,472
143.95,257.83,18.75,22.25,1.79,40.51,11.2,21.75,78.17,3.57,453
27.37,43.76,31.41,13.94,2.5,49.86,12.6,28.59,71.2,5.9,199
98.15,211.27,19.52,13.94,1.08,3.34,11.1,25.19,53.02,4.17,299
40.99,84.46,40.19,14.26,1.04,38.67,17.32,18.33,41.51,11.68,190
16.65,36.37,74.91,9.31,1.96,39.71,27.11,28.62,79.22,2.65,185
34.72,66.76,14.2,14.88,0.16,12.25,13.89,39.7,55.5,0.61,105
153.58,251.93,77.36,17.93,0.77,69.84,28.05,23.95,31.51,3.09,498
117.53,182.5,28.52,7.87,0.13,36.1,13.82,28.75,47.48,3.12,352
52.25,99.12,19.06,6.16,1.27,45.42,24.74,26.6,26.73,2.46,184
154.04,336.24,12.32,10.33,1.69,31.13,9.45,27.2,38.47,0.87,473
136.89,255.16,36.64,10.42,0.8,24.82,14.98,39.45,74.84,4.07,368
34.76,72.78,15.01,20.37,1.02,34.96,8.49,18.45,55.47,0.51,134
178.35,284.68,39.13,8.21,0.56,33.9,31.47,28.69,81.45,0.37,477
49.08,81.79,25.3,21.71,0.65,13.17,33.63,27.15,38.97,3.17,179
,115.09,17.55,25.07,1.98,35.8,17.08,17.3,,4.28,182
10.22,20.26,24.95,10.9,0.94,147.08,22.1,30.23,67.38,2.57,116
40.37,88.14,35.76,13.67,0.94,60.03,32.74,13.91,34.37,1.72,196
58.98,117.81,22.64,21.42,1.23,15.24,27.4,31.76,42.16,1.56,215
81.18,138.3,15.03,27.79,3.61,13.25,10.53,25.08,44.64,2.38,298
25.7,45.7,13.31,12.55,1.74,48.75,9.91,27.69,62.2,0.92,136
36.11,76.2,41.86,6.47,0.92,21.92,6.34,29.62,30.65,2.36,133
180.84,324.88,9.41,21.14,1.7,37.05,5.38,14.9,60.82,0.49,500
131.05,200.48,13.98,11.06,1.31,70.25,12.29,31.07,81.71,2.5,344
146.98,248.7,5.85,5.7,0.89,37.38,22.43,30.38,49.89,3.53,406
62.7,110.64,24.01,27.89,0.1,34.92,8.67,25.49,45.87,2.38,199
82.86,114.94,10.79,14.25,1.7,39.13,45.98,32.14,66.72,5.32,252
99.62,196.19,22.49,29.91,2.22,70.48,10.84,38.65,57.39,2.02,353
179.17,250.55,23.1,19.89,0.16,29.37,19.61,38.84,57.73,1.14,482
16.29,27.12,24.17,11.33,1.46,27.03,10.52,40.04,75.3,2.45,97
43.68,88.41,16.24,23.32,2.7,11.88,5.81,16.64,64.46,2.17,173
77.68,133.68,41.65,21.22,0.46,75.74,16.5,25.54,50.68,2.15,246
69.54,143.1,19.53,5.06,0.99,19.56,47.06,27.8,44.81,1.11,252
35.73,57.44,14.22,19.58,1.07,10.93,30.47,26.61,73.94,1.62,114
93.88,202.97,6.46,38.65,2.48,26.16,37.51,33.88,40.78,5.01,309
45.06,67.07,46.44,11.53,0.56,11.85,20.56,17.71,64.06,3.27,153
65.95,88.0,15.69,21.13,2.27,22.17,6.02,20.39,60.83,1.27,232
91.07,189.9,39.52,44.56,3.01,42.11,13.14,24.26,50.46,1.32,363
46.75,92.42,18.79,9.58,1.6,79.99,13.83,28.15,18.34,0.94,209
111.12,167.66,79.99,15.14,0.79,67.32,20.58,27.23,82.17,2.79,368
124.76,272.76,78.15,14.44,0.25,11.36,23.67,28.95,13.27,5.37,435
36.86,64.58,31.36,13.03,0.93,16.02,40.49,30.8,8.52,2.93,191
44.81,96.6,31.65,44.1,0.66,53.94,19.19,32.63,68.62,0.72,205
29.16,51.17,29.25,3.16,0.32,18.81,2.37,31.26,70.33,4.02,94
64.89,111.92,19.37,11.75,2.04,33.8,7.37,25.32,38.37,3.49,217
81.14,138.28,43.9,10.83,0.77,66.41,6.94,24.53,85.06,2.16,295
50.27,80.5,24.4,11.05,1.59,48.83,15.89,23.55,33.41,4.87,218
79.57,141.66,9.58,5.17,0.34,82.71,47.23,37.16,73.53,4.0,217
43.88,74.92,20.66,25.72,0.86,11.41,5.49,18.35,73.9,1.46,157
45.01,60.0,9.97,19.57,2.83,33.84,34.93,30.98,65.78,1.09,169
84.07,129.0,9.31,6.86,0.76,4.61,13.84,25.77,83.76,3.88,225
47.37,70.66,13.21,8.28,0.78,28.13,35.03,45.66,39.55,2.18,142
62.36,129.75,71.24,4.55,1.15,18.23,23.44,19.22,45.62,1.51,247
86.15,158.42,34.23,9.09,0.47,17.34,21.59,19.12,45.74,5.83,254
78.76,156.53,20.71,15.02,1.49,17.12,5.41,40.35,80.8,6.06,247
44.37,95.9,19.23,3.56,2.09,50.98,16.33,21.91,57.27,3.55,185
133.11,250.19,26.49,9.94,1.37,46.33,32.93,28.67,42.43,1.14,418
2.0,5.0,15.79,2.32,0.53,21.04,67.5,12.45,27.7,1.17,61
96.63,152.73,35.64,7.45,0.85,48.1,36.24,27.18,20.33,3.1,313
77.69,114.02,27.99,15.67,1.57,39.07,3.89,24.27,81.31,4.55,255
25.84,42.97,33.08,9.53,1.97,19.76,42.83,29.02,66.02,7.19,154
70.76,121.98,19.67,3.39,2.62,12.29,2.96,24.41,86.62,3.6,214
39.73,83.66,90.97,15.04,0.56,25.41,19.48,24.44,61.12,2.53,209
91.92,165.82,9.87,11.03,2.36,30.04,11.96,37.34,53.25,4.19,286
2.0,5.0,36.09,7.38,1.88,74.78,15.71,34.21,64.14,1.8,93
53.83,105.95,16.58,9.22,2.04,25.48,39.53,28.37,93.3,4.07,222
42.83,75.18,27.83,9.35,1.61,71.89,23.58,36.31,42.75,0.5,194
111.39,161.07,30.54,5.75,0.44,16.39,14.29,34.83,60.05,3.09,331
10.66,19.38,78.15,26.73,1.09,88.17,30.03,34.03,32.45,0.17,193
67.53,143.19,30.93,29.12,0.16,92.48,26.95,39.37,17.56,0.83,265
95.83,197.26,20.36,1.0,1.26,32.42,3.74,27.42,63.51,4.85,275
200.41,366.37,15.12,11.82,0.8,27.59,6.64,32.45,64.77,2.12,500
44.9,73.6,106.46,32.82,0.1,16.09,18.42,31.88,56.58,4.92,234
,113.17,38.46,8.58,0.47,26.96,40.58,22.55,47.72,2.08,253
11.47,19.76,42.76,23.53,5.89,24.65,27.6,29.48,73.75,3.43,178
65.07,128.63,4.02,20.3,0.5,78.24,9.43,30.46,52.17,1.17,224
139.45,226.49,16.06,5.6,0.45,,28.96,31.33,63.79,8.24,389
201.64,304.85,36.11,11.21,2.25,59.66,3.51,18.16,90.6,4.68,500
87.53,187.16,6.8,12.22,0.59,21.86,25.62,14.75,69.06,0.33,260
15.33,31.26,26.98,7.64,0.72,24.59,21.61,28.29,76.69,2.84,78
,288.59,60.09,17.21,1.62,4.27,5.04,27.14,61.85,0.81,500
15.47,22.02,11.62,20.52,1.02,28.34,27.64,31.84,15.12,0.67,107
23.61,33.77,13.99,13.48,1.03,18.42,36.05,30.5,75.76,2.38,105
162.38,226.18,51.47,21.94,0.48,105.23,13.82,27.2,69.6,1.79,485
61.66,114.36,16.12,13.8,1.93,66.23,4.69,16.81,56.53,3.48,242
40.99,57.55,12.82,12.09,1.54,19.0,21.2,23.0,34.62,0.91,141
104.76,215.64,64.88,1.88,0.5,12.8,74.18,27.55,74.5,1.44,377
73.51,161.25,24.37,3.72,1.06,45.47,23.63,25.42,56.11,0.62,299
131.43,214.19,11.5,36.86,1.78,47.96,17.95,24.85,49.88,0.78,430
75.93,129.72,53.7,18.54,0.62,11.0,5.9,28.96,55.24,1.38,242
77.17,149.74,9.79,32.17,1.14,43.12,11.54,29.73,31.36,1.27,268
128.41,275.24,25.78,10.61,0.15,82.61,28.19,37.5,63.11,1.38,403
61.05,128.48,29.66,53.68,1.74,48.76,16.0,26.49,49.81,1.04,282
31.41,42.46,15.22,11.57,0.6,31.09,11.45,32.74,59.84,3.93,96
108.8,157.99,41.18,10.69,1.17,27.73,2.99,27.29,37.1,3.45,356
52.35,103.61,12.51,2.24,1.89,28.97,32.23,22.54,90.51,1.4,172
80.25,154.09,43.12,22.23,1.39,13.14,17.61,24.49,58.03,2.23,271
8.83,12.53,22.06,31.79,0.43,83.57,10.03,26.42,47.44,5.24,72
59.22,103.74,10.89,42.88,0.73,51.27,25.0,22.75,25.9,5.13,208
43.35,86.82,26.25,12.62,1.45,11.09,2.56,25.73,59.49,1.36,177
8.5,12.73,32.12,6.65,0.11,22.99,10.64,33.91,53.23,0.64,84
60.61,126.32,3.99,11.22,1.35,21.17,44.11,23.51,92.66,4.94,194
62.13,83.73,60.51,18.24,0.45,108.15,16.23,17.77,46.99,0.65,272
84.33,168.99,23.54,9.63,1.56,24.76,2.16,29.9,64.18,0.99,276
137.93,255.76,17.96,10.84,1.31,8.43,23.35,29.48,,1.28,383
123.79,196.04,30.57,12.17,2.02,19.03,18.43,28.06,45.48,2.37,393
45.8,89.26,25.5,12.79,1.83,73.55,33.31,30.09,82.64,5.48,201
74.62,149.55,16.94,3.92,1.85,33.39,22.46,19.18,52.25,0.65,248
92.8,198.63,31.14,14.96,1.1,28.78,27.4,26.53,43.66,1.85,355
46.84,76.4,43.16,6.06,1.03,27.93,31.6,22.52,52.65,4.96,202
16.96,32.52,18.94,13.72,2.03,,25.43,38.46,30.33,6.29,150
55.86,102.92,2.0,2.66,1.01,52.45,6.7,25.88,43.08,4.06,176
141.68,251.16,39.28,27.73,0.61,53.84,52.7,27.87,80.07,4.09,460
16.14,33.91,23.29,12.39,0.91,10.87,13.65,10.96,49.52,1.6,71
28.65,37.33,11.01,10.45,1.06,9.05,2.55,14.0,84.06,1.17,114
34.29,53.28,32.85,25.47,0.58,16.14,24.59,37.13,61.38,4.86,135
28.95,51.65,10.99,18.25,0.88,40.94,17.28,26.81,87.11,2.74,102
105.07,153.46,38.39,9.56,0.56,27.43,6.6,22.76,56.81,1.49,297
39.6,83.84,9.47,29.97,0.89,2.0,10.02,23.3,88.71,0.34,151
106.96,201.38,16.11,12.42,0.56,31.99,38.71,28.35,45.61,1.19,377
67.48,116.74,5.16,11.73,0.57,32.33,4.79,28.45,94.86,4.47,204
12.36,25.13,15.59,13.99,0.39,12.77,25.52,23.63,70.38,0.76,67
47.65,81.28,17.98,45.18,2.35,114.87,27.54,28.28,39.19,2.72,252
126.21,227.52,23.42,2.34,1.37,36.5,9.21,23.02,5.55,1.75,384
73.0,95.08,19.46,47.78,1.92,27.57,27.16,29.23,54.5,3.36,225
50.52,82.31,9.81,24.84,0.27,23.87,10.34,34.85,42.84,1.75,169
142.78,203.45,22.78,9.85,2.9,49.17,12.67,24.61,86.94,8.29,443
26.19,50.3,15.92,8.55,0.52,17.46,11.81,27.59,69.41,3.24,99
40.79,70.62,26.78,15.48,0.56,50.03,27.76,24.92,48.91,1.17,173
118.55,186.31,12.39,17.79,2.99,111.46,11.04,12.21,53.95,4.29,393
103.63,178.36,15.09,28.52,0.8,10.7,41.13,33.29,59.65,2.93,336
24.24,36.08,31.21,11.78,0.91,40.16,8.49,23.22,83.7,1.24,112
90.66,193.35,20.14,11.79,0.15,33.44,23.32,23.76,62.06,3.39,290
39.07,52.69,6.09,1.12,1.03,9.12,47.0,30.1,56.34,1.43,129
8.0,16.63,63.19,8.09,0.45,92.14,27.41,38.99,54.27,3.14,117
51.3,90.3,40.82,37.2,1.63,14.19,23.74,32.09,75.9,1.73,206
209.81,389.62,39.86,18.79,1.48,34.7,5.44,25.46,52.87,3.81,500
127.64,200.69,5.09,18.54,1.13,20.25,16.29,32.0,72.71,3.99,372
63.09,136.92,3.15,8.82,1.38,19.41,15.12,30.57,52.93,9.32,198
15.12,23.49,46.5,7.9,0.97,70.97,3.11,26.26,47.19,0.18,113
8.33,15.23,9.72,18.91,0.94,53.65,41.69,33.79,73.02,6.76,80
67.63,148.39,27.34,15.91,0.42,29.59,8.25,32.43,43.54,3.18,251
86.63,181.32,15.55,18.97,1.74,21.23,45.59,39.63,54.18,1.93,297
105.89,188.77,3.48,13.7,3.14,9.01,2.8,24.51,78.86,5.55,316
97.89,214.52,13.37,15.93,0.88,85.93,17.21,27.48,64.44,4.4,348
103.56,199.99,30.91,3.74,1.21,11.67,26.11,38.73,85.71,6.51,310
79.47,118.24,21.03,40.63,1.95,79.04,11.76,21.99,43.65,4.7,283
140.79,234.43,71.41,9.13,2.56,63.37,13.9,24.69,66.9,4.46,418
43.28,69.3,37.59,14.12,2.48,16.8,21.85,25.27,93.59,3.48,191
66.9,107.68,32.44,1.26,0.18,12.23,5.22,28.29,60.47,2.05,204
12.42,24.64,27.25,7.76,0.18,36.08,4.6,33.34,67.34,3.07,81
42.55,77.68,10.95,13.33,2.63,37.6,36.19,30.79,83.14,2.69,143
125.36,167.26,11.22,18.16,1.39,18.31,4.6,19.51,80.21,2.42,324
101.35,211.79,23.81,1.81,2.48,63.73,9.4,29.39,86.03,1.44,367
4.89,7.66,13.46,13.31,1.38,106.67,5.32,34.11,41.12,1.32,128
219.71,482.79,63.45,28.61,1.26,65.62,9.22,34.43,61.34,4.43,500
73.14,157.89,37.18,16.83,0.1,66.72,14.87,44.92,68.05,3.6,310
74.13,159.11,50.34,30.55,3.55,49.28,4.41,33.71,52.55,2.67,355
40.38,81.97,2.0,18.16,1.22,10.25,25.85,16.71,35.21,4.6,151
47.84,71.69,31.97,8.56,1.57,24.2,17.84,27.1,46.85,8.08,197
72.56,129.11,6.02,11.08,1.68,73.55,28.43,24.46,5.0,5.02,283
97.51,146.45,56.38,14.43,0.86,25.51,24.51,24.62,64.86,8.5,320
82.1,125.92,35.46,19.54,0.67,25.0,14.44,26.09,19.76,5.06,243
43.03,79.59,38.97,20.49,1.75,17.91,2.61,32.03,43.45,1.83,195
31.03,41.49,40.29,9.49,2.12,41.19,1.8,23.45,76.34,2.76,150
29.22,63.49,14.88,9.32,1.87,43.28,42.77,25.63,50.88,1.98,140
131.79,280.28,76.67,8.13,0.75,26.94,15.31,15.19,62.74,1.05,462
121.58,199.72,36.93,3.1,1.02,64.64,36.42,14.96,98.31,4.21,369
91.52,161.42,27.68,24.01,1.51,6.24,25.36,30.69,55.4,1.83,292
131.17,225.54,16.27,9.6,0.68,28.75,21.17,31.15,,0.86,368
59.53,124.65,22.14,4.82,2.04,119.62,23.16,27.4,75.23,3.15,250
114.77,220.34,54.56,18.02,1.77,37.7,13.96,37.22,44.42,1.34,394
94.76,146.91,19.15,19.35,1.03,27.97,16.71,29.24,30.77,2.45,312
116.83,198.86,14.42,3.95,2.72,74.61,4.96,15.65,74.02,3.68,349
26.66,44.96,34.07,28.14,0.89,37.98,17.64,32.78,69.15,1.75,162
3.89,8.42,23.55,25.52,1.4,37.85,30.03,14.69,46.61,0.62,124
78.68,114.7,14.72,14.05,1.36,47.23,37.36,39.42,37.9,2.93,234
49.95,68.96,47.61,13.61,1.5,30.29,3.85,36.73,75.08,3.57,196
6.31,13.2,10.18,23.83,1.78,53.37,9.07,40.95,62.3,3.83,80
145.63,306.84,19.6,8.97,1.44,59.81,2.83,35.18,48.95,3.41,432
121.8,253.91,11.7,28.34,2.5,109.13,2.57,33.47,76.89,0.1,440
83.56,147.06,75.55,1.89,2.01,71.31,45.75,36.43,46.48,3.78,349
32.7,61.93,36.32,15.15,0.35,36.21,28.21,28.45,14.7,5.13,171
11.81,21.34,30.47,12.01,3.02,38.49,14.75,19.23,45.67,5.4,125
6.19,8.43,12.18,3.72,0.76,10.24,36.86,32.87,43.23,0.63,53
42.29,77.66,75.55,24.35,0.89,41.82,2.88,36.28,47.34,2.86,206
104.58,137.23,6.47,7.95,2.85,40.33,20.15,37.99,45.94,1.99,273
50.36,80.2,19.37,22.12,0.87,19.42,32.2,19.28,10.71,4.22,190
92.29,197.41,21.64,18.83,0.65,40.44,46.9,8.14,72.54,6.52,347
95.44,150.18,6.61,6.2,0.66,8.3,16.15,32.11,41.02,3.95,233
103.56,222.22,25.58,1.98,0.33,97.95,14.97,33.38,16.12,1.45,367
9.59,14.62,13.87,16.7,2.17,22.27,36.91,17.37,67.2,2.8,87
35.27,55.84,60.41,19.34,0.78,16.71,32.57,24.11,5.0,6.48,157
91.12,170.0,8.04,15.38,0.15,67.42,4.35,27.8,43.76,2.52,309
166.22,330.03,38.9,6.24,0.81,52.21,44.3,25.44,86.65,1.64,500
137.17,240.22,25.94,44.69,3.99,5.18,7.14,19.4,21.03,3.79,457
80.57,168.7,45.77,12.13,1.48,43.76,29.17,33.93,80.13,9.47,280
146.63,195.93,21.01,2.33,2.05,22.83,12.19,27.95,47.87,4.15,427
80.14,170.69,11.24,24.68,2.12,106.53,13.87,29.85,59.34,1.78,300
15.68,23.16,66.72,6.89,0.25,54.41,64.64,32.08,73.56,0.68,146
102.38,214.57,66.03,19.99,1.77,7.47,50.7,40.31,33.63,1.47,407
140.25,232.92,39.57,5.88,0.61,24.2,10.64,24.6,33.04,0.92,416
199.67,409.22,34.69,12.45,0.95,16.31,26.55,36.33,32.98,2.14,500
41.34,78.73,29.78,4.43,0.64,75.64,20.61,31.31,40.37,2.07,196
24.17,35.25,36.13,11.62,0.34,58.07,10.07,21.81,49.76,3.81,166
115.0,244.51,96.19,6.47,1.16,67.16,19.92,27.44,19.95,2.16,428
87.41,132.95,7.88,10.16,3.97,20.3,32.29,34.33,59.72,4.84,288
82.04,124.68,24.01,8.04,1.83,64.5,34.5,27.76,70.19,2.3,306
147.96,300.77,15.88,25.29,1.45,,49.53,32.49,36.24,6.76,462
114.7,160.04,25.59,31.76,0.26,159.12,27.7,24.41,33.97,1.26,339
93.13,139.68,7.36,7.74,0.29,9.47,23.66,17.09,46.34,0.34,276
45.67,80.07,10.54,27.12,0.62,106.35,16.68,18.39,,4.41,193
108.6,222.35,9.74,43.19,0.77,64.75,10.42,24.93,50.21,2.66,346
23.24,33.3,35.74,4.06,0.8,41.72,24.82,33.11,93.12,4.68,123
79.98,143.39,23.44,10.98,0.73,21.61,4.65,30.35,70.46,4.1,260
63.72,123.63,5.27,8.86,0.22,38.32,14.44,31.59,58.11,0.81,185
14.9,30.9,5.13,41.97,1.2,23.22,9.62,22.01,38.6,3.81,92
87.59,187.61,3.46,14.93,3.99,63.67,44.44,24.04,51.0,3.26,347
41.41,83.08,20.2,43.14,0.62,42.28,19.71,20.76,51.68,4.92,165
86.12,162.56,21.53,21.49,0.87,16.11,12.52,22.63,100.0,4.45,291
29.41,49.71,22.55,23.41,2.2,29.1,16.83,37.46,47.14,7.29,178
115.46,161.75,13.01,12.19,2.92,40.52,6.0,30.6,83.24,3.89,309
182.85,354.5,17.93,18.15,0.66,53.87,26.37,24.2,34.55,3.57,500
23.25,51.0,20.64,17.01,0.94,148.32,7.94,21.03,63.12,5.41,166
29.37,57.66,23.51,18.49,1.27,127.88,4.04,21.01,77.66,1.69,174
19.65,25.84,29.74,1.68,1.4,80.5,24.79,24.75,65.22,5.07,138
55.62,97.15,48.42,36.76,0.59,38.9,48.07,32.73,63.29,1.95,246
85.21,157.9,11.91,18.94,1.27,10.8,15.77,18.73,55.54,1.36,285
104.23,200.19,40.39,10.96,1.97,13.66,3.47,36.64,58.19,0.79,364
78.88,153.63,14.03,23.98,0.81,29.52,49.39,37.74,50.84,1.13,252
102.1,184.02,35.52,11.4,1.82,,24.38,28.64,36.38,1.66,307
62.06,93.16,24.49,27.48,1.37,37.45,94.21,28.63,66.41,2.54,219
41.02,88.1,95.54,7.79,0.28,68.11,10.36,31.49,62.53,2.23,264
30.03,57.87,29.14,37.75,1.32,28.49,11.52,17.06,64.26,7.43,143
57.19,86.54,42.54,14.86,1.08,28.72,46.11,15.81,28.72,6.58,221
30.68,48.79,2.0,37.47,0.13,21.13,26.3,28.56,45.58,1.42,133
83.45,177.72,44.99,47.76,0.31,34.1,23.21,18.79,52.58,13.49,316
31.12,65.31,12.5,8.84,1.32,129.4,15.7,22.12,61.06,1.47,181
44.68,74.37,21.96,1.0,0.61,39.96,51.78,27.29,24.06,1.79,178
131.35,175.28,17.51,4.15,3.12,71.54,13.8,15.41,16.37,0.65,379
139.57,187.54,8.82,3.49,0.88,22.2,37.26,31.25,74.54,1.9,343
136.75,212.72,69.38,8.72,1.0,91.45,5.64,28.13,47.55,4.23,464
62.83,117.25,51.18,26.91,0.97,30.32,4.21,36.79,80.33,2.2,258
42.37,77.36,10.55,10.01,1.66,55.53,32.63,16.0,59.65,1.18,163
92.33,172.69,9.78,16.93,1.19,23.43,3.74,26.24,68.59,0.26,304
31.69,61.65,34.74,22.17,0.21,73.24,35.46,21.32,55.55,4.51,162
107.66,141.8,44.3,20.58,0.2,8.09,31.63,34.45,62.39,0.72,321
39.34,54.86,23.65,3.91,0.29,20.02,25.53,31.81,76.13,0.83,139
55.42,89.97,13.12,5.19,0.92,40.3,4.96,33.19,35.15,1.02,172
109.25,157.25,20.42,6.26,0.63,19.72,13.0,29.26,28.67,1.68,285
11.21,15.33,4.37,5.79,1.75,73.65,5.5,25.11,55.23,4.06,106
40.72,76.42,6.16,13.99,1.04,13.89,17.65,29.91,25.82,1.85,171
84.68,172.23,46.98,6.21,1.29,11.28,23.87,23.57,21.65,2.9,286
97.45,192.69,15.17,10.11,2.32,67.89,14.64,35.07,38.57,0.29,334
87.0,177.07,22.06,15.31,2.65,99.03,27.35,20.44,73.96,2.19,351
54.9,104.26,29.17,1.0,0.81,32.22,5.15,28.01,63.47,0.66,202
116.59,228.73,21.92,7.19,3.05,25.35,26.32,28.39,100.0,2.15,416
29.17,45.05,29.98,6.05,0.52,19.96,11.36,25.84,69.17,1.47,128
28.08,61.6,45.86,12.18,0.95,121.3,27.01,27.09,84.16,2.38,192
84.11,123.21,12.58,14.13,2.4,9.96,9.25,29.5,51.5,3.31,224
26.36,39.35,47.61,28.22,1.96,121.68,17.94,23.81,51.99,3.06,161
186.83,291.46,29.08,24.56,1.11,47.89,18.05,31.27,90.09,1.07,500
41.67,90.75,35.99,7.73,0.32,50.41,5.03,21.35,48.35,4.24,168
115.16,252.15,45.43,9.38,0.38,12.41,60.68,19.0,61.4,2.8,395
22.42,45.19,26.11,10.06,0.29,99.21,13.42,16.63,87.59,4.97,147
162.28,302.84,110.93,21.83,1.82,30.36,15.4,19.02,61.74,12.06,500
66.01,116.71,8.46,30.54,0.78,79.24,13.56,29.4,81.27,6.47,225
40.76,88.6,46.2,18.25,1.86,24.24,9.76,26.23,16.11,2.24,210
52.05,100.24,14.63,14.39,1.32,25.57,11.45,28.72,34.85,0.57,182
35.65,76.66,30.51,2.72,0.35,30.75,34.12,25.95,72.14,2.64,159
55.3,87.65,21.66,11.43,1.49,57.63,10.72,15.87,43.73,0.81,185
23.67,37.88,20.6,23.79,0.69,56.45,34.57,29.83,60.0,1.58,134
41.82,86.53,19.23,11.72,3.91,33.11,10.95,22.97,51.49,13.12,187
113.71,163.17,35.78,11.4,0.88,11.43,25.59,26.21,41.48,3.01,346
75.87,163.22,10.54,2.89,0.31,4.16,20.27,40.65,19.77,4.36,227
28.66,50.34,13.91,31.95,2.42,70.45,3.24,18.84,63.58,4.96,155
56.74,121.07,9.66,3.23,1.08,20.13,46.11,28.99,41.7,2.93,185
140.61,225.41,65.97,32.74,1.57,55.09,9.7,36.56,77.65,2.67,488
45.73,88.91,42.27,14.34,0.93,23.34,19.63,29.7,75.98,3.01,197
26.11,45.28,14.53,39.31,1.12,23.16,17.65,25.7,47.37,2.31,158
95.06,177.21,34.19,22.11,0.23,3.03,1.57,34.21,,1.67,301
,11.91,9.96,24.19,2.3,70.69,19.32,32.29,48.72,1.91,72
52.94,114.9,24.78,10.51,0.81,14.52,13.68,43.47,43.79,2.11,210
148.58,285.7,19.45,12.02,0.21,18.42,6.54,11.25,56.11,3.22,449
55.54,84.77,19.2,10.59,1.52,73.44,10.55,32.53,65.85,0.6,200
121.2,256.78,16.8,6.0,1.9,77.66,23.27,22.62,72.44,2.12,389
25.79,40.35,108.19,14.44,0.25,56.96,8.05,34.84,38.98,1.03,228
53.94,88.16,39.1,4.91,5.41,19.9,13.06,19.35,32.86,7.68,249
50.18,69.84,87.53,7.45,1.91,40.22,3.24,42.89,47.95,1.09,258
91.63,193.34,16.14,7.27,0.9,30.86,16.03,18.43,38.44,3.48,285
68.63,106.89,10.17,7.86,1.06,7.32,12.42,17.02,34.8,0.1,206
161.39,247.41,29.09,6.31,2.1,56.05,40.87,13.2,50.72,5.14,476
43.77,93.15,24.76,2.47,1.41,84.85,31.28,17.02,37.58,2.33,196
68.04,137.78,39.03,4.72,0.53,13.18,16.24,30.76,54.76,4.02,242
51.62,73.66,47.46,17.17,1.89,55.63,14.64,39.17,63.43,0.75,175
64.54,128.59,3.76,8.99,2.78,43.14,14.53,17.94,46.19,6.03,248
60.4,128.16,90.91,9.92,0.52,9.55,6.87,27.29,60.87,2.56,281
31.42,43.07,30.07,30.72,0.84,40.87,11.68,15.59,59.62,3.41,136
109.63,223.93,37.24,42.33,0.7,55.86,6.37,6.93,76.42,3.19,394
38.34,68.73,66.78,34.75,0.45,34.84,37.81,23.3,54.93,5.08,232
36.18,68.82,12.35,32.76,2.91,35.5,10.59,39.25,33.07,1.5,168
15.8,27.55,22.43,21.26,1.43,,19.68,9.63,38.17,1.87,102
42.79,82.5,9.24,27.01,2.71,44.2,26.11,30.42,89.49,9.88,180
37.94,50.48,10.68,28.49,1.15,106.12,9.38,17.02,31.11,0.41,141
8.56,17.0,47.61,29.44,1.92,23.89,8.72,18.91,33.69,5.54,110
55.13,73.32,61.93,4.56,0.27,80.38,9.88,24.57,6.08,6.92,209
156.81,268.1,5.86,10.68,0.45,20.78,20.87,28.67,82.52,4.43,435
18.8,27.0,31.55,13.96,1.85,31.95,8.82,16.1,55.72,1.48,139
63.7,130.02,53.04,3.26,0.68,25.46,16.02,29.05,28.32,1.17,249
54.15,85.68,45.83,2.31,2.02,49.56,38.06,29.9,5.0,6.96,220
100.11,171.06,26.92,15.39,1.7,12.81,7.54,19.89,,7.38,301
105.07,177.14,31.35,5.45,0.93,13.06,1.18,20.98,49.34,2.44,332
232.05,463.0,31.97,17.3,1.14,51.06,31.83,19.47,87.71,8.25,500
77.82,134.87,30.13,17.99,0.87,40.82,4.01,36.27,55.1,7.01,254
33.99,68.32,34.97,10.85,1.12,84.54,18.88,30.15,36.75,0.74,182
41.85,57.17,20.73,11.06,2.27,100.34,4.4,23.71,,6.49,192
45.29,66.68,85.73,7.53,0.37,29.41,13.61,26.29,38.02,3.7,195
39.2,70.42,12.25,3.72,0.21,5.69,22.61,36.26,30.61,6.07,121
181.71,391.1,55.32,15.91,1.13,92.93,16.25,34.65,41.86,0.1,500
101.75,139.13,14.01,10.88,0.48,69.11,28.38,37.18,22.3,4.7,322
91.09,121.96,36.3,4.6,0.75,53.39,8.12,29.65,85.37,1.4,259
26.75,38.55,14.29,9.79,1.94,23.24,1.64,27.48,65.09,0.9,103
104.38,195.92,34.85,24.86,2.03,75.71,2.02,16.38,53.54,12.76,380
133.76,221.93,23.68,2.27,0.94,45.01,24.01,32.26,56.71,4.09,391
54.89,112.13,40.31,12.43,1.23,31.51,9.9,38.67,48.03,1.0,219
41.46,56.59,13.04,4.25,1.2,23.97,20.55,23.65,63.58,2.83,161
163.94,242.11,12.82,9.78,1.38,9.95,13.93,36.9,75.72,1.68,442
37.27,58.51,73.84,1.27,3.18,25.49,33.86,24.29,56.44,9.42,208
34.18,63.71,21.61,2.58,0.36,45.26,21.13,32.52,81.29,1.32,128
29.62,56.77,32.83,2.3,1.98,81.64,17.6,29.96,58.0,4.49,151
61.46,86.76,5.38,38.95,1.05,36.53,23.7,23.41,51.2,1.74,192
77.66,166.93,25.96,15.22,0.46,43.93,12.75,24.45,83.22,5.11,264
122.2,196.37,17.64,5.42,0.84,53.19,12.32,22.59,34.95,3.43,346
93.91,182.35,82.43,5.67,1.03,60.1,9.25,19.73,48.17,3.76,349
92.89,164.58,16.86,20.5,0.23,22.4,6.32,29.04,42.92,0.76,293
147.04,220.62,83.32,17.68,1.07,61.12,16.84,22.64,63.72,2.25,495
28.43,58.61,16.34,11.4,0.8,22.61,11.18,29.52,53.41,4.3,102
17.73,36.1,37.92,32.43,0.62,36.38,14.36,35.83,83.14,1.3,144
97.01,160.7,74.19,5.7,3.54,31.05,19.92,27.5,75.04,3.53,360
59.37,108.64,22.3,2.41,0.73,21.63,8.76,23.89,54.21,1.53,166
122.49,187.66,71.33,30.99,0.13,24.99,31.28,33.73,85.66,5.87,379
63.5,121.97,45.49,7.64,1.59,22.8,12.29,22.64,45.5,1.36,261
40.35,63.67,25.77,2.52,1.15,20.85,6.94,28.97,38.07,1.53,168
97.96,201.77,34.14,11.86,0.21,22.57,13.14,5.74,63.29,2.0,310
69.3,103.64,61.97,13.8,3.1,25.25,10.61,33.1,49.71,4.73,291
63.54,83.45,32.77,11.47,0.99,41.04,30.87,32.09,62.82,1.88,213
259.02,399.32,7.57,29.62,0.75,43.05,17.7,10.85,88.93,2.98,500
139.9,205.93,45.6,40.86,1.91,24.24,12.03,20.78,42.46,2.14,400
106.35,186.91,46.84,7.74,2.04,47.34,6.27,19.18,45.65,1.53,371
70.83,105.06,31.95,22.54,0.87,17.81,28.86,25.36,34.87,6.0,243
66.59,132.31,16.58,8.7,2.43,110.65,19.08,16.97,59.95,2.54,306
51.87,78.69,43.73,30.71,0.74,21.43,2.81,27.7,99.7,2.47,214
75.93,147.02,9.12,3.21,0.11,32.85,22.61,39.86,29.03,1.23,198
44.65,81.29,33.77,13.16,0.27,38.31,4.01,26.8,67.21,1.15,165
23.38,51.14,32.62,18.9,1.01,23.99,2.52,35.31,50.88,2.05,136
62.98,138.54,26.53,19.26,1.74,77.58,14.1,27.41,51.78,4.38,250
80.26,167.14,54.37,8.25,2.45,24.29,12.27,16.95,38.1,5.61,311
122.67,243.38,18.88,10.65,1.91,9.65,43.7,25.95,78.39,3.44,383
34.34,56.59,11.75,17.8,2.33,61.21,29.97,10.72,91.9,2.2,154
66.97,132.47,13.45,13.44,0.22,,31.79,28.25,58.14,4.81,210
93.42,201.88,55.6,12.82,1.95,16.44,18.25,25.19,71.12,3.61,350
92.03,121.57,38.7,8.0,1.81,41.33,8.56,39.77,49.75,3.13,306
176.0,314.0,36.54,4.94,2.24,14.37,32.22,31.6,50.35,2.74,500
52.63,78.74,34.12,26.13,0.59,9.8,12.08,25.66,46.35,5.77,183
31.99,57.65,22.35,4.53,1.31,87.93,1.24,22.42,83.99,2.79,165
70.12,120.6,10.86,29.77,0.63,69.03,40.65,30.31,70.7,1.52,258
54.69,99.43,11.5,33.97,0.89,20.46,15.1,2.21,31.44,1.02,164
47.74,85.74,34.95,21.82,0.1,79.48,8.5,27.72,58.97,4.31,183
42.95,92.95,18.41,8.51,0.71,52.48,12.07,24.49,57.67,3.4,159
80.48,144.62,14.2,2.15,0.76,118.19,17.06,25.16,37.67,3.61,265
,79.17,22.86,19.06,2.1,8.0,16.0,22.0,63.87,8.87,163
106.29,168.77,57.94,3.41,0.79,15.14,8.09,38.62,50.95,0.88,315
103.02,174.55,27.99,6.5,0.61,85.52,2.3,27.34,50.23,1.31,282
85.48,147.32,80.92,7.83,1.51,27.65,21.18,34.76,68.23,0.49,311
28.38,44.02,36.76,5.01,1.09,57.51,28.04,23.75,48.11,3.17,161
78.01,128.07,153.26,5.96,1.45,58.43,4.39,23.6,43.33,3.94,375
127.96,235.27,32.0,13.29,1.14,103.54,8.6,36.79,76.4,1.89,414
111.32,202.84,29.84,51.32,1.08,38.18,40.83,32.54,84.61,6.6,384
101.32,189.76,28.41,17.75,1.33,38.91,6.13,23.05,74.74,3.45,334
66.26,107.13,17.91,26.33,1.75,40.04,15.66,33.91,64.87,0.49,282
64.18,101.68,21.68,7.31,1.3,89.53,25.23,19.04,51.89,11.62,246
141.35,261.57,91.23,43.74,2.08,67.06,1.98,34.66,84.78,5.39,500
,113.01,18.48,40.47,1.08,39.11,39.97,31.42,58.38,2.61,283
80.29,122.66,28.42,8.57,1.13,6.53,10.92,26.39,39.82,1.96,260
305.49,408.73,28.58,42.47,1.28,24.32,8.83,29.09,35.93,1.42,500
51.78,70.7,19.96,5.81,0.66,17.53,36.02,19.66,61.2,5.11,181
7.69,11.68,19.47,10.16,1.22,171.38,12.41,24.45,69.15,9.41,139
57.53,75.79,23.84,11.0,2.28,92.13,48.89,36.55,45.76,4.84,228
60.0,91.26,45.53,8.14,3.1,134.69,31.34,35.42,65.83,4.05,261
78.8,148.9,64.2,1.66,0.61,24.78,27.28,19.9,38.97,9.82,301
91.45,123.91,8.76,1.89,1.66,5.71,19.42,29.66,34.99,9.98,244
9.42,15.95,80.38,9.39,1.7,50.28,30.63,15.73,44.88,3.46,151
92.7,196.69,41.34,27.82,1.07,19.95,12.27,37.11,66.64,1.54,346
62.63,126.02,42.7,11.28,1.61,35.71,5.0,29.12,30.69,7.26,272
53.56,84.35,14.99,6.34,1.66,28.72,14.84,23.78,78.49,1.63,175
14.88,31.72,113.21,22.51,2.03,30.77,30.35,11.05,29.86,3.68,192
160.11,255.65,13.57,18.78,0.38,33.79,6.89,26.02,93.78,1.67,445
47.26,64.52,30.04,15.2,0.73,18.88,22.64,42.05,71.46,1.8,144
102.21,224.32,33.14,6.09,1.27,30.37,9.27,24.87,30.59,5.66,339
33.94,70.69,77.06,12.44,2.04,49.58,43.64,29.01,76.16,5.27,235
81.16,139.54,14.44,1.0,0.58,45.5,23.21,25.06,70.99,3.38,249
54.19,102.94,31.15,28.7,0.9,40.95,22.03,23.22,43.78,4.47,237
100.17,190.74,6.05,19.16,0.33,12.59,32.58,29.78,70.69,1.62,289
52.86,77.97,26.94,7.41,1.14,37.4,13.82,37.63,86.8,3.06,210
32.66,48.34,35.24,13.25,1.24,27.54,41.53,30.06,31.57,3.42,153
64.66,111.39,17.26,9.47,0.22,42.23,47.23,27.31,62.48,5.11,211
62.38,132.28,7.37,12.98,0.84,85.66,13.46,23.71,27.73,1.59,246
77.56,101.53,81.85,51.75,0.16,25.28,28.4,27.97,87.7,2.16,278
120.19,240.9,10.64,29.29,0.91,46.67,14.65,23.36,14.37,1.22,374
26.87,36.32,11.82,23.71,0.34,30.65,31.54,25.21,31.96,1.03,116
116.3,201.25,14.96,23.82,0.96,38.93,9.61,33.51,41.96,0.75,361
23.44,43.93,60.13,31.08,6.01,6.7,6.3,29.69,87.2,4.37,168
97.67,187.34,24.42,31.74,0.92,27.43,2.35,26.64,67.28,3.55,306
99.68,134.82,6.14,20.89,0.71,40.87,9.6,14.54,43.21,2.08,275
45.39,76.11,15.22,12.02,0.59,15.24,22.8,24.44,63.83,2.05,151
35.35,64.53,59.92,4.3,1.85,15.7,5.42,39.62,59.15,1.21,188
33.86,46.03,7.93,16.62,1.28,68.89,33.39,33.46,60.55,3.4,137
69.02,98.12,10.56,10.63,2.99,22.1,18.86,34.23,36.07,3.16,209
103.91,197.14,11.23,4.78,1.69,89.32,17.4,21.43,32.73,1.91,353
58.79,104.03,25.14,13.41,0.17,44.82,8.98,38.42,89.94,3.22,181
6.72,9.72,28.89,2.87,1.84,21.89,25.77,21.39,85.83,4.41,69
43.14,76.87,22.23,8.71,0.69,11.72,28.94,28.09,34.49,3.53,141
41.98,89.06,24.25,24.37,1.33,48.5,12.51,21.09,55.38,0.22,180
91.04,119.63,9.67,12.04,1.78,30.35,24.22,37.63,84.35,2.6,233
94.16,176.86,21.98,19.38,0.57,19.55,42.34,31.68,84.37,3.32,295
72.71,99.35,21.63,18.7,1.57,6.42,20.77,35.62,69.49,4.03,243
116.44,152.05,11.37,11.24,1.4,29.04,5.4,8.73,98.47,2.96,310
122.02,175.17,64.93,21.52,1.63,18.67,22.53,28.53,73.28,1.18,353
45.12,75.83,56.62,12.48,4.02,47.06,21.89,19.59,100.0,0.75,215
33.26,67.25,8.39,3.75,0.57,44.21,41.89,26.95,58.42,1.21,113
61.77,95.97,36.53,10.85,3.03,33.21,21.87,12.54,49.78,3.71,239
72.61,135.29,34.29,43.22,1.1,6.4,12.87,20.2,46.21,0.48,235
43.41,72.5,30.9,5.62,0.31,30.99,2.68,19.87,38.67,1.3,164
350.55,529.65,21.7,41.29,2.73,80.59,12.05,15.57,36.55,1.3,500
154.34,272.08,30.61,1.0,2.15,23.44,22.65,23.57,14.52,6.63,482
40.36,81.43,22.54,2.75,2.61,22.86,2.34,34.39,99.05,2.08,181
27.84,57.05,14.89,5.09,1.93,57.17,19.6,28.65,44.24,2.69,156
37.87,78.08,36.06,3.21,0.45,24.11,25.92,20.15,,0.74,182
123.4,198.02,3.83,24.97,3.24,47.71,81.23,25.97,,3.29,410
125.31,252.38,43.6,2.28,4.41,34.2,11.33,27.44,48.26,4.82,424
155.52,231.87,26.08,5.67,1.88,59.67,23.05,34.41,41.04,1.8,475
32.46,63.77,18.52,21.34,0.54,,15.16,35.41,38.88,2.77,164
90.8,195.55,42.67,15.09,2.33,89.62,16.86,27.6,33.14,2.92,355
34.94,45.86,30.93,11.42,0.19,30.03,15.33,27.83,61.78,1.15,140
176.48,299.37,65.22,10.15,0.84,58.89,23.46,37.33,49.52,1.76,500
33.38,62.85,52.55,20.62,0.41,55.62,16.24,16.57,100.0,1.67,167
22.65,43.76,11.57,3.6,2.49,17.81,14.8,24.01,51.71,0.94,145
26.51,38.67,17.4,5.24,1.11,33.56,5.96,16.77,38.7,3.57,74
64.86,141.08,15.28,17.4,1.04,59.23,1.0,21.32,76.23,1.55,235
102.95,190.85,15.41,5.64,1.3,25.02,24.2,36.32,52.14,8.23,299
98.67,142.86,73.35,12.82,0.18,24.02,7.31,33.71,76.08,2.28,306
27.49,36.24,8.14,8.94,2.05,20.73,15.31,24.03,50.48,2.16,87
49.06,98.36,54.1,6.54,1.0,74.52,8.75,21.93,56.32,3.39,221
44.35,60.84,74.71,11.06,0.11,44.12,3.98,28.29,21.16,2.83,210
24.24,34.59,47.47,1.0,0.69,81.14,16.73,31.1,42.24,2.36,151
43.55,79.15,38.49,16.96,2.76,57.35,15.88,25.58,53.12,3.03,217
151.41,279.06,7.93,16.49,1.57,10.37,21.28,27.62,49.13,4.91,434
21.43,41.11,6.6,32.01,1.84,65.77,5.25,31.09,61.07,6.31,111
75.97,125.67,33.83,4.86,1.8,19.84,9.0,26.22,55.88,1.61,255
153.58,306.62,21.12,28.08,1.4,44.29,6.25,31.54,59.5,4.43,495
148.7,323.7,8.8,5.1,1.07,10.4,13.16,31.65,66.23,1.12,440
181.55,280.32,43.67,22.01,1.63,28.72,6.82,26.14,49.13,6.64,500
81.04,156.64,37.11,3.15,1.02,49.6,8.94,28.16,50.37,0.49,311
89.15,190.39,43.78,5.64,1.95,99.41,2.99,26.76,35.01,1.18,331
44.18,84.72,44.25,6.11,1.08,72.81,20.65,29.04,89.51,3.86,219
21.01,40.2,55.1,13.02,0.67,77.73,26.76,23.64,9.16,1.14,135
58.72,88.16,18.66,15.67,1.1,56.05,23.92,32.91,81.64,3.99,195
133.05,237.04,9.71,2.13,0.48,102.38,30.05,23.31,51.32,1.89,419
6.59,11.9,71.02,14.26,1.99,33.13,12.01,28.27,95.28,3.55,132
45.72,88.25,6.58,12.89,1.17,45.6,59.59,12.81,86.19,0.1,174
94.91,208.54,7.42,15.48,1.66,137.27,35.15,28.11,90.99,3.07,386
65.48,87.11,15.3,15.72,2.41,13.85,9.18,32.37,34.42,0.4,191
143.57,195.06,64.81,33.89,0.84,30.31,16.43,20.28,32.88,3.97,449
124.49,170.57,16.91,6.67,1.19,37.23,51.18,13.89,70.21,0.32,375
18.65,36.71,7.49,28.85,4.67,37.14,29.7,22.92,49.79,1.82,151
69.37,98.7,11.82,17.27,3.31,26.33,7.2,13.8,70.23,3.04,238
36.33,67.59,11.47,8.85,0.19,32.77,16.29,23.33,56.9,2.25,132
35.96,57.25,29.31,7.35,1.0,77.21,8.29,18.67,38.94,6.36,132
20.04,34.3,13.93,20.23,1.29,55.42,40.56,25.07,71.63,2.07,108
77.51,115.8,2.0,5.13,1.57,107.68,35.02,26.02,39.11,1.43,278
145.44,302.45,137.09,17.97,0.95,38.59,19.45,32.26,57.68,3.35,500
82.24,150.3,3.14,7.47,1.69,56.4,48.54,39.26,28.26,2.1,266
18.87,40.58,5.79,20.82,2.04,31.9,7.95,25.16,60.08,4.23,84
62.9,114.3,42.61,6.37,1.53,26.93,52.13,25.4,86.45,1.3,233
92.46,130.51,9.03,10.16,0.72,90.93,38.99,25.03,18.47,1.9,294
59.61,86.66,39.95,7.86,1.05,55.07,5.41,26.51,67.13,6.29,190
81.25,177.96,34.67,32.24,0.82,41.9,6.29,18.66,40.22,6.86,270
,75.63,16.36,40.68,1.99,20.8,39.0,38.38,76.5,5.47,200
54.7,73.53,39.65,8.04,0.69,21.3,28.45,31.62,53.81,3.97,190
52.24,101.0,21.73,15.29,0.3,4.12,30.05,35.07,76.22,0.75,159
162.33,271.25,43.71,12.14,0.75,67.92,26.38,32.47,39.84,0.95,500
28.0,44.14,64.78,7.33,0.32,84.31,8.14,33.29,55.92,3.18,146
7.74,11.13,8.56,4.9,0.95,29.0,17.96,29.91,46.68,1.71,51
155.9,320.53,28.31,4.19,0.3,28.54,16.27,36.37,60.74,0.95,456
71.03,96.42,29.64,5.91,1.44,138.56,2.91,27.6,61.01,3.11,229
23.16,36.15,29.03,8.37,0.7,61.9,27.81,28.35,94.88,5.54,143
117.6,185.3,40.47,9.44,1.2,25.54,11.0,22.74,76.72,5.99,343
96.24,139.04,35.12,1.42,0.24,36.57,9.97,26.51,59.96,2.8,306
178.93,314.44,7.64,24.15,2.99,33.64,6.22,31.84,86.01,0.69,500
74.98,98.27,9.08,29.89,0.81,64.02,16.81,24.78,63.6,0.83,227
259.47,407.59,19.8,33.82,0.97,55.41,16.46,20.85,80.48,0.38,500
60.0,128.41,28.72,2.79,0.91,45.41,30.06,35.06,63.74,3.42,228
96.36,152.19,30.15,10.08,0.6,23.23,14.92,27.62,43.58,3.0,298
105.6,171.54,32.09,25.63,1.66,5.99,22.27,27.45,71.76,3.79,351
355.86,600.0,36.41,1.0,1.11,27.72,15.17,37.44,48.8,2.43,500
47.09,85.03,35.67,3.76,1.37,38.1,49.72,16.93,27.32,0.95,194
45.96,93.2,23.96,21.33,0.46,6.28,28.31,32.68,42.62,0.22,183
107.02,157.45,65.07,8.88,0.58,56.79,1.0,18.08,36.66,8.72,339
21.38,44.57,6.88,10.26,1.3,83.78,24.31,15.53,43.62,5.27,147
36.14,71.62,3.27,6.13,0.26,17.43,29.12,25.95,87.28,1.66,114
58.8,114.68,27.79,14.91,0.21,26.67,48.88,37.71,48.3,3.06,224
175.44,241.78,33.06,13.46,1.55,33.08,15.96,23.94,71.9,3.53,445
107.06,141.27,27.73,4.3,0.29,40.93,19.53,32.08,62.29,1.38,308
69.07,126.71,16.46,27.72,2.0,10.97,6.1,23.15,63.41,3.91,247
43.79,90.94,34.39,1.0,0.32,41.11,22.8,22.09,56.96,5.17,209
219.72,401.22,11.03,16.36,0.42,70.89,25.17,23.54,44.4,4.19,500
62.6,93.4,6.14,13.46,0.63,18.41,8.9,19.89,71.0,5.08,209
36.11,49.88,52.66,34.43,0.22,42.86,7.78,31.38,57.06,2.09,173
245.92,474.53,14.99,7.97,3.27,48.82,18.61,17.36,81.11,0.53,500
22.3,43.47,26.87,6.77,1.79,83.57,25.43,27.02,45.94,2.12,150
148.31,215.84,13.53,25.41,0.98,57.23,33.05,24.7,72.15,1.79,413
66.03,87.51,15.48,6.0,0.58,130.4,31.54,15.68,80.94,3.12,256
106.89,178.24,45.34,3.67,1.61,115.93,21.85,19.77,28.51,4.11,370
94.61,172.61,25.15,22.93,0.63,19.81,30.37,28.27,56.06,0.86,298
105.88,204.93,25.42,22.07,0.24,50.41,10.2,24.62,51.69,1.52,346
259.74,527.0,6.03,18.56,0.58,35.34,35.38,30.8,68.64,2.29,500
235.43,435.42,23.65,5.36,0.33,24.41,11.59,25.81,48.82,0.74,500
37.69,52.76,13.08,27.12,0.44,32.6,2.71,27.68,85.23,1.55,139
92.22,176.55,100.15,13.02,0.81,20.5,1.0,31.19,44.43,0.24,370
13.22,28.9,11.94,12.95,0.91,144.73,20.64,19.05,36.95,2.8,131
113.47,239.99,63.85,41.81,1.97,27.85,14.7,15.25,30.97,2.53,410
131.1,273.28,28.02,3.34,1.97,12.22,16.35,33.96,43.49,5.35,382
7.87,12.37,8.55,21.15,1.09,35.12,42.33,18.96,41.02,1.34,80
64.29,127.01,45.19,36.51,1.35,34.61,2.67,9.96,60.12,3.4,251
106.77,220.58,61.39,3.76,0.75,15.85,10.8,34.55,37.83,1.14,352
83.61,159.73,80.56,15.53,1.02,22.5,18.97,19.65,45.04,1.57,323
22.72,34.65,30.56,5.99,1.29,40.05,24.6,27.46,70.67,6.66,125
25.04,54.05,13.2,17.93,1.14,16.89,26.18,28.35,66.13,0.91,116
58.93,100.52,12.91,16.51,3.39,68.36,3.7,41.74,49.61,3.26,249
47.09,66.71,31.89,20.61,1.17,15.82,18.34,16.66,39.99,1.09,161
50.58,70.75,5.82,5.95,0.28,39.32,6.55,32.35,71.29,3.04,180
19.9,37.46,8.99,15.18,2.28,35.42,11.83,25.96,6.63,3.28,128
66.85,113.23,25.32,21.44,1.88,62.84,25.5,38.81,90.65,1.16,250
176.3,244.18,44.13,7.16,1.31,24.85,13.31,29.02,38.24,0.76,500
23.62,46.44,19.48,16.34,0.97,25.22,37.32,22.21,57.23,2.4,78
55.38,111.84,79.49,9.01,1.49,23.31,12.51,25.62,85.28,1.03,275
99.03,193.39,34.34,26.25,0.83,29.64,15.44,38.7,29.02,11.27,333
15.61,23.14,18.26,2.91,0.13,25.32,16.44,27.09,44.35,3.39,91
67.33,129.32,13.33,15.04,0.33,49.21,10.22,23.82,46.59,2.63,214
128.54,168.34,9.52,32.54,0.89,37.67,10.16,34.16,68.15,4.49,331
28.41,44.73,40.19,9.33,0.29,,7.01,23.68,53.19,4.2,122
72.05,119.53,12.15,2.32,1.44,80.4,27.39,23.68,72.25,2.65,236
122.56,251.46,31.97,14.62,0.26,30.25,19.96,24.91,33.42,2.22,395
251.46,415.26,7.35,31.81,0.48,127.07,4.63,34.63,56.35,8.35,500
69.46,91.0,8.97,11.41,0.42,62.19,9.74,25.82,58.47,0.44,177
36.81,59.52,23.62,12.1,1.37,32.86,29.38,33.53,36.71,5.42,170
11.22,19.62,9.08,2.45,2.17,57.97,14.01,23.6,60.31,4.57,36
37.06,79.83,54.0,25.5,0.37,42.74,34.34,25.43,71.45,3.05,248
18.82,40.4,4.5,9.93,2.32,57.95,21.25,20.48,70.26,7.42,118
185.4,271.2,7.64,25.39,2.41,43.05,20.67,9.65,47.79,2.15,500
117.74,172.68,56.94,21.91,1.28,40.93,19.93,25.09,31.64,3.04,352
25.03,36.22,50.88,5.68,0.66,42.28,6.82,24.64,23.88,1.06,144
35.1,70.54,57.35,16.51,0.74,43.29,3.29,31.88,63.37,3.31,187
68.64,89.61,10.07,22.19,0.44,84.15,26.67,28.06,61.45,0.96,221
127.91,180.92,23.06,29.45,0.42,63.75,13.41,28.15,54.93,2.65,366
92.38,164.82,28.04,8.6,0.54,53.35,19.43,21.97,67.47,5.34,309
86.4,131.57,19.44,12.42,1.56,49.33,17.59,32.74,38.99,3.95,234
75.46,104.37,37.21,1.18,0.72,155.8,8.94,33.43,5.0,6.67,252
26.27,42.65,48.47,34.54,1.38,53.16,3.16,13.01,62.15,3.91,175
69.29,107.17,22.36,19.61,0.39,36.93,21.34,25.54,83.69,2.85,215
63.44,111.66,8.38,17.1,0.14,57.58,14.81,19.0,,2.72,219
18.56,40.49,36.45,1.09,0.72,12.68,21.84,31.48,40.34,3.03,85
182.47,257.62,26.52,18.16,0.16,25.79,14.67,25.67,77.5,1.6,481
41.01,67.06,44.74,14.55,0.36,33.41,27.34,23.7,100.0,7.76,163
19.05,40.75,37.3,11.23,2.63,71.99,21.25,29.72,39.69,9.37,182
46.62,97.39,59.1,15.78,0.96,62.0,15.08,34.66,35.93,1.92,220
53.77,88.98,26.12,12.88,0.89,37.79,58.01,20.54,75.8,0.84,224
62.06,119.72,69.64,18.73,1.93,28.13,23.52,36.83,11.84,1.16,283
53.1,73.23,67.2,15.25,0.71,49.92,42.78,28.67,54.68,1.48,214
64.65,125.51,41.05,10.53,0.79,4.23,26.59,24.04,81.73,2.9,240
72.75,158.28,49.36,17.92,0.63,30.65,22.88,19.49,48.37,1.22,288
70.12,125.08,59.53,6.77,1.33,39.52,12.07,23.47,80.33,0.96,246
85.96,150.32,20.69,15.32,0.82,5.02,21.95,37.37,55.51,1.55,258
89.51,131.46,60.2,16.48,0.85,73.85,11.69,19.53,66.3,1.17,319
91.05,170.3,32.25,16.66,0.49,77.07,3.34,31.04,33.75,1.49,338
106.76,195.51,42.44,16.33,1.65,27.39,18.23,19.74,49.53,4.82,373
37.5,70.76,47.26,23.38,1.22,25.41,6.39,30.37,61.32,0.33,173
38.61,51.11,41.04,18.21,0.74,57.99,58.42,28.77,,2.72,153
128.29,230.14,27.52,22.28,0.35,30.36,24.37,38.0,54.08,4.03,412
47.72,87.59,52.96,8.04,1.96,84.28,23.39,21.85,34.6,0.34,246
59.57,88.57,116.06,9.81,1.99,16.84,10.08,26.16,64.89,4.4,257
55.74,82.91,121.39,30.73,1.23,84.83,26.14,19.65,28.12,4.96,286
245.77,380.6,34.21,4.4,0.91,154.42,13.36,30.92,58.41,5.79,500
32.47,63.0,56.46,21.35,0.28,61.63,10.79,30.97,58.13,1.73,204
31.96,58.98,117.32,28.06,0.47,81.93,4.04,20.23,63.66,0.87,225
64.82,133.6,18.8,11.49,1.01,46.95,33.1,5.79,51.41,1.42,223
56.92,89.14,42.05,5.08,0.64,17.77,32.29,18.63,75.21,1.21,157
24.82,52.64,42.98,12.65,0.23,32.65,12.32,10.41,72.79,4.38,127
61.03,120.2,112.4,2.2,1.73,17.46,10.71,20.02,75.72,1.13,333
66.1,109.43,65.61,8.86,1.34,49.51,6.31,18.31,87.26,0.43,280
44.09,61.1,27.45,10.36,0.88,60.26,17.55,27.39,59.77,5.18,177
58.39,89.42,30.28,17.25,0.98,78.85,13.2,23.2,62.58,1.21,212
35.12,75.9,14.46,7.86,0.65,7.59,44.25,24.94,100.0,4.45,107
24.87,39.29,9.53,9.98,0.67,15.38,52.58,25.85,38.81,1.08,116
47.44,75.76,39.43,28.88,1.98,51.01,9.0,27.52,46.87,0.24,210
28.36,41.71,36.47,5.7,0.2,8.99,11.81,25.49,73.09,1.87,121
20.77,42.07,23.29,29.46,2.83,76.26,21.98,26.91,68.67,6.12,125
10.75,16.64,13.73,15.86,0.88,47.95,15.7,24.24,46.56,4.7,89
76.36,121.96,19.14,23.21,0.9,27.63,24.0,25.53,71.73,1.83,282
46.23,77.34,93.71,5.0,0.98,83.51,15.54,15.61,55.35,2.3,234
128.78,217.69,12.42,11.55,1.15,65.01,3.43,13.74,75.37,1.23,333
49.23,82.23,6.27,11.57,0.57,8.06,5.54,29.81,60.18,3.97,168
76.1,133.43,40.7,10.84,1.49,27.42,3.28,24.24,41.02,9.05,207
39.42,80.13,18.42,13.7,1.61,29.04,11.37,31.46,48.74,1.2,186
63.38,129.12,46.78,7.54,2.31,28.84,21.31,30.64,90.08,4.62,260
10.84,21.88,42.87,7.25,1.34,67.3,7.29,25.46,39.9,0.56,159
46.9,65.24,7.57,7.9,0.66,45.2,16.35,27.14,52.03,0.18,126
32.64,65.93,39.83,23.61,0.32,16.2,19.19,33.34,66.44,2.07,159
120.35,169.48,20.27,3.92,0.65,55.29,13.28,27.69,26.52,1.68,302
72.74,102.73,53.36,7.61,0.92,57.17,3.38,27.9,65.19,5.09,282
109.55,235.88,53.35,20.36,1.08,58.35,2.07,14.83,5.0,4.47,410
137.97,281.11,10.22,31.81,0.77,24.76,30.69,27.21,31.56,3.24,436
44.0,79.08,6.89,31.31,0.85,10.48,33.77,40.8,61.17,4.57,178
70.59,147.36,51.74,22.19,1.46,107.0,50.07,27.99,61.57,0.29,294
26.14,57.26,47.45,27.72,1.68,66.48,11.49,35.24,63.64,1.16,189
84.13,155.6,10.82,9.67,2.98,52.24,8.89,29.53,51.37,0.76,326
92.54,171.34,52.2,7.83,0.92,47.52,28.07,24.44,63.11,2.15,306
80.26,158.83,24.74,1.0,0.81,27.62,43.87,27.8,66.27,5.75,286
43.96,66.34,2.84,8.1,1.34,35.51,12.25,40.11,60.0,0.29,159
193.24,280.27,17.16,8.98,1.27,58.51,19.74,40.73,43.32,0.78,500
65.98,130.88,18.48,1.5,0.73,58.3,12.41,26.84,48.74,0.11,227
26.27,42.31,2.0,4.93,1.26,7.92,20.1,18.47,38.63,2.93,140
,139.94,59.63,40.83,3.49,15.08,6.45,32.86,40.56,1.35,370
122.68,194.25,62.04,11.27,0.72,26.07,7.28,31.31,57.35,8.39,420
26.73,43.37,69.29,5.05,0.27,12.45,39.64,30.04,59.71,1.96,145
53.8,116.68,9.31,10.15,0.8,31.12,45.35,24.94,64.61,3.67,206
18.7,36.05,17.31,14.39,0.26,28.84,39.56,16.16,20.62,4.75,90
141.36,251.31,21.29,11.67,0.5,22.45,42.14,20.63,89.59,2.03,422
60.58,131.57,7.38,6.49,1.0,11.43,14.35,23.14,51.69,3.53,184
32.76,69.22,32.55,20.8,0.44,34.03,23.42,31.2,17.94,1.26,127
123.71,217.83,11.41,51.58,2.28,21.89,1.44,17.99,24.92,0.38,385
64.7,136.85,25.92,25.93,0.65,78.92,18.35,28.5,64.2,1.99,291
112.87,187.8,14.38,10.03,2.01,37.88,12.94,6.92,70.58,0.99,306
87.77,132.31,39.3,10.82,0.28,75.09,8.53,42.88,35.51,7.43,288
29.18,44.04,49.97,18.02,0.32,42.85,3.13,31.71,73.75,1.87,144
42.82,81.18,23.42,13.67,0.83,66.95,11.54,23.27,100.0,8.04,179
33.51,58.68,21.96,25.15,0.43,23.64,13.91,30.42,33.72,2.81,120
24.73,46.82,35.76,28.32,0.38,18.06,28.36,22.06,13.08,8.52,150
14.33,27.47,3.64,2.42,1.13,78.63,14.15,24.62,38.5,2.55,86
217.63,287.29,17.19,17.08,0.3,91.58,16.44,19.44,46.12,4.18,500
79.25,106.87,11.54,1.0,1.86,44.51,2.82,34.93,67.36,3.8,214
87.4,155.52,62.84,35.82,1.3,35.69,5.54,31.65,54.63,0.97,347
132.71,195.34,110.02,9.2,1.33,17.64,5.04,33.03,91.2,1.61,448
42.48,79.41,7.65,2.56,1.91,48.39,25.94,38.12,62.53,2.55,158
20.01,35.96,27.96,14.74,1.36,2.0,21.64,32.64,40.89,3.16,81
106.44,194.48,9.33,30.82,0.67,40.3,29.68,18.62,49.0,10.21,370
,36.35,11.11,30.25,1.62,35.97,10.27,23.4,78.56,6.38,104
104.78,196.55,28.21,16.9,0.76,7.58,52.22,23.68,59.71,1.25,346
17.23,35.25,20.53,7.78,0.96,24.13,14.47,22.64,86.2,5.67,81
21.64,47.57,27.84,9.75,1.0,25.4,22.75,23.52,40.29,2.53,138
39.22,80.59,10.71,4.38,0.27,27.55,51.87,20.49,72.52,4.4,126
102.19,184.12,28.24,13.05,1.93,15.14,12.75,41.2,60.03,3.21,359
177.34,261.41,60.94,13.76,1.89,200.0,39.98,26.24,41.42,0.11,500
87.3,167.04,44.4,3.34,0.57,7.4,24.07,29.84,58.21,3.41,292
40.46,86.74,6.48,24.16,0.45,19.56,14.49,31.63,46.64,1.12,150
119.25,177.77,75.25,1.0,0.98,55.7,36.58,35.12,59.65,2.73,390
16.73,25.6,9.62,18.14,2.03,41.4,19.2,31.29,37.5,1.77,87
30.53,43.78,11.28,22.49,0.33,43.56,12.57,25.7,63.12,1.3,113
69.21,135.87,50.07,25.48,0.42,13.38,12.46,28.95,10.69,1.55,262
108.75,181.17,28.93,12.48,2.77,12.33,12.93,24.15,52.1,4.41,328
55.85,75.76,22.96,13.59,0.1,30.46,16.54,27.76,46.09,1.14,161
51.49,107.49,19.33,23.43,0.62,12.08,13.63,36.49,68.77,0.54,166
53.79,96.92,20.03,14.58,1.6,69.04,41.17,16.22,69.01,5.3,219
131.94,210.84,20.65,6.46,2.26,107.76,20.86,35.38,62.96,2.72,457
35.35,56.89,37.9,14.54,2.07,25.1,17.07,28.1,57.85,2.63,170
28.82,44.99,41.33,38.13,0.45,32.03,10.78,19.3,30.37,7.05,129
53.15,90.89,20.52,8.09,1.21,30.4,12.42,26.55,80.94,1.36,186
143.87,230.67,66.51,6.75,1.59,31.13,14.6,19.75,32.4,4.03,466
38.69,69.38,28.58,10.03,1.28,31.07,27.3,26.62,82.49,2.15,171
53.66,107.11,32.28,15.58,6.13,8.07,23.35,23.8,87.66,6.78,276
16.46,31.39,56.93,5.58,0.45,112.54,17.83,29.95,75.18,0.78,119
55.34,86.61,14.5,2.32,1.47,53.51,78.31,21.27,61.82,5.35,216
76.6,136.04,38.46,14.42,0.1,37.73,45.12,25.1,54.37,3.12,275
23.15,47.6,12.69,13.09,1.2,,44.84,29.81,55.32,1.35,107
132.1,179.84,11.39,2.37,0.11,75.68,18.58,26.26,36.25,1.35,395
75.91,104.04,70.63,3.61,2.03,39.7,31.78,27.77,52.16,5.56,257
43.57,78.45,83.97,12.23,1.94,34.88,6.86,32.2,73.63,2.26,259
76.31,143.1,32.1,8.18,0.72,101.22,41.7,17.28,27.32,2.18,281
90.82,135.34,16.78,5.57,1.02,19.07,29.62,36.09,89.98,2.04,260
12.34,24.32,37.1,8.36,2.38,11.7,13.43,22.22,100.0,4.34,113
78.36,147.45,27.27,5.97,1.09,63.32,45.35,20.76,64.79,5.33,248
140.62,299.66,46.16,10.26,0.99,33.64,92.07,26.27,72.88,5.73,500
34.94,50.74,26.72,20.73,0.1,68.17,1.49,21.37,61.14,1.21,149
44.3,87.54,26.93,23.3,0.59,49.2,31.5,25.45,43.13,2.34,164
50.1,68.9,11.62,6.21,0.17,14.69,18.38,21.96,59.43,0.77,138
109.56,198.17,17.86,13.39,0.22,27.55,56.8,24.7,61.6,3.26,333
26.79,48.13,22.67,13.29,1.21,33.23,41.74,34.41,57.92,1.69,137
88.0,145.16,38.62,2.84,1.14,27.08,34.59,34.57,100.0,2.35,273
50.81,104.67,15.67,1.19,0.81,45.23,16.69,8.88,93.77,4.74,203
182.61,238.11,77.66,28.39,1.29,100.32,70.41,23.17,64.53,5.64,500
53.05,93.81,26.25,17.88,0.95,63.1,20.27,25.3,21.14,1.65,245
6.48,9.69,7.78,27.8,0.78,181.63,2.97,21.55,52.29,4.1,118
99.3,195.53,20.73,22.87,1.35,7.59,34.39,32.51,60.46,1.42,347
84.98,113.77,42.75,17.91,3.26,61.51,20.09,14.89,69.17,6.88,343
73.68,150.92,21.15,23.1,0.4,68.6,12.94,34.46,35.51,3.41,232
138.16,283.82,11.51,10.25,2.66,35.77,24.28,33.33,91.29,5.82,483
14.24,29.19,18.63,19.06,0.27,13.33,24.99,27.11,22.96,0.5,95
30.91,44.43,15.43,22.53,0.88,29.02,17.21,25.08,47.84,0.69,114
63.15,117.92,37.94,18.37,0.31,3.25,8.42,29.95,64.07,2.73,214
70.94,93.14,15.01,5.52,1.67,42.51,1.16,25.16,13.67,0.94,208
56.65,116.88,4.27,4.14,0.1,124.32,35.42,20.62,20.23,1.11,192
16.7,32.58,14.13,17.29,0.21,25.05,9.89,27.75,46.14,0.93,106
44.63,79.36,52.54,5.82,1.31,41.13,39.01,31.03,58.89,3.58,241
174.58,341.74,36.64,6.06,1.45,82.39,22.06,20.23,50.0,1.22,500
25.68,35.57,5.45,8.25,1.14,21.79,23.67,33.67,28.66,4.35,129
62.14,110.35,49.47,9.36,1.44,36.64,31.77,33.43,43.33,3.76,247
88.22,137.82,59.16,8.56,0.11,52.03,19.02,27.25,56.14,1.24,310
107.47,233.79,39.56,8.0,0.92,22.94,37.78,25.2,96.63,1.51,350
98.98,205.03,12.34,10.31,0.94,31.08,18.25,23.36,35.49,0.48,314
42.15,82.61,53.02,3.46,1.04,4.43,59.84,23.41,51.51,1.77,217
30.8,65.92,22.48,2.29,1.69,41.28,12.7,25.82,33.22,4.54,120
183.53,295.87,15.1,33.49,1.29,66.81,12.15,17.35,47.18,2.72,500
114.46,241.59,22.53,4.95,3.15,27.21,10.83,15.49,59.56,4.26,407
66.45,105.83,34.49,1.0,1.28,16.56,15.18,28.4,25.83,3.19,211
153.57,300.93,39.5,6.92,1.49,2.0,42.6,11.69,85.0,4.28,459
20.12,39.5,29.53,1.44,0.38,73.14,45.4,26.39,13.39,1.59,119
6.72,8.85,25.0,2.61,1.34,43.02,13.84,33.0,40.3,2.03,105
70.38,114.36,11.53,11.0,0.65,17.46,8.26,29.08,58.65,1.83,221
72.74,95.83,36.7,2.96,0.61,52.82,17.14,22.42,39.58,1.86,255
18.42,40.48,30.1,28.1,1.65,72.18,21.27,22.71,78.49,1.89,109
111.76,157.57,38.81,19.39,0.21,46.7,27.1,21.71,49.82,6.75,328
10.19,18.22,23.83,23.21,1.03,18.55,30.42,36.2,65.94,8.76,82
81.39,163.71,41.8,11.63,0.77,30.36,46.06,23.01,86.9,4.44,273
94.36,139.76,38.56,3.65,1.85,10.64,7.63,20.99,53.23,4.41,282
69.79,121.19,19.11,7.96,1.68,17.75,19.79,28.96,23.04,3.56,234
16.05,29.65,25.49,13.73,0.79,35.77,22.71,39.38,47.33,2.67,86
137.22,198.17,44.48,25.25,0.37,19.05,68.44,29.62,60.56,4.48,403
43.25,86.53,46.65,3.86,1.94,46.94,24.91,26.29,49.47,3.28,222
43.36,68.05,57.98,11.24,0.92,109.65,28.17,22.93,47.5,4.75,210
36.94,55.04,14.95,22.42,2.3,51.67,4.56,19.5,55.47,4.79,179
101.26,182.52,19.93,14.13,1.22,8.65,19.4,34.82,75.3,2.53,306
41.68,69.58,73.18,33.49,0.92,26.82,54.6,31.46,76.9,5.51,209
23.61,50.26,96.15,7.48,0.69,31.8,5.8,15.71,54.43,2.39,201
120.37,251.82,32.29,7.73,1.25,128.62,49.15,27.51,68.39,4.05,438
61.07,105.96,25.18,10.46,0.24,31.53,30.06,16.01,54.27,1.59,156
123.12,199.86,95.84,16.71,0.54,53.12,14.87,31.78,58.83,1.95,394
64.38,102.55,77.98,24.33,2.04,18.99,12.44,27.83,88.55,2.19,263
34.96,53.86,44.83,11.56,0.29,20.22,2.05,21.81,34.84,3.96,134
,21.34,24.1,25.56,1.81,95.07,27.89,14.29,69.75,5.32,133
70.59,142.9,34.1,17.69,2.6,27.63,4.16,36.26,46.08,1.92,276
50.18,79.27,6.09,39.73,0.59,20.14,22.68,21.33,68.96,4.18,154
104.06,153.08,50.22,14.49,2.78,51.37,41.46,20.85,75.73,1.35,364
40.19,69.44,15.79,19.11,3.84,48.04,25.33,13.29,83.31,3.09,189
83.08,113.17,70.46,16.97,0.62,90.9,18.6,25.2,62.92,5.21,301
62.5,120.71,4.41,24.36,0.95,60.97,12.51,26.48,58.28,3.21,209
32.52,57.44,16.38,15.05,0.56,21.72,21.12,11.17,49.99,0.83,179
42.73,74.63,29.21,8.75,1.16,35.89,5.75,33.28,5.0,2.63,146
19.71,30.95,28.06,3.48,1.26,9.93,29.37,28.89,68.74,3.5,82
191.61,405.09,14.52,7.12,0.59,31.57,10.98,20.06,62.24,6.31,500
81.86,113.08,28.98,8.28,0.49,53.54,23.37,27.86,37.25,1.24,280
18.51,38.55,23.75,26.43,1.41,23.07,46.73,40.76,74.9,11.72,119
185.44,303.95,29.1,21.17,0.76,27.82,49.72,28.54,55.4,0.81,500
25.38,53.11,18.3,49.62,0.7,66.08,28.78,15.57,74.34,4.35,190
39.65,77.54,56.43,11.27,1.39,128.61,15.83,21.88,45.83,0.19,235
52.94,73.79,34.62,4.51,0.68,40.4,24.77,23.75,38.7,3.72,168
63.6,130.28,19.06,5.23,0.51,49.34,11.52,26.07,44.46,6.66,242
102.23,195.66,41.55,23.27,0.53,51.61,12.49,28.95,86.33,3.04,349
9.19,12.21,16.24,6.7,2.49,51.01,8.85,35.85,19.33,2.24,83
64.32,91.36,16.62,2.21,1.2,10.53,3.69,31.73,45.09,1.09,169
50.92,95.33,5.28,17.17,1.01,35.38,3.56,29.1,55.33,3.75,174
71.48,135.55,36.29,22.22,0.85,28.55,6.46,46.82,62.27,2.92,239
49.06,96.74,30.72,1.93,0.85,27.49,51.04,19.01,60.15,2.84,191
,86.14,12.95,7.36,0.15,55.22,8.84,22.91,74.8,3.12,151
57.54,108.96,12.63,6.71,0.28,100.83,32.18,28.5,58.04,2.04,233
179.01,356.17,36.79,11.97,2.6,98.98,49.55,33.02,28.59,1.65,500
44.88,81.57,19.69,6.66,0.24,34.86,7.05,30.01,75.38,5.32,138
133.24,204.48,36.84,10.59,0.58,41.16,8.63,22.61,61.58,3.45,398
69.37,147.15,5.68,13.99,0.72,21.48,20.3,27.31,50.69,2.21,216
67.11,88.34,9.29,1.94,0.59,4.01,6.79,20.59,97.36,6.66,158
71.96,117.29,52.44,9.44,0.39,105.77,12.69,26.73,34.86,3.13,278
88.03,172.19,32.25,7.93,1.74,11.76,17.36,21.97,60.67,1.59,291
47.58,80.15,44.24,9.46,0.24,33.78,6.83,28.49,58.72,3.14,155
127.37,168.43,19.73,9.45,3.81,18.8,30.32,48.0,,1.86,338
88.18,119.87,14.16,1.59,0.27,26.45,8.24,16.09,32.31,4.45,259
21.35,40.21,49.9,37.73,2.26,30.78,55.2,24.41,58.1,1.03,186
6.55,14.21,2.0,12.51,2.84,110.72,31.47,28.64,59.28,3.18,135
175.55,315.4,25.99,23.74,0.13,13.79,11.71,21.71,63.63,1.83,472
73.57,129.19,42.57,5.15,1.07,22.93,12.4,24.44,52.76,2.9,291
19.03,30.18,19.59,28.26,1.35,49.78,24.92,19.59,47.44,1.74,119
44.83,68.63,102.46,12.28,1.2,34.26,43.74,31.68,74.96,0.21,213
114.42,150.91,26.55,18.49,1.42,40.75,4.75,37.35,5.0,5.63,345
55.06,85.11,36.94,2.63,0.49,19.22,21.71,29.65,77.85,3.96,174
58.79,100.18,13.09,8.29,1.86,13.17,13.58,32.46,36.04,3.37,222
100.81,149.02,77.92,13.07,0.45,42.78,30.33,31.73,42.82,1.08,328
78.51,108.23,28.8,37.9,0.63,33.95,11.48,23.85,56.24,2.68,273
92.55,180.11,20.54,16.78,0.38,28.48,20.39,32.42,50.36,2.02,266
100.11,210.74,27.67,3.93,1.72,10.74,32.62,22.92,43.58,0.83,330
35.76,76.64,40.09,4.46,1.6,192.66,37.03,22.51,80.94,10.5,245
38.53,71.52,16.61,2.23,0.41,20.44,26.94,14.01,81.49,4.43,158
32.34,43.58,34.5,5.6,0.73,19.78,6.75,26.83,100.0,1.71,85
40.23,79.13,5.5,28.58,2.59,32.05,8.81,35.27,64.29,1.68,181
57.13,79.93,7.8,15.91,0.16,2.03,25.33,24.73,48.81,2.61,177
60.21,114.57,28.5,18.61,3.59,29.19,4.58,20.88,59.65,1.63,240
150.59,301.39,72.7,28.68,0.47,84.22,35.87,33.21,93.33,1.58,500
75.92,148.3,4.72,18.93,0.73,67.65,9.96,33.25,59.7,2.14,210
57.96,125.0,16.11,2.98,1.01,18.47,3.74,24.41,44.46,2.17,200
26.74,52.52,9.06,22.12,0.27,27.54,13.44,26.7,45.46,3.93,105
49.84,95.88,19.34,43.68,1.62,31.19,38.28,21.27,53.51,4.05,203
183.97,282.5,27.19,3.08,0.51,46.69,28.79,20.51,47.78,2.58,496
182.14,388.38,21.85,14.13,0.54,24.51,17.78,28.58,43.78,1.97,500
49.38,72.17,2.82,27.91,4.49,54.19,2.77,38.03,35.65,5.24,216
13.57,28.7,5.7,23.18,0.82,67.21,15.25,34.7,70.26,1.85,94
44.52,70.4,9.28,44.0,1.18,12.74,16.03,16.09,40.85,4.08,173
151.64,214.89,17.61,6.39,0.93,41.5,36.51,33.83,41.63,2.8,416
57.42,117.37,13.42,25.38,1.96,85.8,14.72,25.97,59.22,12.89,250
100.88,131.37,18.22,11.53,2.45,77.37,1.0,28.63,76.47,4.92,337
62.34,127.73,24.08,9.18,1.17,60.88,14.29,17.31,51.07,6.71,216
17.61,27.06,20.27,6.63,3.56,67.77,15.72,20.82,26.41,0.25,118
63.95,134.05,82.28,25.8,2.21,36.81,7.87,43.62,38.1,4.36,299
109.85,211.17,84.16,3.5,0.52,64.1,14.15,32.99,73.57,2.81,388
39.79,75.58,27.8,13.62,5.15,46.11,45.43,22.77,25.94,7.04,250
107.96,175.84,14.93,6.75,0.41,14.39,3.28,22.33,40.52,2.52,300
66.85,90.48,20.05,12.09,1.97,16.74,13.55,21.26,11.97,2.44,200
104.2,213.3,31.28,10.1,1.08,8.31,18.02,35.35,20.48,1.1,340
79.28,115.26,11.56,12.44,0.69,96.6,9.36,24.79,27.48,1.93,250
28.28,46.24,31.68,16.0,2.8,24.61,34.85,20.72,60.21,0.34,164
50.22,92.43,20.89,5.93,1.08,154.97,14.12,27.69,34.24,1.32,223
49.01,84.98,74.79,3.54,1.34,31.66,45.76,24.48,34.17,3.93,233
38.31,56.65,11.29,5.78,0.16,33.05,5.84,26.73,43.15,1.96,137
75.02,107.03,62.0,13.67,1.97,22.17,14.35,21.69,85.57,3.05,262
204.84,289.02,31.46,12.16,1.35,7.52,6.15,29.45,36.64,2.56,500
127.48,264.74,14.17,5.84,0.76,,16.78,27.11,68.75,2.7,434
138.58,184.08,42.96,13.52,1.37,21.32,2.94,26.85,95.96,4.75,403
36.47,79.48,17.48,26.91,1.54,12.46,21.09,17.52,71.67,3.37,140
140.05,207.09,21.48,12.28,1.12,65.68,36.05,33.62,45.5,1.04,393
170.14,238.07,14.7,5.46,0.62,50.88,23.22,26.45,47.46,4.68,425
35.51,64.6,51.53,2.73,1.73,40.84,2.25,34.96,64.66,0.92,170
85.39,117.16,96.49,12.11,1.26,21.52,11.23,33.57,72.57,0.9,336
86.93,160.15,11.45,4.97,0.26,27.95,94.77,22.48,36.34,0.93,287
52.98,109.43,48.73,8.81,3.15,70.31,13.16,23.5,36.41,1.62,257
70.91,95.24,26.96,16.32,2.18,34.27,4.72,28.63,70.7,3.17,208
89.83,181.45,45.45,15.12,2.26,9.14,40.62,35.41,45.68,1.46,353
55.63,92.07,30.81,27.71,1.14,11.16,67.37,18.31,55.37,7.12,208
123.58,178.4,22.32,1.71,1.52,56.88,24.27,31.69,70.13,1.53,355
21.46,31.29,128.31,9.86,0.89,33.96,3.69,17.05,57.68,2.36,189
48.85,103.9,29.35,10.16,1.25,2.0,34.48,20.16,66.43,2.05,165
102.22,143.06,48.25,13.79,0.72,60.86,12.44,22.38,48.4,0.77,354
191.44,398.22,14.94,3.99,0.85,67.97,10.87,17.77,83.73,2.41,500
128.65,230.25,71.3,6.33,1.08,13.78,23.97,17.35,,2.73,420
69.89,93.31,26.07,3.57,0.61,10.81,5.77,34.11,63.58,2.21,172
57.61,98.97,7.72,14.65,3.99,81.62,15.78,39.21,51.03,2.64,261
50.95,103.72,19.04,6.05,1.25,126.4,34.57,38.07,73.28,4.42,237
51.18,99.98,28.89,22.91,1.71,18.71,8.64,24.04,43.1,4.19,201
11.84,20.6,27.8,20.56,0.63,22.98,20.81,36.69,60.56,9.25,133
186.53,386.87,23.8,25.05,1.9,118.15,12.78,33.28,41.31,3.15,500
60.78,85.6,27.05,8.06,1.01,17.71,3.89,22.38,46.15,11.18,173
33.72,71.46,10.54,8.12,0.48,36.99,21.11,26.36,71.41,1.34,101
84.49,174.2,26.28,8.65,1.44,34.0,6.16,34.31,49.85,2.16,282
35.94,69.62,17.15,5.52,2.69,11.78,9.52,25.8,54.35,1.35,190
116.03,236.24,36.95,3.26,0.83,26.0,35.23,24.08,42.28,2.32,371
34.6,61.92,27.42,4.72,1.09,10.03,24.61,19.7,43.08,3.13,137
105.31,200.9,15.61,32.09,0.99,72.2,15.36,30.94,100.0,1.99,332
50.4,90.94,38.38,7.33,1.08,37.29,18.65,29.55,77.05,3.73,190
77.05,124.81,50.91,38.07,1.21,82.59,6.09,27.39,56.86,2.08,303
110.62,200.43,32.49,6.96,2.96,14.54,13.56,27.58,40.41,0.8,368
42.06,64.43,13.17,13.33,1.24,63.54,3.64,14.94,41.33,4.89,156
108.87,184.66,88.0,15.04,0.33,12.78,16.53,34.56,26.82,0.84,373
12.41,19.26,24.68,11.79,1.07,19.53,11.15,25.22,,1.22,68
161.9,228.38,31.73,6.99,1.48,7.86,24.0,26.95,36.57,3.79,456
121.28,192.8,4.5,1.31,0.73,21.68,60.28,36.14,33.68,10.94,353
59.27,122.5,26.93,10.87,2.77,32.43,22.59,20.92,55.77,0.83,268
135.5,222.62,44.9,5.43,0.63,46.1,12.56,25.59,19.11,2.68,389
126.53,249.67,20.71,7.3,0.54,71.98,3.56,27.14,53.1,3.3,368
63.23,92.18,35.34,6.86,1.58,31.42,52.79,33.33,77.27,1.31,230
62.75,105.54,36.16,32.05,0.59,22.11,22.47,25.54,66.31,6.65,245
30.41,42.67,47.35,4.46,1.64,28.82,16.7,41.8,57.21,1.51,151
65.69,93.59,25.32,37.44,0.88,29.86,21.23,13.4,38.7,3.02,217
17.07,31.67,18.37,43.21,0.79,37.74,19.83,25.81,41.42,1.93,125
104.45,192.89,8.7,22.34,0.43,21.39,4.99,26.47,43.62,0.53,354
105.94,158.07,36.43,1.0,1.01,46.07,10.11,34.48,40.26,1.33,297
12.61,21.77,84.0,3.13,0.59,27.73,31.73,26.55,31.45,3.26,157
152.13,315.97,13.5,25.85,0.49,28.47,24.26,31.98,45.09,3.21,458
39.22,57.14,42.87,4.14,2.53,61.52,36.73,21.59,72.67,3.2,183
314.83,414.72,76.15,12.65,1.46,6.61,42.35,28.77,48.18,5.66,500
74.3,140.2,14.98,6.87,0.69,16.84,17.27,40.09,61.3,1.12,227
153.08,206.37,52.12,27.42,0.29,62.34,17.56,19.12,,7.37,426
29.59,64.56,7.62,11.97,0.12,65.42,32.78,21.28,80.49,1.2,129
50.31,93.01,52.56,13.47,0.72,68.24,26.46,30.81,28.05,3.94,228
41.9,72.2,4.7,55.77,2.26,74.29,13.06,38.73,63.57,6.06,198
16.77,28.29,2.87,37.89,0.87,102.25,18.2,28.65,54.46,1.65,120
21.52,39.07,11.48,11.92,0.61,60.53,16.59,28.87,92.68,1.97,98
57.61,79.6,37.22,1.0,0.31,110.78,3.79,23.46,62.95,5.88,228
82.51,176.33,28.98,19.65,0.77,83.49,24.15,22.98,66.99,5.34,315
26.96,50.23,53.58,47.27,0.56,4.42,15.85,25.93,56.38,0.38,130
48.02,70.37,24.64,1.33,0.28,12.46,19.35,30.85,,1.88,119
35.79,64.64,10.3,21.46,0.68,33.1,7.71,11.39,45.08,1.93,164
60.44,85.82,29.69,28.49,1.59,69.67,15.75,36.55,59.69,2.98,249
99.24,130.57,39.88,11.9,0.15,66.38,6.94,40.05,81.15,1.29,305
68.16,127.29,35.42,12.97,0.95,62.63,10.36,31.78,41.54,0.1,246
40.5,76.29,36.57,12.14,0.1,23.93,32.02,17.02,26.57,2.72,171
123.83,226.04,43.59,3.73,0.46,56.36,9.95,18.95,49.33,1.96,409
80.69,118.22,26.24,58.86,0.25,53.44,16.57,29.54,61.21,5.14,281
69.58,128.25,53.57,2.45,1.97,39.93,26.91,34.45,48.48,3.53,287
27.26,36.82,6.47,21.67,2.63,33.82,7.67,29.93,64.61,4.59,161
115.46,213.41,55.59,20.59,1.11,25.08,40.36,23.7,73.88,3.56,374
86.28,155.18,54.19,4.19,0.54,20.0,14.78,26.03,42.45,3.32,287
89.33,168.81,24.88,12.78,0.88,41.6,8.46,33.36,45.06,3.5,311
53.6,112.87,32.87,3.35,0.11,97.55,2.08,10.52,68.28,11.94,196
46.7,96.46,38.16,17.37,2.01,7.53,38.86,27.66,40.66,1.36,205
187.13,408.43,118.14,29.66,2.02,64.75,24.81,27.8,84.74,0.95,500
46.17,100.58,23.24,13.23,1.62,113.43,22.63,18.71,70.59,1.8,258
22.76,45.41,24.03,20.68,1.08,102.02,46.55,35.33,53.74,4.11,147
72.05,155.68,9.32,4.7,2.72,22.34,13.76,24.36,63.1,2.07,253
62.85,130.77,69.64,4.64,0.63,28.67,14.33,31.21,65.65,0.85,248
127.47,249.17,35.85,12.33,0.14,25.43,2.83,26.87,80.23,1.79,394
56.64,77.48,20.01,3.02,0.83,139.19,27.82,20.92,68.24,3.54,220
97.14,130.57,27.18,4.22,0.34,35.64,24.4,32.39,59.82,3.13,243
158.79,326.12,46.89,6.66,2.37,,11.31,38.66,57.76,3.62,489
82.89,144.28,28.78,17.44,0.55,23.6,8.33,16.95,32.33,0.96,284
28.44,57.81,35.68,4.59,1.34,71.72,11.43,27.18,65.93,1.37,174
84.49,133.63,10.89,11.52,3.04,56.82,18.56,19.16,59.44,3.93,298
48.64,80.64,12.21,21.47,1.7,99.01,17.71,25.8,55.42,8.51,173
75.49,145.71,59.34,7.49,0.51,46.36,14.43,28.36,49.13,1.74,304
63.19,134.21,15.62,7.68,1.58,200.0,6.45,26.96,82.04,1.95,258
22.33,30.79,12.43,17.54,1.03,93.24,14.66,20.98,65.61,0.71,115
56.41,117.07,3.83,13.64,0.39,41.72,1.5,29.3,60.46,2.9,170
27.09,54.56,52.54,8.34,0.29,26.08,30.26,31.42,84.98,2.93,198
43.54,68.96,17.34,5.3,1.83,38.55,20.58,18.32,48.4,0.94,168
115.21,186.61,75.16,6.49,2.1,62.31,42.18,28.99,65.79,3.7,414
66.75,89.57,14.31,21.82,0.91,54.8,5.9,32.86,90.16,3.54,218
93.28,122.59,7.92,7.49,0.4,19.92,6.38,35.16,36.25,0.75,253
70.6,122.08,13.2,63.26,0.7,99.26,6.73,25.59,43.59,6.81,256
51.24,71.02,27.0,5.81,0.42,14.23,12.26,12.55,76.39,1.67,185
75.64,111.54,110.48,18.84,1.29,12.03,1.0,23.72,45.55,1.97,308
14.39,29.68,68.02,19.49,1.87,50.16,4.87,42.29,13.18,3.54,109
104.69,189.9,51.59,15.73,1.92,90.89,16.58,15.96,35.69,1.42,370
32.95,61.63,76.3,2.73,1.87,30.31,9.46,17.61,29.97,3.29,227
89.42,131.34,23.63,25.02,0.94,62.58,18.67,25.67,29.76,5.73,299
49.75,101.77,17.55,11.23,0.78,26.49,26.04,21.07,66.59,3.32,175
22.34,46.5,54.31,30.88,1.03,118.53,23.68,21.08,65.89,2.81,202
37.76,66.88,25.79,8.99,0.87,89.71,31.84,19.95,55.35,3.28,149
89.73,190.35,12.72,8.87,1.48,79.22,4.17,20.88,50.94,0.47,327
225.8,465.22,2.0,16.38,1.86,35.45,43.86,22.74,70.05,2.73,500
60.35,118.18,11.52,11.25,1.15,85.36,40.04,31.42,66.94,6.59,217
209.17,410.12,37.88,2.96,1.28,31.28,23.51,46.95,44.42,1.22,500
14.35,20.02,12.76,21.84,1.01,5.98,29.51,31.13,16.93,4.68,99
52.64,81.26,47.06,2.38,0.58,51.62,9.62,28.89,21.72,7.68,160
60.39,82.13,7.53,24.54,1.48,19.51,7.3,34.28,35.35,0.56,172
92.89,121.48,11.82,4.96,0.1,63.89,17.03,29.48,87.84,0.21,252
38.94,56.17,76.79,44.71,0.55,87.7,26.71,37.07,39.62,4.35,244
80.49,168.43,51.2,2.86,0.84,19.39,15.39,29.68,34.2,3.62,294
54.59,82.75,27.25,4.74,2.31,33.3,13.04,13.77,52.53,0.44,204
139.34,302.81,27.22,23.93,3.41,11.37,14.74,32.78,51.16,1.86,476
72.09,132.48,13.38,17.88,0.99,79.64,12.1,25.21,51.79,2.54,240
298.57,451.89,60.25,25.41,2.2,40.19,19.38,27.12,28.21,2.9,500
54.91,95.95,60.98,19.08,2.29,13.01,16.01,19.38,56.84,0.55,245
133.56,199.97,23.41,11.12,0.1,49.93,13.98,33.2,30.6,4.13,368
161.39,352.72,22.99,29.35,1.08,99.55,28.49,21.3,27.67,4.3,500
4.37,9.01,16.73,37.61,0.86,55.98,10.24,21.36,,1.82,77
103.81,137.41,32.18,4.31,0.2,82.64,34.56,34.6,47.43,3.36,323
53.45,115.08,4.15,28.13,0.73,31.7,6.4,18.2,61.15,1.15,167
25.21,49.13,25.11,27.79,2.23,43.63,12.13,36.26,13.3,3.48,156
140.91,193.63,51.83,5.08,1.63,11.33,16.09,39.0,61.79,3.62,382
40.75,77.56,29.61,6.64,0.29,34.55,8.88,34.42,54.65,0.95,160
13.52,25.45,42.75,22.84,0.11,74.24,9.68,21.16,49.37,2.64,123
73.32,109.75,34.65,7.53,0.49,57.9,24.48,27.12,30.87,0.28,225
154.51,306.34,30.48,13.5,1.14,39.67,5.17,27.45,47.45,0.22,499
25.5,35.15,26.66,14.29,1.05,60.78,28.57,17.94,32.82,4.82,145
112.95,196.59,47.24,4.68,0.14,65.58,17.36,27.96,46.99,0.87,354
10.02,13.12,22.19,4.69,1.43,12.4,13.99,14.16,14.33,0.47,62
161.6,350.98,11.1,3.91,0.55,58.41,11.73,26.18,,1.81,491
84.01,166.04,64.79,18.22,0.71,47.95,14.69,27.17,25.43,1.77,304
23.19,33.47,44.02,2.86,1.69,12.69,22.51,27.72,70.03,9.4,116
106.23,170.77,3.59,24.34,0.35,25.32,6.68,35.58,67.71,3.51,315
42.58,61.5,32.64,7.21,2.9,8.5,8.23,21.11,37.13,2.6,197
30.43,60.56,3.16,13.38,2.27,43.26,19.94,27.96,10.47,0.56,168
41.85,56.63,8.23,3.72,1.49,28.52,70.88,26.34,100.0,2.26,166
99.21,204.01,35.22,45.35,0.72,10.78,32.25,44.67,47.24,4.79,350
28.82,61.91,62.94,19.36,2.78,36.08,3.9,8.43,53.99,1.75,186
6.26,11.94,96.91,18.77,0.72,38.16,11.82,22.43,97.55,1.26,126
43.56,64.98,77.06,20.19,1.63,39.01,4.57,34.69,68.09,3.77,217
144.65,234.93,5.32,17.56,0.1,23.75,16.96,15.27,65.64,1.16,400
143.41,248.03,83.83,4.31,0.83,54.83,4.66,36.86,67.34,0.41,474
41.81,77.1,47.17,5.53,0.2,28.31,1.49,27.13,56.97,7.42,159
40.64,77.3,49.86,10.93,0.16,39.63,19.08,25.43,38.69,0.7,216
38.68,69.57,16.03,18.08,0.33,58.41,4.42,11.64,69.05,1.82,124
37.33,60.33,37.72,21.82,1.04,76.95,35.53,29.22,33.58,3.19,197
39.41,82.84,35.71,6.0,4.28,31.33,34.68,29.77,64.81,5.22,177
75.81,104.11,37.35,10.12,0.74,36.4,6.72,13.06,64.8,2.79,234
146.91,252.63,42.24,39.48,1.43,34.82,3.28,27.33,42.83,2.67,448
28.78,57.5,26.25,8.65,1.33,36.17,12.27,30.02,24.02,4.77,134
33.52,45.42,22.24,25.12,0.8,22.99,8.15,25.37,40.47,7.27,129
81.93,158.52,28.45,2.43,0.1,75.65,32.3,35.76,50.08,5.04,260
103.04,209.98,58.08,8.88,1.16,7.24,9.19,26.94,43.52,1.63,342
17.06,32.33,49.35,28.25,0.47,28.12,10.75,26.85,77.41,4.54,107
182.36,239.19,55.89,32.86,0.93,13.03,10.08,28.84,90.26,1.74,500
49.95,73.04,35.84,16.36,1.94,55.88,6.16,7.16,39.25,5.94,181
18.67,30.02,11.89,1.14,1.0,153.11,2.23,24.09,76.46,3.43,131
16.27,24.57,16.58,1.01,0.58,78.74,54.09,15.64,63.1,0.23,65
15.32,33.19,49.05,15.36,0.14,7.61,10.13,19.52,74.36,2.05,98
131.9,248.81,59.74,16.49,1.6,33.8,29.58,24.66,52.03,0.49,472
67.15,105.23,54.33,48.28,1.29,64.65,43.32,20.38,48.34,6.44,311
132.68,283.51,28.59,6.17,1.03,57.67,14.04,35.55,48.26,2.43,432
58.33,114.71,31.74,3.59,0.65,40.87,20.4,23.42,27.76,2.59,226
130.27,202.72,29.18,10.45,2.01,59.14,32.97,25.43,19.41,4.49,403
57.27,93.98,6.69,8.2,2.27,42.06,9.85,28.57,56.26,2.48,198
92.62,137.04,10.61,19.71,1.5,74.66,46.44,30.96,62.86,4.34,275
61.27,133.21,41.09,22.35,2.28,101.62,21.42,33.07,53.22,5.73,266
54.73,96.63,20.96,10.16,1.13,22.14,16.79,34.33,49.95,5.02,186
31.24,65.81,3.04,21.52,0.85,35.91,13.28,12.37,57.34,2.31,148
101.34,163.35,29.62,4.63,1.33,70.31,14.33,33.2,77.57,2.38,344
25.61,53.14,11.5,14.54,0.94,21.87,10.82,34.32,84.13,3.72,89
101.23,136.51,10.12,1.0,0.93,21.17,18.58,42.98,84.99,1.95,270
69.33,151.41,6.46,6.06,0.91,69.9,18.89,26.82,55.66,6.51,271
103.05,218.55,14.03,18.37,2.61,4.35,23.87,27.58,64.03,2.61,361
73.63,119.79,2.0,38.19,0.93,16.1,11.25,31.46,43.34,3.81,229
139.64,278.9,11.48,5.29,0.95,40.42,54.57,44.3,60.79,3.46,414
86.58,171.17,41.43,14.87,0.72,85.78,7.52,27.48,74.29,3.82,324
70.38,148.58,34.68,5.08,1.44,16.95,5.96,26.58,52.36,1.11,269
5.39,8.5,54.53,8.43,3.66,16.13,28.25,30.26,50.44,3.63,120
143.33,246.38,36.9,17.16,1.12,21.71,15.2,17.93,90.74,3.53,438
15.15,31.49,2.0,4.17,0.62,71.44,7.04,33.9,43.16,2.71,64
20.34,40.69,20.56,8.42,2.47,80.41,1.0,24.13,62.42,5.03,145
109.6,181.29,19.18,13.58,0.68,35.33,35.39,26.71,65.87,4.72,326
65.39,134.77,10.39,14.39,3.44,25.41,23.37,27.28,65.85,2.75,239
15.81,21.22,6.46,12.43,0.89,47.22,11.19,39.94,60.08,0.53,99
40.6,81.35,39.61,13.58,1.29,67.91,14.82,24.03,84.62,2.02,218
138.45,205.75,25.12,6.39,1.69,23.8,20.65,35.7,60.49,4.41,360
72.09,112.27,8.97,5.53,0.68,11.57,44.85,12.05,38.65,3.03,203
66.55,116.06,5.65,4.31,0.33,11.3,2.64,32.07,58.96,2.41,175
36.71,62.58,47.93,4.94,0.79,17.35,10.31,35.37,45.31,3.14,153
112.2,198.42,42.12,4.52,0.94,53.87,34.9,33.23,74.14,2.68,377
59.62,106.74,42.93,12.62,0.27,33.66,59.95,21.57,61.29,3.93,201
98.59,157.59,40.91,5.07,0.81,9.59,36.7,31.03,61.96,0.48,324
33.67,49.08,40.88,13.61,1.96,5.94,24.09,32.94,74.16,2.18,143
226.57,451.24,37.62,10.33,1.32,52.53,10.28,23.9,76.25,4.31,500
155.02,257.33,15.51,15.6,0.51,13.33,25.86,20.64,32.74,3.17,437
71.54,125.57,40.44,11.91,2.02,46.15,11.14,32.04,41.42,2.65,294
82.86,155.8,28.16,10.97,0.29,76.34,23.62,21.77,89.86,2.58,293
40.91,86.67,11.82,24.26,0.87,23.75,6.77,28.72,50.57,0.39,159
103.92,201.28,25.5,22.63,0.52,94.1,12.36,33.01,57.65,1.09,342
6.98,9.36,59.75,14.77,1.09,14.8,17.47,18.2,55.15,5.88,99
180.57,371.02,31.93,22.3,2.47,55.15,42.18,25.26,60.11,3.89,500
99.89,218.8,34.99,4.97,3.14,117.07,31.05,21.91,54.05,6.04,373
28.27,48.78,9.69,8.63,1.11,15.82,17.79,28.47,74.63,3.68,111
177.76,386.2,12.5,8.87,2.58,63.74,28.06,29.63,39.15,1.04,500
214.32,384.18,28.23,14.02,1.1,13.44,38.14,27.55,32.39,0.1,500
85.98,147.34,22.49,2.61,1.51,65.31,6.7,34.47,61.11,4.43,313
34.15,54.58,19.79,14.63,1.82,42.44,5.73,28.96,67.12,0.99,141
67.31,127.34,9.83,18.19,1.64,80.03,17.87,25.99,44.3,1.61,233
94.57,142.5,12.25,17.72,1.17,44.27,30.91,28.1,32.86,2.52,330
81.11,113.1,5.99,2.37,0.25,18.19,11.09,29.83,56.8,2.85,212
28.28,37.46,16.58,2.92,2.42,20.68,58.16,41.12,49.07,3.34,127
93.41,146.02,22.61,6.24,1.15,8.34,10.56,29.85,44.36,5.75,273
137.41,227.57,23.96,39.03,2.41,45.71,39.32,19.18,51.96,4.54,445
22.7,40.78,58.39,14.9,1.24,87.87,39.86,23.62,49.76,1.11,166
25.23,39.44,2.77,3.08,0.53,64.83,8.26,21.08,80.09,0.62,98
39.57,86.48,81.82,15.65,0.17,19.88,20.49,23.15,66.94,3.71,197
55.62,86.91,40.95,12.47,1.28,47.15,29.83,27.01,84.35,6.47,195
114.1,193.61,27.04,17.28,0.32,97.52,21.74,29.3,35.8,1.27,355
136.42,190.03,11.41,10.84,2.83,,15.07,19.1,53.55,0.85,366
32.92,50.52,17.44,11.26,0.78,84.31,3.12,38.48,73.03,0.52,140
75.35,101.23,40.31,6.16,0.61,56.5,2.79,16.8,96.19,1.41,232
132.87,239.63,13.38,46.08,2.66,30.06,4.94,26.39,55.66,5.27,458
234.69,463.74,43.07,8.32,0.93,52.83,5.47,13.25,,0.98,500
75.07,110.82,25.06,9.86,0.34,47.81,17.06,28.52,68.86,0.35,197
78.0,127.23,24.99,7.26,1.97,,24.02,32.36,56.33,6.21,231
86.34,113.54,40.36,1.01,0.49,29.21,8.29,29.82,26.71,5.7,255
51.29,105.42,9.0,2.71,1.76,79.28,9.62,28.41,53.08,5.14,210
71.07,142.28,19.41,12.82,0.95,41.8,42.8,33.37,24.05,0.9,260
9.21,12.5,22.72,8.02,0.52,42.69,2.59,36.32,39.17,9.2,75
41.09,66.91,38.99,2.01,0.93,60.18,19.59,30.12,75.66,2.08,162
92.43,199.62,55.01,19.09,1.39,18.18,6.36,32.72,55.4,4.77,378
31.32,51.77,8.27,18.66,1.12,105.79,25.52,17.06,55.28,2.32,141
115.87,205.5,25.21,16.5,1.16,26.56,29.56,30.91,50.17,0.88,377
13.18,21.35,7.66,12.09,0.59,11.95,44.66,26.54,21.37,3.47,41
112.93,207.4,25.04,33.87,0.33,39.4,17.39,24.24,65.77,1.08,332
112.73,245.78,35.19,7.52,0.8,37.98,3.22,27.67,74.17,2.03,382
237.33,521.6,17.46,12.04,0.1,104.83,13.9,36.31,56.91,8.91,500
49.74,99.35,56.98,3.79,1.47,37.75,16.18,26.18,48.93,2.26,206
65.43,108.86,35.49,2.33,1.1,36.63,48.94,21.23,62.33,0.56,256
169.46,295.71,33.54,30.61,1.06,23.87,9.83,17.19,89.84,2.69,500
155.79,252.55,27.78,16.47,1.05,30.5,17.74,30.91,58.34,4.05,453
127.26,278.31,39.9,14.91,0.18,97.79,21.98,27.81,30.98,0.38,450
83.05,160.86,60.14,44.51,0.84,30.18,28.24,21.21,70.13,0.94,333
166.54,283.79,29.11,1.79,0.93,49.52,33.91,24.97,5.0,2.41,468
290.61,380.96,18.26,3.05,1.38,22.8,2.41,38.68,58.39,1.78,500
98.31,173.86,108.43,39.17,0.1,89.21,11.98,27.74,25.37,1.23,424
67.72,148.01,28.55,12.37,0.29,29.75,13.66,23.51,43.5,7.5,236
106.33,188.28,22.57,12.15,4.11,36.64,19.47,24.42,79.01,3.84,386
74.33,108.83,38.42,8.38,1.68,37.52,14.01,18.87,38.68,0.92,283
53.13,70.13,4.07,11.7,0.69,56.25,18.39,21.67,42.17,1.22,184
116.19,188.14,7.71,15.73,1.23,40.64,47.07,27.08,52.01,0.78,355
44.32,94.24,3.01,28.7,1.64,27.98,39.59,25.46,81.72,0.66,169
96.96,213.01,3.88,35.32,0.45,116.13,44.14,33.83,62.13,3.88,341
16.49,35.46,10.68,20.79,1.99,37.96,9.32,23.84,58.98,0.93,73
185.71,363.33,17.47,6.12,2.89,169.51,11.52,22.13,42.19,3.57,500
34.97,63.03,16.8,24.53,0.18,17.7,12.64,32.68,17.71,1.57,130
20.0,36.62,23.07,15.59,1.74,12.95,25.5,16.18,80.52,2.03,72
152.36,271.98,32.15,14.43,1.76,29.26,21.99,22.13,52.58,6.96,422
170.89,330.91,18.03,6.71,1.67,30.46,32.48,21.95,39.39,7.19,500
81.87,137.3,32.97,10.86,2.41,13.92,16.06,19.56,38.4,6.13,247
60.89,115.83,59.78,7.74,0.69,12.46,20.97,21.44,50.44,0.93,246
50.67,71.41,90.35,1.0,0.18,37.76,36.58,12.99,75.25,0.89,199
78.8,121.29,66.97,14.12,0.32,52.62,9.33,25.29,46.13,4.22,310
63.42,130.17,82.38,39.96,0.73,34.07,8.06,15.19,49.52,4.16,304
57.86,122.28,23.48,6.5,0.49,42.62,24.05,28.96,63.66,3.06,220
31.9,56.95,4.57,14.68,0.34,61.12,7.59,28.05,35.07,1.89,104
24.49,32.54,21.87,4.52,1.75,18.12,14.9,29.37,35.02,2.86,117
69.61,148.56,9.78,22.66,0.82,66.18,20.65,34.76,26.34,3.46,244
77.12,148.99,23.74,29.44,2.33,38.61,16.13,21.08,83.78,2.56,261
36.66,61.32,7.6,1.28,0.78,29.91,10.26,35.09,25.33,2.39,115
41.06,75.49,27.31,9.95,1.02,57.46,5.89,6.02,85.09,0.34,156
76.99,129.87,12.78,8.09,1.72,18.73,2.0,40.72,69.28,2.23,220
31.19,53.61,12.69,9.67,1.99,93.55,37.39,29.22,59.37,3.84,166
130.48,273.76,55.0,21.62,1.12,9.94,4.95,35.51,56.17,4.48,412
94.35,136.34,27.9,9.5,0.75,50.89,18.59,22.84,65.68,3.16,313
36.38,50.69,24.84,25.83,0.36,59.24,21.03,23.73,10.34,0.85,169
91.11,118.67,45.7,1.0,0.41,80.03,15.56,19.53,48.7,5.96,283
31.85,50.4,32.49,13.41,1.79,56.58,6.33,33.28,78.4,3.91,185
113.07,162.0,45.08,14.4,3.87,104.95,17.2,30.2,52.59,6.06,390
32.93,49.32,22.2,3.42,0.46,131.05,14.59,24.12,49.15,9.74,158
60.01,78.62,43.05,36.45,0.26,97.32,6.29,33.27,92.3,0.33,245
72.66,109.31,4.98,8.56,0.49,46.9,4.91,15.95,52.66,6.49,185
169.24,270.68,21.88,19.09,0.1,55.85,69.43,23.35,80.58,0.9,500
34.74,46.15,30.66,5.97,0.76,13.96,22.4,16.62,65.19,5.24,115
33.56,61.99,17.41,4.85,0.31,34.72,43.73,36.94,58.81,5.83,144
17.53,31.77,22.56,21.11,2.08,47.83,2.39,25.55,24.24,0.69,122
201.61,279.71,46.93,5.4,0.39,33.35,26.47,31.16,58.85,3.32,500
67.01,123.0,47.96,9.73,0.83,35.03,18.14,35.14,86.73,4.04,245
132.54,291.42,30.55,6.54,1.51,38.19,43.49,35.66,98.99,1.65,454
41.65,89.55,61.91,20.18,0.7,8.27,15.03,24.09,72.54,0.69,210
44.8,58.35,9.39,7.92,1.23,38.26,2.23,26.96,32.61,2.23,113
63.16,127.32,20.05,3.89,0.68,28.04,21.9,34.24,54.04,1.59,223
64.54,104.45,20.65,15.77,1.48,41.0,14.98,19.75,30.65,3.23,208
103.76,140.83,57.98,33.74,1.56,26.6,20.97,22.09,51.0,1.35,326
68.42,107.18,35.53,22.48,0.28,23.41,7.08,25.98,66.95,3.58,224
49.12,78.08,69.32,22.95,1.43,53.13,20.19,28.34,63.23,6.12,219
204.02,361.29,5.3,6.76,0.41,43.87,6.15,33.21,34.59,1.53,500
31.53,59.75,31.23,13.6,0.9,33.2,13.93,33.87,56.98,4.88,129
34.9,68.9,25.24,8.5,0.13,76.12,8.21,19.62,48.43,7.26,154
31.91,48.55,2.0,4.31,0.94,14.76,65.38,23.36,58.1,4.65,128
106.47,169.24,12.46,16.03,0.72,18.06,26.46,21.94,57.76,2.97,325
89.21,140.74,9.48,14.7,0.81,4.58,2.93,23.28,24.26,1.25,235
58.04,94.4,35.24,10.44,0.34,50.28,11.07,23.83,77.66,1.4,200
30.53,67.16,56.07,27.71,1.51,45.06,53.03,22.12,91.76,3.04,180
72.43,144.88,18.59,2.42,1.95,27.37,11.38,17.0,70.6,1.39,238
116.5,253.67,9.09,18.36,1.15,6.99,18.28,33.74,28.02,9.83,349
173.7,334.17,7.43,16.31,1.13,12.38,4.67,34.14,67.22,1.13,500
40.23,67.01,71.79,1.65,0.65,99.08,22.95,9.68,27.45,2.94,211
57.89,95.56,13.87,15.92,0.71,14.32,7.84,29.29,90.69,2.03,181
88.62,154.17,2.0,2.25,1.86,15.87,19.75,46.8,92.17,0.44,278
48.74,81.64,15.27,8.06,2.42,21.62,20.24,30.29,45.93,1.07,198
20.35,41.62,5.12,8.95,1.31,4.98,11.15,37.98,32.85,1.92,75
58.11,99.86,26.17,6.26,0.58,50.35,32.64,35.3,66.56,1.4,146
22.87,35.81,24.22,5.94,0.64,,18.23,18.76,67.74,2.81,143
123.13,245.94,18.45,6.44,0.19,12.1,15.99,31.13,61.48,5.58,377
51.79,107.15,6.08,12.79,1.05,69.19,24.91,12.37,71.29,3.87,184
62.46,104.82,23.58,25.17,0.85,59.91,17.22,25.34,52.37,2.3,234
35.67,67.81,20.67,17.2,0.59,21.0,88.45,26.69,28.14,6.3,188
64.24,86.91,22.57,19.98,0.21,34.2,3.8,45.03,72.08,2.87,228
147.53,262.09,16.72,32.28,1.79,59.67,22.91,31.31,78.24,2.7,441
132.01,176.96,40.95,28.07,1.2,68.57,21.19,19.82,26.24,8.05,397
26.2,34.74,48.9,19.54,0.33,37.95,22.02,31.77,65.78,3.88,107
2.53,5.0,7.41,3.12,1.9,52.69,18.99,32.09,93.22,0.88,52
58.44,91.93,38.93,7.87,1.23,21.59,7.26,27.79,58.02,1.14,196
52.06,102.47,50.91,1.43,0.68,4.07,25.13,31.07,63.79,7.21,154
49.66,104.6,96.35,2.89,0.38,39.17,12.2,41.51,44.19,3.43,264
42.32,60.33,27.75,8.71,0.72,25.38,20.68,25.2,72.01,5.63,178
25.66,50.09,16.97,12.31,0.78,20.17,4.62,29.24,58.18,2.66,130
247.64,436.6,43.78,25.35,1.43,11.03,16.35,34.74,53.55,1.68,500
201.5,282.28,17.24,20.36,2.22,20.01,43.45,21.07,55.0,3.07,500
48.03,90.61,52.89,30.46,0.41,45.38,14.02,34.77,40.63,0.11,251
71.71,132.55,22.38,4.39,1.5,42.83,5.96,23.4,46.57,2.01,245
124.58,219.76,12.79,29.67,1.03,79.34,7.03,25.55,68.73,6.4,398
71.54,152.65,26.47,16.83,2.85,21.56,18.87,26.52,46.6,1.87,297
45.09,79.77,20.09,22.72,2.46,62.44,40.69,14.7,59.67,0.1,218
20.7,45.36,18.65,13.91,0.5,46.67,28.01,31.04,40.21,3.55,141
65.92,115.91,3.13,16.62,1.28,24.63,6.46,40.93,35.56,2.02,194
23.19,32.57,50.28,12.04,0.68,18.95,14.35,24.42,48.61,1.14,151
141.1,243.17,50.04,9.34,0.43,132.46,30.21,39.26,67.12,4.32,441
63.8,93.41,34.42,12.7,0.39,54.51,6.6,5.8,17.19,2.02,224
93.53,171.86,36.59,16.02,0.82,28.09,7.41,35.51,58.02,11.33,295
50.88,97.88,10.87,37.65,0.61,39.03,28.89,15.37,58.87,2.38,199
113.56,195.5,2.0,6.44,3.4,41.03,17.01,34.35,50.07,2.28,376
39.54,54.88,28.58,6.6,1.39,33.76,3.9,17.14,82.43,2.14,171
80.27,138.21,22.05,8.16,1.57,32.88,15.51,38.96,100.0,3.45,263
49.44,67.9,28.09,31.63,1.19,36.49,40.37,15.22,77.97,4.32,175
55.29,105.82,2.0,25.5,2.6,28.2,32.93,34.43,63.56,3.2,190
123.51,248.43,39.94,14.27,0.63,50.62,30.55,24.11,55.67,2.39,433
35.44,76.77,10.73,10.79,1.25,29.65,8.29,23.8,92.46,4.49,143
84.13,120.64,8.7,4.65,1.14,24.79,1.0,25.81,53.4,3.4,221
152.02,270.46,76.92,2.48,1.95,16.0,40.33,25.76,47.33,2.17,484
120.58,218.35,64.72,9.51,1.65,32.6,37.98,33.41,58.48,3.11,427
40.47,86.2,3.06,4.22,2.06,61.29,4.47,29.03,72.92,4.22,196
92.15,171.81,13.23,24.47,0.91,57.55,38.38,29.46,42.35,1.86,304
13.19,18.87,18.81,13.46,0.59,48.58,24.62,31.1,51.57,1.8,104
126.26,213.72,59.54,11.45,1.53,43.41,23.42,13.62,74.29,1.76,399
290.07,548.03,42.23,3.61,0.71,27.88,34.33,42.66,89.3,0.25,500
80.86,156.08,6.36,8.23,0.25,102.13,24.12,25.2,45.81,2.34,298
156.87,325.78,26.09,11.69,1.27,155.71,6.48,24.77,44.44,1.59,500
19.81,28.97,18.9,31.89,0.68,6.2,5.09,25.83,55.11,3.15,109
28.14,60.68,19.41,12.28,1.21,38.12,5.47,29.88,8.98,5.45,135
50.73,68.66,14.21,17.63,0.42,88.29,31.03,39.34,33.51,7.65,183
58.07,126.91,19.01,5.93,0.48,12.32,23.15,36.38,56.13,2.92,172
81.21,168.27,39.01,10.28,1.75,,53.67,31.87,75.07,2.23,309
40.62,76.95,20.96,2.98,1.18,80.11,25.56,21.69,51.79,3.29,183
72.24,141.7,22.6,28.07,3.52,86.11,13.04,25.13,33.89,1.52,303
123.35,168.43,42.43,23.73,1.75,7.43,6.93,23.74,75.95,2.08,373
91.92,122.92,32.99,36.83,0.97,54.7,14.81,22.09,33.33,3.82,325
49.49,68.87,42.71,11.64,1.3,38.8,10.43,46.87,12.87,1.61,168
107.61,148.36,11.01,1.48,1.05,62.8,18.18,33.93,40.03,4.57,327
47.88,85.84,24.59,10.67,2.04,,23.31,23.36,54.32,3.36,206
69.46,103.77,23.97,6.06,1.0,36.35,12.41,27.68,57.27,2.21,217
119.24,247.33,21.2,13.41,1.46,22.59,41.44,39.05,46.54,1.8,379
56.94,96.87,18.19,12.1,0.4,25.71,15.96,11.91,64.1,2.05,168
22.89,44.09,63.23,9.49,0.16,53.33,4.91,20.9,35.26,0.3,181
68.08,128.52,16.64,5.75,0.23,20.1,14.26,22.6,58.28,2.32,214
119.93,190.43,52.78,23.99,1.69,73.65,68.29,19.05,31.65,0.76,448
127.17,193.16,84.23,4.87,1.39,26.72,15.23,24.92,37.84,3.45,398
27.15,43.66,8.94,13.8,0.44,22.61,12.93,30.14,42.02,4.77,97
104.77,211.32,6.17,34.67,0.63,31.37,12.9,27.02,47.56,1.56,309
54.46,99.52,2.44,22.84,0.43,62.68,8.54,20.5,26.27,1.27,159
163.57,249.96,52.25,5.36,1.0,29.71,12.33,23.01,80.83,1.54,482
23.33,47.5,53.22,14.45,2.14,50.26,18.36,16.67,58.21,4.43,168
103.46,139.6,9.47,2.81,1.54,3.9,5.59,27.97,37.53,1.09,288
50.11,96.68,43.19,4.64,4.03,36.93,2.88,13.34,68.78,1.99,281
41.13,69.73,12.36,9.09,0.8,69.64,32.83,20.8,45.63,1.0,140
122.74,240.35,25.31,9.99,1.75,26.0,37.55,25.85,53.69,1.4,388
135.46,289.16,49.87,21.81,1.79,73.46,10.33,25.59,89.69,5.59,492
9.45,18.66,33.2,9.78,1.34,12.86,20.59,38.68,66.92,1.22,72
124.18,210.83,11.26,11.76,0.22,71.34,22.25,32.93,43.77,0.95,370
62.11,89.19,26.59,21.13,1.01,8.76,38.93,21.7,62.24,0.28,201
66.72,135.15,17.92,5.63,2.49,35.09,28.54,16.25,75.68,1.37,242
22.18,38.03,42.82,33.88,1.0,72.84,16.56,20.04,55.0,0.44,137
98.92,135.31,32.5,29.23,0.24,22.77,36.98,23.81,45.54,2.56,305
251.47,489.64,32.3,12.87,1.13,131.35,53.95,29.08,49.26,8.48,500
43.16,67.45,10.63,19.72,1.39,29.51,18.79,24.25,82.0,3.66,154
143.84,193.32,10.32,12.83,0.87,31.07,33.85,23.31,40.35,0.5,395
64.97,137.24,27.99,10.83,0.52,11.81,16.83,35.34,52.8,2.32,216
44.53,77.26,47.01,14.69,2.03,20.63,16.87,34.83,69.4,3.12,244
18.39,28.55,72.08,24.25,0.68,11.62,5.42,27.09,80.26,1.26,156
157.07,305.45,3.96,22.52,1.04,53.63,14.83,28.0,29.45,2.86,486
70.79,148.47,25.5,6.37,0.89,18.76,16.33,25.7,57.84,2.42,214
46.35,60.26,50.08,11.33,4.0,70.58,51.92,35.87,56.81,2.61,243
52.48,100.72,39.96,3.85,0.52,11.55,15.97,23.24,60.19,2.52,179
104.25,207.5,31.55,17.8,2.39,114.65,12.64,28.22,65.78,5.82,383
46.29,68.92,49.5,19.89,2.49,51.22,7.57,30.47,53.16,3.42,222
30.31,52.75,9.71,16.69,1.28,10.55,43.32,34.39,50.6,3.03,121
60.05,82.89,40.92,60.24,1.65,34.9,19.45,18.15,33.77,2.49,247
58.7,115.76,51.83,13.71,3.26,44.04,5.8,31.08,31.46,5.83,288
57.75,119.13,8.2,1.31,2.64,75.77,7.38,17.16,64.05,2.24,212
46.76,65.35,32.53,12.03,4.32,63.72,1.97,23.54,25.99,0.94,221
147.05,299.21,43.15,5.19,1.74,68.03,5.83,25.13,58.85,3.87,473
308.81,600.0,45.9,21.34,0.94,2.0,2.49,25.48,69.24,10.82,500
27.21,43.86,3.54,24.79,1.43,37.1,17.98,27.45,66.8,2.02,116
7.84,15.06,14.52,9.57,1.09,33.3,22.98,12.17,100.0,2.85,91
54.72,71.13,2.0,12.0,0.55,42.34,2.2,26.75,33.05,3.22,134
9.0,19.25,62.83,15.14,1.69,73.08,23.32,40.31,53.63,1.35,139
16.67,29.93,18.72,14.72,1.42,108.42,6.83,22.87,54.57,6.85,123
43.76,81.32,9.76,24.86,0.96,87.33,28.81,20.73,83.81,3.2,158
103.75,196.94,8.81,14.25,1.49,25.9,19.51,28.93,64.39,2.78,308
54.25,97.93,15.2,11.47,0.1,35.51,8.1,28.55,50.16,0.46,190
5.51,11.41,51.89,9.63,0.95,43.55,18.19,9.65,68.92,3.3,105
53.72,99.31,10.99,3.28,1.71,62.56,8.66,37.94,53.72,1.76,203
56.76,120.15,68.67,4.84,1.92,64.87,11.91,23.8,41.45,0.15,275
57.46,104.82,6.3,4.54,2.37,53.72,17.7,22.61,,0.32,247
133.2,193.67,100.29,51.76,0.49,13.83,19.54,25.71,53.01,1.22,459
118.98,252.5,15.49,11.19,0.74,35.52,42.71,27.58,65.03,1.4,362
68.85,131.74,69.81,19.75,1.62,19.55,25.07,17.45,24.69,2.8,269
221.41,427.16,62.91,17.83,0.57,53.53,26.24,30.68,68.39,1.48,500
43.66,95.49,62.73,1.56,0.88,13.88,13.81,24.17,44.81,1.42,192
59.47,81.33,23.46,10.13,0.44,29.7,20.73,17.03,24.14,3.07,177
64.17,108.18,7.33,16.43,0.61,98.43,33.39,41.37,77.35,8.22,240
18.19,27.57,29.93,1.0,0.8,49.39,33.73,22.41,38.8,2.01,132
65.15,121.66,12.24,10.11,1.53,43.99,51.77,24.07,84.89,0.55,232
14.98,30.35,63.12,20.98,1.74,24.61,51.9,20.42,73.85,1.06,131
38.43,83.37,28.72,8.73,1.59,116.87,13.16,27.78,73.3,0.59,210
71.08,121.49,25.57,18.81,0.38,96.09,6.95,18.34,56.81,2.69,249
21.12,42.41,12.96,5.35,0.35,100.33,15.48,28.63,67.73,2.74,111
82.42,175.18,17.26,8.22,1.7,31.45,5.79,25.68,28.12,3.09,274
33.63,64.4,37.96,19.76,0.55,2.0,32.26,27.69,50.68,1.0,141
49.36,74.95,33.39,10.48,1.36,13.62,23.16,22.45,64.72,1.62,157
92.54,170.92,43.2,3.84,1.3,47.18,3.75,31.12,79.31,3.38,312
61.48,133.59,45.73,21.09,0.54,36.06,6.12,29.15,33.99,4.49,240
81.11,177.53,48.72,14.63,2.11,29.6,6.56,32.55,49.23,5.53,302
88.68,166.56,8.52,5.58,2.7,36.24,26.62,19.08,60.97,1.45,268
60.74,127.46,34.59,19.49,0.13,5.41,6.67,31.25,65.18,0.83,228
84.36,124.88,32.84,9.25,3.36,39.8,16.32,38.85,61.19,4.55,272
37.91,57.67,6.02,29.48,3.27,75.49,8.38,26.0,18.09,2.24,183
91.76,197.99,36.16,24.71,1.43,5.03,13.35,35.17,48.45,0.86,333
54.98,78.17,62.37,12.1,0.1,38.22,21.65,20.99,55.27,3.66,185
149.51,220.08,36.83,17.08,0.27,27.65,41.67,31.08,53.12,0.81,417
72.14,121.09,6.66,28.22,0.79,7.87,38.71,27.6,41.82,1.27,242
42.38,77.59,12.28,11.99,0.52,94.83,8.14,29.47,52.53,2.98,161
92.86,171.19,31.12,1.4,0.72,32.52,5.52,20.69,78.34,1.74,253
153.72,240.23,10.46,16.93,2.48,13.69,15.39,34.44,100.0,0.59,446
45.47,96.78,39.01,21.71,0.86,23.0,33.21,18.26,33.64,2.08,192
39.65,84.19,25.87,22.32,1.47,4.31,8.66,24.97,58.58,1.93,164
3.08,5.09,47.9,5.24,1.08,34.54,9.55,23.84,61.54,2.87,75
72.01,121.77,20.03,29.79,0.61,23.82,3.28,22.67,71.41,3.74,247
50.94,98.43,31.67,53.46,3.48,27.48,13.83,19.76,65.29,3.95,275
92.6,175.63,13.96,22.01,0.33,32.68,19.77,27.61,63.36,4.32,322
93.96,154.48,88.16,9.13,1.06,46.78,30.86,16.01,61.17,4.24,381
19.0,31.78,25.08,15.42,0.71,79.7,30.05,30.96,65.94,2.89,119
118.64,191.39,8.08,18.81,0.44,89.02,35.36,22.44,40.72,3.43,361
35.12,53.1,52.81,20.33,3.72,27.57,20.07,28.53,64.22,2.11,168
45.67,78.19,19.42,13.77,0.61,76.61,8.63,27.72,65.4,3.63,190
82.75,158.7,50.96,4.39,0.95,42.79,34.21,18.26,41.44,1.11,294
25.63,50.43,19.73,20.0,1.11,79.71,37.5,32.11,60.56,2.85,121
39.97,79.99,10.3,6.72,2.26,46.65,34.48,38.91,25.54,2.15,197
23.54,38.55,24.69,9.05,1.78,59.31,10.31,32.32,36.48,5.63,143
125.47,249.46,7.56,5.62,0.35,69.8,4.15,14.88,37.7,0.57,405
48.76,63.68,19.06,3.97,0.56,11.98,30.46,29.52,30.27,4.56,138
21.49,37.16,46.48,8.75,1.51,53.11,32.72,19.26,51.37,1.06,116
22.93,46.18,35.43,14.8,1.09,109.17,40.34,12.55,51.76,0.94,190
112.16,209.42,27.91,7.46,0.65,27.85,29.44,23.29,58.19,9.65,334
32.54,56.19,19.51,5.39,1.74,31.3,10.39,19.69,51.63,3.3,135
44.85,84.33,65.35,11.71,0.48,2.0,17.37,26.9,85.25,6.13,219
67.15,142.1,28.53,1.78,0.46,62.97,30.71,33.32,42.94,9.53,224
51.41,93.04,14.15,1.0,0.26,19.96,12.45,25.88,32.53,3.32,151
11.08,22.39,45.41,22.96,1.32,22.89,36.05,28.43,21.85,1.67,100
99.44,217.04,37.57,3.19,1.08,37.1,17.4,18.85,43.99,1.0,343
54.35,105.16,12.23,12.62,1.85,27.87,45.1,31.22,44.48,1.36,204
80.46,146.12,57.1,23.17,0.45,,11.52,30.71,77.22,1.65,284
104.4,139.25,29.15,12.84,0.1,88.28,15.31,30.79,45.29,2.48,309
8.43,13.8,32.06,5.9,1.15,54.22,10.62,21.83,54.81,0.7,99
105.05,190.03,59.69,11.96,0.46,11.43,18.15,28.95,52.99,1.92,359
272.43,549.62,6.8,6.6,0.94,10.42,21.38,37.94,18.77,0.71,500
86.52,146.59,12.91,8.41,1.16,31.7,27.53,22.29,76.97,1.96,271
151.05,326.88,60.33,2.39,0.63,51.64,11.23,26.18,41.08,2.9,477
122.69,189.5,12.03,1.0,1.4,87.7,12.23,27.13,68.42,1.56,384
102.48,201.89,25.6,7.89,0.32,39.12,11.61,26.24,43.49,3.71,328
125.57,210.59,66.24,3.66,1.19,35.87,18.98,17.42,43.67,1.33,433
139.71,242.74,9.37,16.78,1.41,35.16,37.19,20.95,37.61,1.8,423
143.35,289.88,3.01,11.49,1.02,42.85,28.54,30.7,48.33,4.21,449
22.87,35.83,8.27,8.44,1.03,9.68,11.93,19.74,67.11,0.74,68
130.67,181.25,25.34,36.24,0.94,40.3,7.95,27.72,27.01,6.37,431
53.75,95.05,21.08,14.58,0.74,37.91,16.43,24.88,71.66,6.01,195
146.71,260.54,19.22,13.18,1.7,12.33,7.54,31.92,73.58,7.07,444
91.76,185.13,17.74,28.95,0.13,113.93,64.39,28.86,45.02,2.75,349
22.56,48.99,11.87,4.86,2.7,8.67,24.29,24.49,26.48,2.28,104
159.88,215.8,18.28,7.28,0.94,29.44,32.15,27.49,62.38,3.81,409
35.26,64.62,34.27,4.29,1.58,29.26,3.19,32.56,52.45,2.25,155
51.77,99.03,42.66,11.31,1.13,16.09,20.98,21.05,66.94,1.14,189
184.27,403.04,36.92,43.6,0.11,48.89,20.26,34.39,20.16,2.81,500
72.48,155.71,17.92,7.35,2.1,64.64,15.27,33.74,22.07,1.84,280
50.06,97.17,21.29,10.3,2.44,61.41,8.21,14.05,96.32,4.24,234
61.82,109.39,46.56,3.15,0.76,102.96,45.03,18.21,70.94,1.74,271
49.24,71.18,46.1,23.3,0.12,16.15,9.9,15.95,46.45,0.95,165
,184.36,83.05,32.82,0.25,11.29,30.63,31.3,23.67,2.82,397
50.41,92.09,19.36,7.49,0.78,84.48,15.63,23.81,32.95,6.54,211
63.38,123.75,7.69,53.02,1.04,6.85,39.61,24.17,66.24,9.85,231
97.11,181.78,26.81,1.61,1.85,33.98,18.78,32.86,39.28,3.03,301
89.89,174.64,38.46,9.5,2.18,19.39,77.55,25.31,21.85,1.21,324
37.72,63.61,48.76,7.32,1.1,52.78,41.62,29.92,39.57,1.85,191
112.93,220.77,16.24,12.04,1.49,117.32,12.12,17.79,25.33,3.5,401
43.61,62.34,30.26,20.47,0.37,39.14,9.17,23.25,42.34,2.09,142
,39.92,41.46,31.42,0.48,77.61,40.12,41.66,38.15,1.27,153
12.28,17.76,25.1,6.34,0.47,112.59,27.01,19.84,68.48,0.79,122
57.21,120.24,21.1,14.88,0.8,19.13,1.77,28.35,70.53,2.95,181
15.17,20.76,34.71,13.37,0.68,7.57,19.87,18.11,37.19,2.09,88
33.51,67.73,2.74,22.52,1.88,35.04,17.32,24.14,50.92,2.36,144
64.56,97.5,19.84,8.22,0.74,13.54,22.86,30.29,61.54,2.38,214
137.73,237.12,91.98,6.01,1.17,37.4,8.74,20.56,80.02,3.75,471
52.82,112.2,33.17,6.8,1.38,12.65,8.19,28.48,,3.44,200
18.59,33.97,93.64,18.51,0.99,60.63,10.53,28.97,22.29,4.39,179
60.3,89.79,28.45,2.21,1.71,30.91,16.34,32.56,53.36,0.51,212
134.25,208.85,56.86,7.05,1.41,29.04,6.96,16.18,62.64,2.41,416
51.89,110.45,17.68,10.49,0.43,18.21,24.39,23.29,57.87,2.49,202
153.16,257.98,19.89,14.55,1.46,62.43,22.55,25.14,59.68,1.01,472
64.29,117.55,14.59,14.09,0.47,32.47,57.45,20.94,62.66,3.59,221
105.32,180.52,53.96,4.48,0.73,108.16,21.41,29.66,65.9,2.34,389
76.34,125.25,11.55,3.07,1.32,21.23,5.53,20.6,25.98,3.64,268
148.38,222.71,4.23,15.64,1.72,87.18,6.66,33.14,39.9,2.33,441
230.73,442.44,49.62,6.45,0.16,67.84,9.13,13.67,44.62,4.29,500
45.35,88.26,10.53,10.31,2.02,76.44,62.66,33.02,60.12,0.53,178
73.22,113.3,44.6,5.07,3.38,7.1,4.98,17.31,35.43,4.53,255
137.67,276.73,20.79,4.98,0.1,53.74,10.81,28.08,32.44,3.08,417
78.23,161.87,125.83,17.1,1.08,14.85,43.08,33.3,60.28,2.84,406
11.63,24.76,82.71,12.51,0.1,14.37,50.3,28.96,62.94,1.73,126
52.51,75.88,147.94,9.07,2.1,164.77,25.92,16.4,75.22,0.38,382
77.77,122.37,9.39,11.08,0.42,13.13,17.4,41.42,67.66,2.93,225
175.06,363.13,24.95,7.36,0.68,42.79,19.22,9.83,28.25,8.83,500
70.41,104.12,4.18,11.63,0.62,24.64,12.04,22.26,70.52,1.48,180
31.64,41.23,35.9,8.8,0.74,104.34,4.67,22.73,49.67,3.93,153
79.07,164.76,10.52,31.84,0.93,41.56,43.55,17.6,46.97,2.89,268
163.83,261.12,26.17,7.0,0.19,27.53,13.07,39.23,51.39,1.67,434
39.87,66.7,2.0,5.47,4.04,20.43,10.02,21.93,77.55,0.91,140
44.06,74.98,2.18,24.65,0.67,105.55,33.38,19.86,24.11,2.41,171
40.36,83.29,12.01,9.25,0.2,46.74,23.18,16.49,40.19,0.72,136
21.04,33.74,13.77,26.11,1.85,24.32,33.88,35.77,45.83,2.56,116
68.17,143.36,65.48,17.42,1.1,27.48,16.29,30.72,34.76,4.0,282
62.52,115.99,18.34,4.87,2.3,17.35,63.78,29.25,30.24,1.66,216
13.07,23.19,38.67,11.93,1.07,17.31,20.78,34.86,42.5,4.82,90
33.76,53.78,3.72,3.63,0.57,35.32,12.52,41.21,11.1,3.4,107
74.73,113.54,32.08,30.18,0.65,37.07,17.08,23.31,61.21,2.58,264
103.66,192.97,30.43,5.42,1.83,17.15,17.78,27.42,65.78,1.91,351
123.01,209.39,43.28,1.0,1.87,87.54,8.68,23.73,61.14,1.38,402
109.33,231.73,29.4,4.28,1.73,38.77,14.24,28.34,48.52,1.96,367
65.25,113.7,88.34,34.76,1.52,77.46,25.16,13.41,68.55,0.42,301
17.86,31.44,19.23,15.1,3.06,71.78,20.41,20.93,39.65,0.59,135
55.14,92.37,11.21,11.88,0.92,15.61,25.78,23.0,64.08,2.8,158
4.83,9.71,44.82,1.89,0.25,38.59,14.91,32.65,57.71,2.21,84
74.99,126.15,32.48,36.63,0.6,36.92,8.27,21.02,18.47,4.19,240
38.77,59.79,11.64,27.4,0.44,89.97,6.5,36.98,58.44,0.64,164
8.17,16.95,39.17,4.24,1.87,22.37,32.98,21.46,57.31,1.15,88
84.87,155.92,54.73,1.73,0.23,24.2,39.24,31.47,92.86,3.39,335
162.57,297.89,33.52,19.73,0.25,10.89,12.09,26.72,42.48,6.01,485
15.38,28.44,29.38,23.08,1.1,20.01,10.53,24.29,55.63,5.95,112
89.73,174.69,6.44,15.64,2.75,49.04,8.97,23.99,88.04,2.33,303
48.27,76.35,18.74,27.12,2.08,35.91,14.93,31.43,62.02,6.73,213
35.24,46.88,10.95,13.77,1.2,48.46,1.74,23.44,65.38,0.17,135
35.3,71.65,39.95,6.45,2.16,40.18,25.01,33.53,30.17,1.46,170
48.26,68.34,6.68,28.76,0.69,60.2,13.5,27.08,48.46,1.89,184
48.12,93.82,7.32,6.2,3.06,85.65,31.0,31.94,63.04,10.01,210
63.37,87.08,9.92,11.19,0.23,61.7,17.18,16.66,40.79,3.47,166
32.43,53.11,13.09,15.33,0.38,73.73,12.13,15.11,67.93,5.34,117
38.27,51.92,8.85,10.44,1.61,28.79,19.09,22.98,78.67,5.04,160
95.5,169.03,18.05,25.45,1.66,96.47,40.07,32.52,92.6,5.46,334
30.0,56.64,19.56,6.52,2.8,23.91,19.93,33.16,85.52,0.33,161
78.42,114.05,50.1,30.93,0.57,24.38,35.45,31.07,51.98,8.13,250
50.21,82.06,11.3,1.76,2.22,35.77,17.69,37.29,48.97,5.02,197
42.58,91.0,13.49,1.66,1.11,12.22,9.66,35.78,51.51,0.19,117
196.41,333.53,38.04,61.37,0.33,86.72,5.8,18.67,29.71,0.86,500
21.49,43.46,43.95,25.43,0.23,21.85,29.51,22.52,50.44,2.31,103
169.76,362.35,27.61,3.93,0.72,78.91,17.86,21.68,43.62,8.05,500
113.82,247.78,37.87,9.17,0.83,102.74,11.04,27.39,22.58,3.59,410
39.59,83.48,3.98,9.18,0.19,88.79,10.91,31.05,63.91,1.26,138
115.99,183.92,46.6,22.41,1.43,47.73,4.12,24.44,26.06,1.36,344
2.55,5.53,24.1,18.5,1.59,53.63,20.45,39.4,36.35,4.62,103
36.6,74.34,38.88,29.56,0.7,97.54,24.87,27.02,78.97,2.22,206
30.36,62.34,29.82,5.99,0.85,13.52,26.56,26.21,52.91,4.23,142
85.57,112.41,17.53,23.61,2.11,193.13,16.91,20.6,58.55,1.49,330
105.02,226.73,33.51,5.36,1.45,36.72,22.24,27.63,79.24,5.5,334
84.62,169.26,15.39,15.51,1.48,16.27,26.22,24.37,71.94,1.49,275
71.46,142.29,99.59,15.57,1.05,86.19,18.15,24.98,85.09,0.72,328
121.1,166.31,5.82,10.42,1.07,38.07,38.24,24.17,53.97,6.08,313
109.97,165.98,45.75,5.32,1.14,19.11,8.06,37.66,79.91,1.92,315
38.82,84.08,31.78,16.85,0.35,21.45,10.49,26.71,33.23,0.52,162
42.41,74.25,24.87,23.2,0.79,11.11,26.94,29.8,60.08,1.28,176
105.85,175.5,12.89,48.99,1.17,25.11,2.87,29.64,15.49,2.53,327
62.92,129.36,32.95,10.86,1.62,16.38,14.76,25.57,59.49,4.48,246
66.11,91.14,24.22,9.43,1.48,48.97,32.1,27.93,79.57,0.63,247
72.43,121.34,5.05,29.97,1.24,41.31,5.59,25.47,51.45,0.51,246
12.21,20.0,39.87,28.63,0.89,27.52,15.55,32.78,45.98,2.37,123
37.41,60.41,33.73,2.55,1.6,73.83,13.22,19.97,58.53,3.08,153
90.67,142.98,11.16,23.86,1.59,173.08,20.37,19.84,18.76,4.17,322
37.16,55.33,51.71,21.68,0.84,18.25,13.1,37.55,6.6,4.46,140
54.61,79.49,49.62,10.03,0.84,15.97,14.45,27.2,74.68,1.64,194
90.27,169.38,8.28,13.81,0.14,41.92,19.01,28.62,63.46,7.25,231
125.55,267.1,33.85,2.79,3.53,6.24,5.53,24.5,35.34,3.59,436
135.43,238.08,43.55,23.23,1.35,56.53,12.99,27.2,34.13,3.25,452
140.44,220.24,6.36,19.93,1.81,25.75,8.34,22.02,69.32,1.3,376
58.56,84.52,2.92,31.61,2.41,37.69,29.41,30.02,39.72,3.5,213
54.12,110.79,20.4,5.97,0.15,15.38,9.08,23.02,30.86,3.21,193
24.01,52.2,15.84,6.96,0.81,51.96,8.47,21.13,66.33,2.24,121
163.17,263.39,23.75,10.54,0.73,64.69,23.82,27.05,11.89,2.67,447
52.41,81.85,74.24,2.13,0.77,93.11,11.95,26.03,30.63,2.07,239
160.72,295.94,44.35,8.42,0.36,69.67,12.98,21.93,81.23,2.16,500
79.92,159.66,13.59,29.27,2.39,19.87,6.29,18.39,58.05,2.58,257
129.38,221.23,28.76,16.5,1.11,28.54,14.53,28.83,50.74,0.35,376
61.53,114.89,26.34,2.24,1.08,37.58,13.93,34.58,60.92,0.99,222
96.45,187.58,48.82,6.29,1.61,85.79,13.03,37.07,80.34,1.39,365
132.27,286.3,45.55,5.86,0.14,29.15,20.97,30.16,63.63,3.81,429
44.25,64.1,23.61,36.52,0.98,75.91,7.52,30.32,47.26,2.28,189
140.93,309.71,38.76,18.36,1.84,73.76,33.62,23.8,37.3,1.17,487
27.02,44.67,54.93,29.31,2.71,56.09,35.99,25.56,47.18,1.89,189
193.15,376.82,40.46,1.47,1.31,43.72,38.83,27.79,33.49,2.23,500
72.63,131.84,13.34,11.09,1.71,184.83,3.62,29.74,54.85,2.11,291
37.9,65.86,13.68,5.82,1.68,61.77,17.98,27.93,43.19,2.98,176
112.34,216.63,5.17,6.87,0.91,24.74,14.03,28.75,100.0,9.41,343
82.53,136.68,12.89,8.9,1.23,64.1,25.34,20.75,,1.72,279
12.92,18.27,14.27,9.72,0.66,11.06,29.56,18.75,40.12,2.26,52
48.28,84.01,2.0,8.45,2.03,33.19,24.97,29.37,69.89,3.28,179
28.2,49.9,9.18,2.97,0.4,52.28,4.03,28.96,35.74,5.39,87
30.41,45.06,7.37,37.09,0.49,28.25,21.05,15.17,100.0,7.73,126
29.49,63.17,17.25,12.77,0.43,85.72,18.29,20.37,38.09,0.78,124
93.38,140.51,27.13,45.41,0.69,35.77,28.64,23.81,10.85,1.58,270
118.1,197.03,12.49,27.85,0.56,80.15,21.19,21.09,43.21,1.89,332
35.11,50.54,67.88,7.07,0.84,66.34,36.57,25.99,81.57,0.9,208
9.52,16.98,8.99,27.74,1.03,22.0,24.65,19.33,29.24,4.77,90
222.1,350.22,2.0,3.49,1.79,24.43,24.5,28.73,64.41,3.02,500
73.19,127.37,22.79,7.15,1.01,34.63,2.71,29.46,55.55,7.29,211
112.89,169.59,42.58,9.27,0.77,2.69,7.18,38.96,38.32,6.03,308
56.42,76.08,16.67,11.83,0.66,14.76,14.6,13.39,51.5,1.93,158
7.31,14.62,18.26,7.51,2.2,52.19,13.15,17.87,62.39,2.0,113
87.18,163.63,82.44,10.59,1.13,4.07,6.94,30.06,87.65,2.19,317
180.31,289.7,45.07,14.95,1.93,30.18,33.58,34.79,36.84,3.58,500
39.63,53.21,29.11,11.04,0.19,15.51,23.21,27.92,26.11,1.33,154
6.32,13.13,23.84,9.57,0.58,51.57,7.45,33.91,65.39,1.18,62
23.88,34.69,2.6,25.02,1.83,40.56,4.65,22.22,40.36,2.05,113
116.54,249.13,58.23,27.37,0.48,53.23,17.31,21.31,72.27,5.21,430
82.09,142.07,24.04,17.18,1.9,23.55,24.74,27.46,73.8,2.28,285
141.31,226.99,6.4,5.25,0.3,11.71,26.45,20.78,74.98,5.88,382
65.75,129.38,37.54,3.54,0.42,53.37,22.59,23.68,54.9,4.44,247
103.83,216.92,46.25,11.63,0.76,68.32,35.73,28.02,63.89,5.77,362
47.19,77.09,17.81,6.42,0.49,20.31,5.91,26.02,63.55,2.77,160
25.61,42.69,14.74,15.08,0.48,18.3,17.48,26.68,45.07,1.13,106
104.03,175.79,21.16,4.43,2.18,146.42,22.22,26.95,67.77,0.66,355
117.81,250.94,12.18,27.79,0.46,37.34,2.68,39.38,64.0,2.09,353
40.38,77.67,8.75,38.32,1.45,57.77,7.53,33.57,94.04,1.61,169
170.03,258.94,22.95,12.05,1.68,83.28,18.69,37.61,69.38,0.75,500
173.06,253.79,44.78,9.25,0.64,63.83,31.42,16.48,,7.14,497
29.65,44.69,77.41,41.34,0.45,75.55,5.54,43.53,95.16,3.19,221
30.85,47.43,24.04,20.08,0.64,35.28,8.75,36.13,21.85,1.57,130
32.12,48.4,68.27,35.5,2.82,31.08,11.04,37.61,40.36,2.83,191
59.47,112.55,8.46,11.61,2.64,37.51,15.01,25.21,43.37,3.31,217
48.97,68.77,43.42,5.38,2.16,77.58,17.41,24.82,61.83,1.46,232
20.69,34.12,17.56,12.12,2.99,3.18,22.91,33.48,40.51,3.04,138
32.91,61.3,97.77,25.09,1.48,33.96,36.78,18.78,33.05,1.97,202
7.5,11.71,13.5,19.74,0.7,43.56,4.33,32.92,46.43,0.44,68
9.22,12.53,28.96,10.22,1.81,35.12,10.22,33.21,47.81,4.9,97
17.02,23.38,4.68,3.74,2.32,36.22,21.82,20.77,34.27,0.39,54
214.39,303.01,16.3,9.43,0.6,9.85,20.0,29.6,54.21,2.48,500
198.12,406.59,49.52,3.81,2.46,78.01,19.5,15.26,66.63,5.32,500
108.11,204.56,42.26,41.06,0.83,36.79,36.93,35.04,49.49,0.21,349
40.72,55.31,29.19,1.0,0.45,37.78,11.56,29.15,78.42,1.06,125
16.74,27.65,43.71,5.97,0.54,45.85,30.36,29.34,100.0,1.82,113
64.75,100.4,22.29,9.25,0.86,16.84,33.21,31.53,66.76,5.45,170
88.85,161.73,72.99,18.88,1.47,40.14,16.39,18.96,74.14,4.13,336
35.61,63.04,4.31,14.57,0.94,73.14,68.08,33.0,36.34,1.15,108
85.58,148.32,28.5,1.73,1.44,32.96,14.33,25.93,48.04,11.87,263
23.67,37.48,5.3,6.75,3.69,8.9,16.12,20.86,45.81,3.72,122
41.4,58.96,9.3,8.28,0.14,61.23,45.31,34.26,60.96,1.25,162
53.76,105.8,15.22,8.35,1.26,12.39,28.04,20.76,75.43,0.49,158
201.87,422.28,18.03,13.89,1.06,65.92,26.59,24.26,40.68,8.48,500
32.51,69.88,22.59,30.58,0.75,110.51,13.0,16.48,71.13,1.5,174
88.54,119.78,22.83,2.72,0.1,44.64,22.81,17.64,64.57,3.81,266
28.41,55.85,14.37,13.39,0.67,22.38,15.21,16.62,87.44,3.36,137
25.07,48.98,24.42,3.67,1.74,10.89,19.72,33.68,82.12,3.74,121
35.48,76.36,7.18,22.94,1.34,13.76,1.29,19.72,16.2,0.52,121
66.41,101.45,45.77,16.62,1.9,11.7,31.46,25.44,54.32,3.69,233
184.39,362.87,38.5,1.81,0.97,80.22,11.47,21.96,34.18,0.8,500
40.01,53.98,72.24,21.75,0.1,55.55,33.82,30.89,54.3,1.0,219
118.41,221.2,33.69,13.06,0.48,56.48,5.02,28.93,56.5,4.06,377
208.25,336.48,36.84,2.09,0.25,22.08,26.62,16.79,47.64,1.96,500
78.4,156.17,36.32,10.61,2.3,11.85,7.76,32.52,51.0,3.19,268
132.91,276.06,11.18,16.53,0.14,36.11,18.66,31.09,77.63,1.65,382
33.87,55.16,28.31,66.84,1.43,30.02,19.68,19.48,51.82,0.94,200
86.91,154.1,16.86,4.24,3.77,14.36,9.89,34.12,43.08,0.1,285
102.68,144.33,30.59,6.74,0.12,23.07,10.68,23.32,66.52,3.73,278
19.76,33.11,34.42,14.58,0.52,35.8,21.46,18.79,48.32,0.99,138
31.09,50.51,41.82,14.64,1.38,49.73,23.3,30.0,30.86,1.89,166
51.98,76.14,36.19,11.87,0.43,13.38,11.03,33.44,71.73,6.65,195
36.31,76.43,36.93,11.5,0.26,23.78,7.82,33.16,55.8,1.66,161
56.71,81.27,17.8,10.07,0.49,56.8,9.08,15.26,83.07,8.06,196
17.11,32.04,35.08,9.35,0.79,53.45,9.83,34.27,59.88,2.83,135
195.29,410.34,25.46,31.97,0.82,28.35,17.39,40.78,61.09,1.89,500
126.57,268.43,54.99,4.92,1.09,9.9,11.07,16.48,39.51,2.31,436
421.09,600.0,19.33,7.43,2.19,24.4,9.1,30.25,61.65,1.12,500
22.06,32.18,5.6,2.67,0.44,49.06,5.36,26.89,87.47,5.67,68
89.29,181.77,13.26,15.29,2.16,23.28,15.73,31.03,83.61,2.11,288
36.59,56.68,8.88,24.5,3.96,68.06,13.11,22.99,45.51,2.74,221
24.94,53.12,31.26,12.24,1.15,25.17,29.38,27.53,64.48,0.56,126
121.87,236.21,45.15,33.2,1.94,170.53,3.57,28.65,78.04,5.71,472
68.0,136.46,7.77,10.54,2.27,17.13,16.61,19.93,62.72,3.64,203
49.3,67.86,38.18,2.56,2.14,30.89,11.53,34.07,55.9,0.91,199
80.07,146.09,36.16,17.63,0.44,70.77,1.02,22.58,51.13,4.11,274
32.25,65.75,69.83,1.47,2.46,160.35,10.15,31.2,50.85,1.77,247
31.33,65.02,51.06,5.52,0.1,41.83,23.89,31.16,81.53,3.65,154
37.7,49.98,13.26,9.62,1.16,12.65,3.74,31.68,66.34,2.32,141
138.25,296.58,17.93,5.13,0.74,33.29,20.68,20.51,42.67,4.99,443
130.93,175.31,19.36,53.44,2.17,42.62,36.34,38.75,56.43,3.08,407
21.11,39.13,63.2,11.95,0.84,45.08,6.8,15.99,37.41,4.84,133
189.92,365.42,72.99,11.57,2.6,62.01,34.26,19.07,54.76,0.89,500
63.84,89.16,35.16,16.81,1.18,77.44,15.26,19.39,50.8,5.88,229
88.27,118.56,6.26,4.87,1.36,34.95,13.52,38.08,62.78,3.03,259
36.69,73.61,21.54,18.47,0.92,125.76,3.1,33.74,33.19,6.18,181
66.35,109.22,94.34,21.66,0.42,8.55,3.92,25.36,58.06,1.22,276
24.8,34.63,26.08,17.13,0.47,13.09,13.25,32.34,47.47,2.71,103
34.61,68.75,24.06,55.49,0.12,5.81,22.54,32.5,50.13,0.17,119
115.21,237.83,57.29,6.91,0.42,55.28,11.88,20.39,86.01,0.81,397
117.02,213.99,4.61,10.47,0.92,84.5,15.05,18.66,83.95,0.32,360
91.12,131.67,6.62,2.57,1.22,38.6,8.16,33.44,11.23,3.62,248
46.87,61.57,61.55,9.45,0.96,86.05,9.61,22.14,51.6,3.41,218
20.78,40.11,39.53,11.09,2.08,32.1,10.43,31.37,17.66,1.38,104
149.3,268.01,38.53,15.53,0.38,20.68,25.97,18.32,17.01,1.96,424
122.85,231.67,3.44,11.29,0.78,61.49,33.53,21.82,65.39,2.01,380
10.96,22.26,14.34,4.87,0.29,17.91,5.25,26.15,40.22,1.81,55
118.38,200.15,35.96,16.88,0.59,47.91,16.09,42.35,78.61,1.73,393
49.28,69.58,8.69,14.98,0.13,16.6,31.14,23.39,45.99,4.39,159
105.01,225.36,33.97,9.76,1.7,17.07,6.88,29.15,80.83,1.28,384
17.33,31.04,8.95,7.3,0.23,18.84,10.06,26.27,85.08,3.48,93
38.3,71.0,5.71,5.48,0.53,27.17,7.06,15.15,72.84,4.57,130
69.96,149.72,34.97,29.62,0.6,62.35,17.17,27.06,39.11,0.86,298
195.34,417.73,26.14,20.8,0.67,42.48,12.79,26.89,19.74,1.99,500
70.09,127.21,21.8,20.19,0.7,41.89,14.88,32.14,50.98,4.62,250
134.6,211.03,23.5,11.05,1.89,52.25,3.69,16.21,78.74,2.62,381
77.07,169.36,23.51,23.93,1.13,79.33,22.99,25.21,100.0,2.76,329
75.11,143.67,4.18,13.63,0.73,62.95,14.64,29.91,36.61,1.73,245
94.55,157.68,44.96,10.71,4.46,34.8,1.27,32.06,75.45,7.68,347
62.58,112.88,59.08,5.35,1.38,28.25,8.15,36.36,60.51,5.56,229
113.35,189.78,77.72,11.24,0.89,80.28,21.0,30.97,80.24,4.19,347
26.47,55.56,30.67,1.0,4.43,20.13,17.66,21.55,32.66,1.25,164
62.9,109.08,5.7,23.32,0.93,35.72,16.44,27.22,45.25,0.61,186
206.05,420.58,43.99,4.66,0.65,20.61,5.64,21.96,48.97,0.56,500
138.3,284.37,27.32,5.9,1.07,31.54,46.31,29.49,65.84,2.55,440
81.92,167.27,28.95,8.15,0.36,21.36,29.6,21.91,38.99,0.83,292
125.93,245.57,11.11,5.42,0.11,24.68,25.84,33.67,29.22,0.89,388
171.95,355.83,33.88,16.05,0.19,17.9,25.86,22.73,62.64,1.23,500
9.39,15.48,45.0,25.98,1.44,48.31,15.41,21.14,46.16,1.83,143
52.97,74.32,27.55,27.14,0.26,8.1,14.65,26.85,91.55,1.58,194
38.19,78.6,16.31,9.44,1.35,24.16,25.18,25.89,68.25,4.01,156
18.6,32.52,17.47,6.26,1.15,15.32,4.87,27.22,51.2,2.21,61
225.02,318.32,29.52,24.72,1.55,25.39,22.56,19.77,62.39,1.82,500
97.68,137.12,16.81,3.73,1.27,26.8,14.6,20.55,49.67,1.62,272
123.0,177.53,8.05,22.24,0.58,49.29,12.18,18.92,68.47,3.53,347
39.57,78.19,43.45,16.61,4.67,37.34,16.21,32.88,56.32,4.58,260
52.1,101.06,25.15,15.66,0.58,11.55,14.82,28.16,91.87,2.31,187
65.09,96.56,27.88,6.46,0.67,44.45,21.47,35.81,68.21,2.38,210
86.32,178.01,13.76,20.74,0.61,10.05,1.1,25.08,84.91,2.44,274
110.53,171.67,8.03,11.89,0.27,40.08,4.41,29.88,36.71,4.33,276
105.82,213.08,11.76,21.35,0.62,72.82,36.88,19.16,76.29,1.76,362
54.78,95.32,15.49,2.25,2.24,49.53,3.94,29.27,34.35,0.35,183
176.33,345.32,16.63,1.03,0.44,48.43,35.77,20.13,44.37,6.48,500
153.78,252.7,22.01,45.58,2.15,17.24,8.83,28.79,61.95,3.5,449
80.28,129.45,49.07,2.06,1.74,61.78,3.99,28.97,97.86,6.48,289
66.88,137.6,40.37,29.28,2.42,59.48,7.18,27.53,50.73,3.31,292
51.64,68.77,38.11,19.29,1.8,13.7,13.9,19.94,73.33,1.7,209
86.67,188.7,8.37,20.93,0.94,79.61,11.05,28.54,27.35,10.02,313
148.51,279.7,36.41,1.36,0.42,12.37,11.59,22.81,57.38,2.14,453
68.01,114.88,48.21,17.68,0.37,20.4,5.42,34.48,43.22,0.84,241
42.16,78.64,16.5,11.55,0.99,53.18,20.52,28.87,61.02,7.78,151
66.91,94.37,7.84,3.77,0.81,23.18,4.78,22.12,41.83,0.25,179
81.33,143.36,34.49,6.89,1.82,6.88,18.71,26.53,78.73,6.02,276
24.89,54.43,39.84,9.99,1.94,3.49,12.1,35.98,85.16,2.16,157
19.4,29.33,23.77,9.05,2.07,7.24,19.36,28.39,71.55,3.68,115
43.06,83.96,44.52,37.43,0.82,92.71,2.64,30.29,31.2,7.5,236
176.09,297.86,25.09,8.56,1.85,96.39,20.42,16.61,75.24,7.49,500
143.08,270.02,10.42,26.52,0.93,49.63,15.54,35.89,7.2,3.25,434
15.32,22.74,24.8,14.91,0.67,24.12,2.29,19.12,34.42,2.26,90
30.12,51.91,27.11,1.97,1.93,98.9,16.49,20.18,84.19,0.76,169
109.26,238.42,23.44,3.44,1.9,52.83,27.41,27.83,36.9,9.77,382
47.47,70.06,6.27,2.38,0.29,16.79,11.57,29.53,71.04,0.59,145
89.94,168.44,68.04,14.77,1.79,10.38,1.19,15.22,55.47,1.62,329
16.23,29.5,94.07,17.67,0.42,51.16,21.09,33.17,62.47,5.55,170
65.92,119.21,19.84,6.62,1.29,90.45,13.55,17.7,42.27,2.56,244
60.99,113.06,21.51,19.69,0.94,17.6,35.56,20.84,67.21,2.94,243
123.4,216.2,24.99,14.67,1.07,24.04,6.7,38.07,78.44,1.24,356
86.33,113.54,22.5,22.03,1.07,35.21,38.27,30.91,57.6,1.91,251
72.41,152.8,10.65,15.04,1.65,17.81,21.0,22.17,31.73,2.23,238
12.67,25.91,42.26,18.58,0.95,68.36,34.6,26.73,70.43,0.56,112
210.3,306.36,43.69,7.44,1.83,18.6,2.34,22.9,49.27,4.67,500
104.0,173.88,22.07,12.09,1.5,18.45,14.78,26.73,71.33,3.3,297
36.88,73.52,20.95,5.87,2.29,23.75,8.19,25.91,19.27,3.9,178
71.1,155.13,20.48,38.19,1.1,20.76,96.69,30.1,47.17,1.41,289
48.62,104.83,41.51,19.05,0.32,29.4,32.35,23.92,,1.68,212
55.98,118.08,24.57,14.35,1.34,13.14,11.92,23.1,38.28,6.05,191
141.62,204.29,19.65,2.41,0.51,28.78,10.02,29.18,39.68,0.63,380
30.0,63.68,8.02,25.86,0.15,70.62,5.94,20.19,83.76,3.49,136
106.95,223.6,46.19,29.49,0.97,22.65,1.0,26.56,72.76,2.98,328
145.56,238.61,12.87,3.84,3.29,37.94,3.98,20.66,78.59,11.38,405
95.86,158.65,7.86,11.17,0.92,56.98,34.83,21.13,93.45,2.52,280
58.13,99.63,36.54,13.31,1.68,60.63,24.23,29.91,67.35,0.1,249
34.7,65.61,24.34,4.81,0.91,74.4,24.76,24.43,89.63,0.53,152
38.86,59.63,97.36,7.97,2.32,83.45,20.36,37.08,63.46,3.07,264
72.16,95.3,6.84,7.09,2.67,26.71,45.62,20.03,76.9,3.12,241
67.9,96.91,14.89,24.82,1.01,8.33,12.29,32.99,41.49,1.26,175
116.06,196.85,36.47,34.82,1.98,60.03,42.06,20.06,66.95,0.27,416
17.42,27.07,23.4,9.85,0.23,22.23,43.07,8.44,54.09,7.14,75
140.46,279.24,27.44,17.05,0.66,124.63,14.41,33.69,39.13,4.63,476
299.59,418.24,27.37,1.94,1.63,13.41,18.43,22.31,60.33,3.93,500
62.33,132.5,4.42,28.71,0.6,11.92,60.08,30.6,52.5,0.57,207
55.37,116.59,28.74,17.58,0.94,17.17,30.42,19.88,35.77,0.53,192
59.43,125.86,40.46,13.26,0.28,32.77,22.8,23.13,65.39,3.93,227
70.37,138.31,11.34,10.84,3.09,28.65,5.35,29.86,27.74,4.34,266
52.1,72.75,11.96,5.86,2.16,25.48,17.6,22.46,50.51,7.66,155
9.61,16.29,16.89,24.84,0.51,70.18,23.36,36.37,64.27,5.14,102
58.45,82.89,7.64,18.48,0.32,23.83,26.22,29.17,71.92,2.06,173
73.46,160.8,10.17,21.99,1.62,37.72,5.31,22.65,60.46,3.8,295
150.47,240.71,25.37,12.68,0.59,46.5,48.54,25.8,38.36,4.37,439
29.66,54.18,55.71,27.53,0.68,10.34,4.98,22.61,48.41,2.54,138
190.14,380.56,15.34,6.29,0.49,54.42,10.83,29.95,42.66,2.16,500
49.38,105.11,72.1,32.61,1.22,59.78,44.9,32.7,44.07,2.27,252
32.82,64.98,15.12,26.32,1.01,46.8,38.77,34.23,53.45,4.98,138
104.01,198.36,43.1,14.79,0.79,24.65,23.89,27.33,73.29,1.28,339
45.04,77.45,12.6,4.82,2.16,54.14,9.0,25.6,29.0,1.75,171
63.22,116.64,31.79,25.49,0.96,19.49,7.99,38.53,56.25,1.39,231
66.44,92.01,65.74,6.01,0.85,39.87,13.72,30.57,67.58,0.58,230
100.0,209.56,37.17,9.42,1.01,58.41,13.42,29.3,43.01,4.48,340
61.84,110.66,21.57,3.21,1.0,30.3,8.66,24.59,32.29,1.6,195
56.9,76.02,20.49,4.91,1.47,37.28,28.61,24.14,79.33,3.97,197
48.39,102.96,32.12,13.7,1.05,30.23,10.27,21.54,70.24,3.17,178
93.25,162.3,39.6,34.71,0.26,7.29,34.59,30.74,87.34,1.28,280
43.2,89.93,42.81,16.48,0.42,19.55,7.88,30.28,78.8,3.26,160
153.75,318.44,25.65,17.22,0.99,28.6,11.57,19.99,25.62,1.92,471
66.99,136.26,31.22,16.12,0.14,20.94,16.64,38.24,47.95,2.68,238
13.41,18.18,12.13,18.53,0.67,13.82,9.32,28.55,64.79,1.05,85
81.29,123.76,34.31,20.05,1.37,23.16,5.0,33.68,59.6,2.83,244
90.83,189.64,12.79,25.05,1.34,75.07,31.03,15.85,71.72,4.97,298
154.88,326.65,27.67,30.28,1.35,54.22,20.76,21.69,35.09,0.75,500
36.02,61.68,18.36,7.41,2.11,55.38,42.31,27.35,82.82,2.39,155
31.74,53.83,61.22,23.88,1.05,19.06,30.31,26.19,42.13,4.65,166
102.28,149.08,25.47,35.13,0.7,53.8,10.82,19.94,56.99,1.12,345
138.59,300.97,65.62,8.35,0.51,25.28,45.28,17.3,32.26,3.56,453
34.84,51.97,23.62,5.41,0.83,33.35,26.24,28.69,58.1,2.76,132
79.24,116.62,73.22,26.07,2.0,24.99,4.14,16.94,54.47,3.04,314
62.63,118.67,35.46,33.34,0.79,45.42,29.72,26.52,35.55,2.05,235
35.87,54.48,4.72,9.21,0.96,83.75,7.77,9.85,73.77,1.52,158
59.94,128.57,18.68,30.04,2.98,50.33,44.54,32.88,55.62,2.56,292
132.18,173.13,13.84,29.81,0.73,17.39,21.38,19.21,77.58,3.12,353
67.19,87.7,8.21,10.32,1.05,47.98,9.4,24.56,37.36,1.81,228
57.61,101.06,13.2,6.87,0.43,37.63,17.3,23.14,42.56,3.85,188
98.66,171.59,15.76,7.64,0.4,43.19,5.37,28.44,59.68,2.05,273
140.13,202.77,5.18,13.94,0.64,43.01,10.04,15.63,52.52,0.96,389
29.21,50.97,21.28,6.25,2.51,41.25,5.03,22.28,42.17,2.18,124
81.55,136.23,34.3,4.59,1.57,78.97,4.45,24.04,100.0,2.72,264
49.63,104.28,98.98,7.08,1.14,46.4,12.08,27.32,52.53,4.91,276
67.41,88.2,57.28,24.25,0.76,16.64,7.39,37.98,49.15,2.43,225
103.99,226.56,20.67,11.37,0.1,56.09,7.77,24.36,99.78,2.21,370
52.71,98.14,24.97,5.91,0.3,24.48,5.97,27.93,42.64,7.51,146
61.49,88.35,36.63,14.22,0.65,21.2,23.9,20.28,62.04,3.01,227
125.12,167.92,21.89,15.81,2.02,13.21,48.69,38.85,68.9,2.71,359
89.31,159.36,25.86,3.95,0.37,54.39,23.57,19.07,83.19,2.37,246
60.47,91.39,13.19,1.0,1.25,135.93,12.3,29.43,54.7,3.31,244
72.24,113.49,24.23,2.0,1.49,32.47,21.06,35.12,49.79,2.06,218
68.49,104.15,26.76,8.11,1.21,19.62,5.02,21.93,29.53,0.34,175
12.39,23.36,8.44,29.51,4.32,44.4,31.59,19.32,39.66,2.19,165
73.12,131.49,35.95,35.66,0.89,16.87,11.74,29.2,48.32,2.17,276
21.47,29.42,37.21,1.67,0.55,33.38,6.18,32.04,19.8,1.48,99
137.57,244.02,38.28,17.39,0.57,41.78,9.46,19.69,56.31,3.9,445
21.0,42.26,13.42,5.91,3.5,20.89,13.31,28.95,48.07,0.89,126
47.74,65.55,65.69,6.74,0.32,3.66,17.39,18.01,37.22,3.81,187
40.94,86.0,18.79,8.89,1.67,14.69,15.11,18.94,29.31,1.84,192
171.49,312.19,9.18,7.63,0.55,96.09,33.35,22.05,5.36,6.84,500
133.83,288.48,62.72,6.45,0.73,45.36,23.4,24.9,94.77,0.2,484
5.76,8.25,10.9,21.78,0.32,70.43,38.42,6.05,90.4,2.2,65
64.76,142.09,30.62,11.72,1.72,59.21,21.98,24.54,30.03,12.37,236
25.06,47.11,15.23,8.94,0.1,61.05,9.61,29.6,15.68,8.91,102
73.32,132.76,6.06,6.55,2.46,22.0,14.71,30.03,66.27,4.58,252
102.39,180.6,10.61,23.73,0.18,48.54,7.47,35.82,46.9,3.63,335
77.77,102.76,57.95,5.03,0.39,55.84,2.17,14.63,47.66,5.42,261
106.61,228.76,25.14,5.03,0.46,154.5,33.16,24.66,53.76,1.78,428
53.8,101.11,16.45,9.51,1.89,36.02,20.26,41.28,44.55,6.76,188
79.52,109.94,19.83,25.11,2.23,,32.61,29.71,92.6,0.72,259
104.08,137.26,9.42,33.45,1.93,67.4,32.45,25.26,31.97,1.42,328
46.33,62.35,12.32,10.63,0.67,31.28,72.63,28.49,32.89,1.87,167
32.42,59.92,42.98,5.41,3.42,19.25,8.95,29.23,37.71,1.55,171
39.15,72.53,28.76,36.13,1.5,20.73,13.77,48.0,45.59,1.88,171
59.87,104.75,24.13,46.08,1.37,90.29,24.12,18.9,77.77,11.44,241
66.05,104.11,21.16,16.05,1.91,47.95,19.44,20.53,49.36,1.54,249
82.77,147.21,5.24,29.53,0.76,13.85,7.58,26.81,42.06,2.09,254
36.05,63.61,22.54,6.73,1.78,36.89,5.7,28.15,53.02,1.14,160
106.11,139.8,43.01,5.53,1.19,19.16,65.63,37.28,34.42,6.87,281
196.71,305.72,14.94,12.72,2.61,32.44,15.6,20.69,72.46,8.66,500
41.18,55.51,22.81,11.54,0.23,19.22,4.29,16.42,43.7,6.33,118
266.76,562.9,2.35,38.13,0.77,58.77,4.27,15.81,67.23,2.33,500
213.5,416.9,54.54,8.73,0.24,22.8,41.76,15.81,76.71,7.32,500
65.9,144.76,66.25,10.54,3.1,66.72,40.59,17.52,49.19,2.26,298
58.55,92.03,65.98,19.69,1.6,25.68,40.47,33.26,86.29,2.96,245
38.7,80.9,5.79,18.61,1.44,103.93,4.74,28.11,45.16,2.59,184
116.67,215.0,45.49,3.68,1.27,25.9,18.89,33.14,,6.06,396
69.16,118.11,47.27,24.09,1.41,2.19,38.18,21.73,89.28,4.48,255
74.48,111.74,23.85,6.45,1.07,29.15,1.3,32.52,36.73,2.91,217
33.01,64.85,18.26,33.05,2.97,45.91,27.43,19.08,68.57,0.96,205
118.87,251.25,45.27,15.22,2.3,28.75,25.66,22.02,29.79,1.26,417
55.12,83.33,26.21,11.85,0.51,15.76,12.8,32.38,65.85,2.01,175
26.76,39.02,12.26,39.47,0.88,60.33,20.48,5.9,43.09,4.14,151
62.17,119.78,39.0,4.59,0.11,37.16,4.43,32.87,41.86,1.55,229
34.84,75.93,53.34,3.4,1.74,36.97,14.42,24.46,56.84,5.04,196
155.02,306.16,43.0,29.54,1.2,31.61,5.36,38.0,71.31,1.7,500
211.74,329.5,44.85,25.6,0.45,37.21,3.99,21.37,56.34,2.95,500
63.48,106.52,9.32,42.43,0.83,41.87,27.94,24.78,52.09,2.93,229
131.42,216.3,16.12,27.28,0.56,98.66,20.3,29.19,65.81,3.97,391
129.3,267.25,29.13,14.06,1.4,20.11,23.65,21.49,65.4,3.52,404
2.0,5.0,61.67,6.67,0.46,48.78,5.66,30.48,82.02,3.97,105
39.2,71.74,12.62,18.49,1.18,66.66,8.64,29.7,44.46,0.54,184
71.35,110.42,59.56,8.31,0.88,67.93,12.82,37.57,43.95,1.39,315
47.28,101.37,4.38,2.6,0.74,24.95,34.37,47.84,69.88,2.61,164
36.74,69.37,54.64,5.43,1.9,41.73,9.04,36.83,81.85,0.73,165
134.97,293.36,51.37,6.2,1.15,84.66,7.1,23.1,54.93,3.88,486
45.84,83.52,83.66,17.04,0.19,38.47,7.14,26.15,48.05,0.89,208
82.92,169.08,47.04,2.37,0.87,69.19,16.15,24.22,56.29,4.09,298
127.38,258.8,31.03,2.9,3.46,64.91,46.7,27.31,71.64,2.9,467
160.9,258.02,18.45,7.39,0.27,29.68,7.45,25.65,54.78,1.67,433
26.88,58.27,16.73,5.71,0.77,29.81,6.66,29.23,45.43,7.63,122
29.0,38.27,23.26,14.12,1.56,64.86,24.96,32.6,53.76,0.3,147
76.64,152.65,17.44,8.6,0.96,115.12,19.96,40.83,43.1,1.34,297
9.46,20.52,38.99,9.08,0.69,27.55,10.52,16.17,42.83,4.09,82
30.24,48.54,46.25,21.62,1.18,23.16,4.12,34.2,62.83,1.47,131
144.65,272.43,11.85,24.28,1.58,40.6,15.07,38.29,33.07,0.91,463
100.67,181.8,47.88,6.39,0.59,38.42,3.72,24.71,43.42,4.19,317
59.87,118.86,32.6,17.26,0.82,41.14,40.55,16.33,33.65,4.8,243
90.76,188.74,19.5,5.03,0.58,54.05,25.02,21.6,48.51,3.33,309
105.35,194.13,53.82,21.1,2.06,38.64,5.88,26.82,41.91,1.47,374
19.16,38.98,13.42,4.36,0.24,41.65,4.07,23.49,46.83,1.38,87
45.2,71.46,8.07,25.8,0.68,74.19,3.83,19.33,38.93,1.25,170
157.36,236.94,12.87,1.23,0.65,19.84,35.69,34.06,5.51,5.55,374
77.59,130.94,16.12,4.65,1.0,55.65,61.22,36.69,84.65,3.66,262
80.83,154.39,52.38,7.28,1.06,42.17,15.74,21.88,65.06,3.68,303
63.6,93.4,50.66,8.79,0.29,49.85,36.77,26.39,42.25,6.98,252
12.49,23.88,25.29,3.65,1.41,29.78,40.08,29.35,61.49,1.78,70
40.65,67.26,3.64,6.76,0.83,74.44,16.22,33.06,25.56,3.52,157
87.08,175.55,14.05,9.62,1.56,21.52,15.44,34.61,25.9,0.75,262
46.04,61.38,78.3,1.29,1.02,65.28,18.25,27.01,39.17,5.98,241
27.75,52.75,44.26,14.82,0.47,85.6,21.74,32.14,64.23,3.53,154
31.04,58.51,3.34,15.04,0.66,48.8,36.06,18.91,61.26,2.4,140
159.43,342.27,2.0,25.41,0.74,18.55,14.33,29.16,74.35,2.34,500
44.12,85.67,42.94,56.83,2.44,15.27,24.33,32.46,60.87,2.71,228
139.47,281.27,60.48,4.62,0.19,160.09,31.73,17.41,45.76,1.14,489
81.09,171.44,10.13,28.92,0.54,49.36,24.46,14.33,62.96,1.58,275
54.9,104.72,13.54,2.99,0.83,58.23,2.78,41.01,73.84,2.89,212
35.32,55.14,49.48,9.05,1.42,64.62,24.0,19.76,57.31,3.13,197
102.48,213.45,19.54,15.45,1.7,57.47,22.87,32.69,40.16,2.46,368
128.6,253.71,21.67,15.36,1.06,77.85,18.85,20.53,86.52,1.99,448
109.11,183.53,20.87,24.55,1.03,13.6,31.96,31.13,49.27,2.26,332
21.12,40.96,27.28,8.11,0.31,124.75,20.36,19.9,73.29,6.2,138
44.02,91.6,31.58,12.56,1.33,56.55,29.1,26.9,33.36,2.7,209
48.27,105.13,82.7,13.54,0.85,25.49,11.16,36.28,67.99,6.81,213
9.96,21.48,18.32,32.49,1.44,41.03,28.85,27.5,36.5,4.41,122
90.14,143.58,21.6,11.37,2.76,37.05,24.5,12.64,55.29,3.22,288
99.0,166.28,9.26,7.86,1.09,34.02,10.88,25.64,71.01,6.24,294
,135.25,27.06,22.05,2.19,79.92,18.73,24.45,73.17,1.11,338
86.22,131.29,52.06,11.31,1.14,14.22,14.92,20.45,66.63,2.51,276
51.49,107.84,13.41,25.23,1.72,23.81,17.57,24.79,74.55,3.71,185
34.18,55.54,11.78,25.19,0.71,32.66,4.67,34.25,66.4,3.95,130
51.35,95.44,48.93,1.72,0.38,23.69,17.85,46.15,40.52,3.14,207
81.55,154.89,31.46,53.21,0.76,78.36,24.3,32.77,47.68,5.67,329
147.88,296.29,11.87,3.26,1.22,31.16,38.39,19.67,61.64,8.6,448
69.14,101.25,28.14,13.4,2.15,23.46,1.79,18.17,37.66,0.99,215
67.46,106.21,10.91,6.51,1.05,52.02,21.39,18.27,81.59,1.51,196
11.0,18.73,18.98,6.09,0.88,38.92,18.45,27.39,52.47,4.43,91
85.32,138.93,20.42,4.25,0.73,44.26,12.86,27.33,56.42,1.64,262
154.8,338.18,48.43,22.91,3.47,49.87,5.03,27.83,41.25,1.87,500
60.22,123.54,37.35,8.38,3.69,17.58,4.46,26.22,64.83,0.54,250
56.92,98.57,50.44,28.13,1.44,14.04,4.98,20.14,38.6,0.74,230
48.97,102.42,18.72,8.13,1.1,50.03,4.15,22.37,32.46,3.1,191
104.81,169.05,34.85,7.99,1.46,34.18,13.38,25.51,39.87,2.28,352
10.43,20.94,5.01,4.83,0.43,56.41,7.34,36.16,55.12,0.93,76
139.56,209.53,11.48,10.27,1.16,63.41,9.25,21.79,49.94,0.84,379
55.07,109.87,7.94,27.42,1.94,34.0,6.2,25.05,86.86,5.59,210
86.39,147.79,43.54,15.5,0.81,25.98,13.22,39.28,71.55,2.19,303
110.32,154.09,73.4,11.63,1.08,23.68,17.12,30.53,55.7,2.47,380
30.72,47.49,21.16,1.41,1.28,57.66,38.95,24.01,60.22,0.65,189
64.39,107.01,36.77,5.2,1.92,14.45,32.95,17.78,76.04,0.99,218
54.18,106.98,36.12,1.0,2.34,54.54,23.19,36.1,89.79,6.24,242
24.72,33.76,68.77,3.62,3.32,29.84,33.91,28.38,65.28,6.38,196
127.94,242.27,18.96,10.65,1.51,65.37,24.61,28.61,59.59,3.54,418
50.93,99.03,26.49,16.16,1.03,9.4,24.32,32.61,56.62,1.78,194
23.81,44.97,11.83,5.12,0.25,26.73,66.98,27.39,64.3,5.7,100
67.25,133.47,8.65,4.44,0.24,34.87,30.49,23.22,78.86,4.58,214
18.18,26.55,40.18,19.85,0.84,88.08,23.51,29.89,61.4,2.17,144
46.05,84.2,14.01,12.15,1.55,101.33,2.72,18.0,80.93,1.1,200
80.42,172.67,14.67,21.67,1.37,48.92,25.16,19.41,40.58,3.46,309
16.39,30.31,34.18,31.82,1.03,25.08,9.64,29.45,24.3,3.23,118
100.38,185.73,20.16,14.45,1.12,18.12,39.05,39.93,67.61,2.78,327
69.79,136.98,40.78,7.19,0.49,23.6,15.66,33.34,48.52,3.04,268
110.74,177.17,41.34,9.16,1.26,7.45,20.83,21.44,68.54,2.03,350
109.93,212.2,28.35,10.06,0.53,23.53,7.78,34.96,43.09,1.16,361
44.82,95.22,26.02,8.96,0.44,37.21,26.25,31.18,55.61,3.72,176
45.79,59.97,72.45,15.63,1.28,34.85,15.46,31.56,50.74,4.1,211
90.8,189.15,22.41,11.9,2.15,32.65,2.59,36.93,73.22,1.71,274
26.73,40.01,42.57,4.6,1.46,52.36,17.43,24.02,45.36,3.17,152
26.89,45.98,10.93,3.1,1.39,66.51,10.07,23.74,38.24,4.38,102
40.06,82.8,25.55,10.59,0.42,21.05,20.85,30.24,46.65,4.54,144
19.75,40.32,42.77,1.0,1.85,11.69,62.17,29.62,63.17,2.67,158
23.57,49.56,12.27,25.67,0.27,,12.95,29.26,46.59,2.05,124
24.29,52.13,23.44,6.26,0.29,13.44,6.74,27.01,52.95,5.75,106
51.07,86.95,24.98,35.71,1.03,34.49,30.03,34.27,44.0,2.89,213
49.3,93.21,12.92,29.13,0.75,62.33,8.76,20.57,45.04,2.74,207
121.97,201.42,14.74,29.63,0.38,19.98,13.86,35.26,85.85,1.34,368
51.77,83.64,10.67,7.38,1.71,16.14,6.64,32.69,90.1,3.77,161
60.88,102.79,3.06,3.34,1.6,70.5,20.19,16.53,80.41,4.73,216
187.92,369.97,11.14,15.26,0.55,7.64,32.58,23.56,68.87,1.26,500
6.04,10.58,28.17,18.21,0.47,17.97,26.86,18.2,60.82,6.5,79
75.13,152.71,15.24,3.16,0.79,10.83,14.54,24.3,37.77,5.02,228
55.13,108.65,23.62,54.96,0.25,69.95,24.22,29.34,,2.42,236
80.51,106.14,26.22,4.67,0.55,35.42,42.38,22.08,48.45,2.41,230
42.09,78.59,20.89,7.25,0.85,58.35,8.39,27.46,98.58,2.12,172
51.52,87.22,42.31,19.3,0.32,47.46,38.72,19.2,39.37,2.42,200
143.47,245.48,89.2,17.91,0.24,60.33,28.62,37.43,60.89,0.96,500
89.95,183.2,11.25,8.82,0.39,43.94,29.98,31.61,15.56,0.93,272
53.49,95.9,48.37,8.45,0.37,48.87,9.86,22.36,66.3,5.22,237
34.86,73.11,12.98,8.16,0.49,42.29,18.32,31.23,51.64,9.56,137
26.64,51.73,32.39,25.53,1.6,42.54,12.61,30.47,21.39,5.62,155
44.21,79.47,7.91,14.68,0.68,29.18,17.04,13.2,73.4,2.81,167
57.11,113.04,30.67,5.96,0.54,48.8,2.75,26.13,62.72,5.91,192
187.47,250.19,18.09,10.86,0.92,5.99,11.53,29.78,26.82,1.5,498
71.33,94.47,17.73,22.36,1.14,43.13,10.86,25.68,54.66,1.96,230
38.34,52.71,28.12,7.29,1.27,36.35,36.73,38.68,62.89,2.34,119
6.07,10.29,10.18,16.48,0.99,86.77,22.51,33.27,56.28,6.76,87
34.05,51.48,10.12,7.08,1.14,68.43,33.22,22.58,72.46,2.29,143
44.26,96.74,18.68,3.63,0.36,131.0,8.35,14.11,62.64,1.85,190
76.28,136.39,47.51,8.34,0.18,61.77,47.51,30.47,80.9,2.86,280
45.53,86.34,19.07,14.28,0.43,34.81,34.09,12.41,22.07,1.57,203
193.05,299.41,90.4,54.12,2.0,42.17,26.7,28.34,90.49,6.81,500
54.21,86.17,107.61,11.56,1.39,36.91,16.43,26.06,53.72,1.18,249
124.69,199.74,23.26,9.61,0.63,5.5,10.47,17.72,94.65,0.25,322
15.06,29.04,70.69,6.7,0.1,,30.94,14.58,20.47,9.11,130
61.9,106.86,11.55,13.72,2.13,51.93,6.59,21.96,53.74,2.94,248
34.35,60.65,25.4,10.45,0.93,96.29,11.88,20.36,91.14,1.95,185
126.95,232.68,29.05,8.52,2.86,25.24,23.24,29.12,46.1,0.81,397
47.88,95.37,37.32,6.15,1.59,7.96,7.35,16.89,5.0,0.33,176
146.07,201.78,6.64,1.0,1.17,48.2,33.65,38.6,56.3,4.41,394
99.48,198.88,27.68,16.17,0.36,82.85,1.0,12.82,64.42,1.2,336
43.16,77.99,57.45,8.31,0.38,107.32,45.02,31.81,67.15,5.43,193
26.21,49.86,2.74,3.29,0.57,4.28,17.43,30.38,62.54,3.84,83
36.08,57.54,12.22,9.43,1.27,18.14,56.49,33.58,53.5,1.0,125
51.56,86.03,58.35,8.4,0.89,24.25,18.84,7.39,67.43,0.96,189
99.05,149.38,14.94,1.0,2.52,34.86,23.61,22.61,9.52,0.5,290
63.44,138.39,27.0,2.34,0.86,28.95,49.59,21.47,76.37,7.12,211
111.19,194.29,33.14,2.56,1.46,54.16,7.52,26.88,65.13,1.76,352
153.41,336.97,12.26,38.5,0.35,79.5,15.87,30.23,43.3,4.07,480
65.9,114.72,8.82,15.36,2.85,58.85,5.83,25.44,34.3,1.44,237
28.76,43.08,20.82,6.18,0.38,24.76,14.37,23.9,75.76,2.96,113
83.1,145.98,50.95,8.81,0.85,5.81,43.2,29.6,46.16,5.91,299
206.59,275.92,27.84,10.65,2.08,51.08,24.82,33.96,100.0,1.7,500
115.35,243.89,9.02,20.31,0.7,43.01,5.71,21.03,40.38,0.98,393
78.8,160.5,42.79,24.75,0.71,69.27,42.75,17.92,66.96,0.29,323
32.0,62.5,9.49,30.26,0.36,74.6,33.34,41.38,79.55,0.32,172
55.64,102.87,32.5,9.11,0.89,83.1,16.66,37.21,8.09,3.17,237
16.03,29.21,21.68,7.09,1.36,16.31,25.89,26.5,43.1,1.92,90
24.86,54.62,17.13,3.52,2.93,68.98,8.37,36.02,53.49,1.39,143
84.27,130.64,19.98,31.69,0.74,38.85,54.61,41.72,82.02,5.81,280
12.75,25.53,22.17,27.47,1.95,4.08,6.9,16.31,50.81,2.47,114
49.65,90.52,23.79,20.78,0.31,12.52,25.54,19.77,63.04,0.48,176
22.52,49.05,29.08,28.68,1.52,,68.06,29.82,65.2,2.77,137
25.95,53.07,47.34,7.26,1.54,19.42,16.66,28.56,25.1,2.82,135
66.77,146.8,77.07,13.94,2.54,54.38,6.43,26.84,57.85,3.45,263
36.12,66.08,24.44,28.36,0.17,89.78,45.19,23.84,46.99,1.03,169
18.67,27.7,43.79,22.28,0.31,59.34,8.37,15.1,39.57,2.14,115
41.98,73.6,26.62,24.56,1.5,29.88,1.64,30.68,72.33,1.4,169
18.06,35.03,19.04,17.63,4.91,6.92,12.16,20.25,82.46,1.58,149
140.3,280.16,30.13,14.42,0.45,109.46,37.87,31.97,31.16,3.32,498
102.72,133.58,6.58,7.58,1.56,42.93,24.25,25.61,96.17,2.68,272
102.41,179.68,10.88,25.48,1.32,108.86,34.06,26.71,73.49,0.81,357
33.36,50.42,8.36,30.53,1.07,85.37,11.23,29.91,52.78,5.68,122
86.18,179.89,28.91,6.36,1.1,83.97,22.93,23.97,100.0,8.83,320
73.79,106.08,3.63,10.77,0.13,60.31,80.86,20.51,53.29,3.99,230
35.46,67.36,7.51,6.31,2.37,68.28,7.02,27.43,48.71,4.09,202
60.58,93.26,4.7,20.6,1.58,44.79,31.62,36.13,80.53,1.68,200
15.29,24.78,24.79,34.88,0.53,24.33,14.68,22.6,63.85,2.04,98
26.82,57.57,16.89,15.45,1.04,20.6,11.2,19.82,47.83,1.99,98
59.36,90.02,20.1,14.95,0.96,62.66,12.51,25.79,73.82,1.06,233
43.89,60.81,32.54,50.9,0.42,43.87,27.76,20.45,44.95,1.15,174
81.07,110.44,22.96,14.58,0.65,108.6,18.39,27.41,59.8,0.88,287
36.23,63.56,18.4,16.96,0.49,18.94,17.31,25.45,34.43,0.99,164
48.98,91.95,3.53,28.81,1.71,42.43,2.65,15.33,46.68,1.44,158
63.03,100.5,32.58,12.94,0.47,11.75,8.86,32.22,98.7,2.84,206
33.82,64.98,3.22,24.61,3.52,54.87,30.87,19.56,45.67,2.08,179
48.34,65.5,27.99,19.27,0.87,5.18,60.33,17.9,64.84,5.13,149
73.43,152.12,140.56,4.96,1.55,46.03,13.27,33.95,42.44,3.41,340
166.07,337.94,36.56,1.0,0.31,44.28,37.76,14.74,80.17,5.42,479
33.99,74.33,14.03,3.03,0.42,31.1,12.66,17.74,61.14,0.93,99
44.05,94.4,46.07,12.8,2.0,104.52,25.2,25.09,26.42,2.04,253
114.61,185.73,85.45,27.63,0.1,53.6,24.0,26.22,52.78,2.55,369
133.45,221.44,51.39,11.13,0.41,22.13,24.14,38.45,51.38,2.46,413
91.8,180.97,62.97,11.05,0.93,52.86,37.05,24.07,48.46,6.07,371
131.24,186.45,11.5,8.99,2.32,43.28,80.75,22.86,63.89,0.68,406
32.43,51.33,17.21,7.6,1.2,61.61,16.19,35.52,30.3,2.29,121
123.22,173.33,40.49,67.09,1.67,39.68,21.72,16.18,38.9,3.56,450
105.13,179.71,22.53,14.29,1.17,168.99,11.94,19.03,95.07,5.66,376
25.65,46.08,10.7,7.44,0.76,48.12,11.72,32.02,76.89,0.39,103
49.52,73.79,37.0,13.96,1.64,23.99,25.33,20.44,52.31,0.39,229
7.94,10.51,40.39,15.15,2.89,39.52,10.04,25.51,54.11,5.02,132
69.7,135.74,19.07,5.13,1.18,19.61,18.54,33.27,39.32,5.02,226
121.76,160.49,9.22,32.19,0.45,17.31,23.38,26.37,68.42,3.21,335
42.31,92.07,16.56,8.86,0.1,76.55,4.85,39.65,77.22,1.9,180
28.31,42.45,17.66,31.6,1.01,35.08,9.17,27.24,55.18,1.94,152
26.65,50.57,26.74,7.81,2.47,100.97,42.53,19.39,37.38,4.13,157
62.35,105.45,7.8,6.29,0.16,32.98,25.7,33.11,48.16,6.37,219
91.25,123.52,21.16,38.41,0.7,38.18,84.89,18.58,27.19,2.21,287
168.3,290.31,15.56,32.88,2.71,53.35,11.7,40.44,83.75,0.79,500
7.18,12.67,37.29,8.71,0.13,70.7,32.71,23.15,33.76,3.86,73
155.38,321.51,186.28,7.56,1.72,51.99,12.31,38.23,61.15,3.56,500
72.36,141.77,27.86,19.45,0.73,50.78,31.44,26.19,58.94,5.16,247
118.03,161.86,23.26,3.95,0.65,20.95,22.83,19.96,25.73,2.91,321
101.09,150.44,32.09,16.77,0.48,61.37,11.23,32.73,68.06,1.21,333
65.14,102.96,41.21,29.2,1.99,9.92,76.14,40.6,100.0,0.76,263
63.38,89.03,2.0,9.08,1.26,79.37,26.45,34.1,58.39,3.21,230
82.66,141.45,23.11,30.05,1.39,2.0,8.79,21.29,48.36,3.48,278
52.42,114.59,44.71,26.84,0.96,56.88,10.09,31.34,29.8,3.98,229
55.6,98.03,5.22,17.51,1.12,17.48,5.57,6.83,76.99,1.8,203
94.27,185.49,27.69,51.64,0.1,29.28,15.65,36.08,27.73,1.4,328
33.89,64.88,47.8,4.02,0.5,18.77,34.28,28.94,62.54,5.34,143
125.35,258.84,83.57,4.02,0.56,26.14,18.87,15.18,45.08,0.88,444
118.67,177.32,29.88,29.61,1.13,26.01,46.66,28.11,59.5,2.92,362
44.23,87.5,37.09,3.94,0.53,20.86,67.7,28.69,76.06,1.14,186
94.89,198.63,34.46,10.86,1.46,93.92,5.83,38.73,49.4,4.37,333
86.95,126.45,6.59,13.83,1.69,6.97,16.04,29.96,65.94,3.75,266
40.74,65.68,105.33,28.63,1.67,58.23,17.01,31.8,32.34,1.66,238
99.59,216.41,31.78,12.88,1.91,72.65,10.81,33.22,24.95,0.94,363
162.58,325.61,20.54,3.25,1.2,5.7,12.9,29.63,24.55,1.31,486
128.12,199.15,58.31,19.35,0.71,18.02,18.12,30.42,53.83,7.54,382
18.47,33.38,13.11,20.59,0.34,19.57,1.26,27.53,100.0,2.82,82
89.0,148.09,35.01,12.5,0.66,70.37,27.06,36.06,30.7,7.02,285
115.04,200.28,19.03,9.38,0.5,37.71,12.68,11.29,5.0,2.14,316
38.68,62.65,12.69,25.54,0.63,27.99,25.76,27.34,37.9,3.16,176
125.37,194.49,24.94,16.64,1.65,23.56,24.17,40.49,22.82,1.11,390
35.26,67.25,27.72,11.47,4.52,22.94,10.7,26.54,35.57,3.42,190
52.02,104.08,22.61,28.49,5.25,56.79,28.28,19.69,33.72,3.21,283
36.38,75.9,112.38,11.38,1.43,22.34,30.59,22.01,41.98,4.46,254
31.71,45.66,27.54,12.33,0.73,7.18,11.28,35.42,75.84,3.39,115
82.57,168.49,18.35,6.21,0.78,31.27,29.37,32.14,11.02,4.84,290
20.07,30.69,27.01,26.77,0.12,16.29,16.89,36.77,57.03,4.26,84
54.21,91.31,40.74,11.04,0.49,20.74,19.88,40.36,58.97,3.55,213
82.6,174.39,33.48,7.9,0.88,24.45,31.25,29.77,53.55,3.81,261
36.79,62.88,70.5,21.95,2.08,14.57,24.64,29.93,57.12,3.23,199
139.44,206.0,30.01,5.74,0.99,51.92,28.16,15.81,38.51,1.58,379
57.45,82.95,2.34,13.47,1.87,7.82,13.49,26.42,33.87,3.65,183
179.06,309.0,27.76,12.89,1.77,82.27,6.17,21.32,55.61,0.8,500
18.01,35.77,28.01,26.85,0.57,28.74,14.18,14.08,65.26,2.46,125
84.82,186.4,49.35,11.66,0.76,34.78,13.7,29.45,64.08,0.86,306
73.62,147.88,3.47,25.04,1.11,23.85,20.59,19.28,64.33,1.78,223
47.85,99.97,36.11,15.83,1.15,40.44,11.16,30.19,50.76,5.37,257
65.42,129.08,44.51,9.66,3.88,10.81,1.75,20.94,60.56,0.49,322
,196.86,28.19,55.32,0.49,43.92,35.07,35.48,100.0,3.44,323
105.47,144.35,41.87,13.27,2.03,24.95,17.95,28.61,64.7,4.12,342
58.84,125.74,10.98,25.85,0.93,49.31,51.55,32.73,78.46,1.48,208
85.57,141.77,46.48,10.21,2.22,92.71,11.0,25.56,55.89,1.39,300
33.75,71.88,9.37,1.0,3.88,49.07,12.33,30.38,69.44,4.16,169
106.82,146.14,14.93,17.48,0.87,11.09,4.81,26.55,55.31,3.04,291
157.06,305.27,39.17,2.47,1.58,67.42,12.72,27.57,34.74,3.25,500
112.23,220.2,89.7,10.93,1.53,23.57,22.5,30.66,77.6,4.25,380
36.44,80.07,79.16,11.3,0.32,26.74,41.2,18.73,73.86,1.29,203
29.45,58.66,31.95,1.81,1.57,30.93,15.3,32.09,56.48,2.8,147
250.64,412.13,5.39,12.61,0.33,83.57,10.99,20.36,52.76,1.14,500
150.48,271.1,15.42,10.61,0.94,42.91,24.13,15.65,78.8,3.45,426
105.72,172.31,19.48,9.56,1.31,24.2,6.66,38.57,48.75,11.61,317
163.66,241.63,2.0,7.91,1.45,71.4,3.4,22.17,50.58,1.74,472
63.9,97.36,9.2,10.49,0.55,60.54,5.46,45.26,50.58,6.82,237
104.44,156.65,47.44,17.79,1.81,43.5,7.75,31.79,29.92,2.16,376
138.5,248.46,75.74,34.36,0.6,44.12,6.39,36.96,38.64,2.7,474
52.41,110.87,52.87,16.08,2.58,31.13,35.17,22.46,65.8,3.74,249
88.96,188.72,16.22,20.67,2.55,15.57,31.1,17.65,31.89,2.39,302
128.76,173.73,40.52,5.23,0.79,34.67,13.61,18.7,76.61,2.2,392
27.72,38.03,24.35,38.73,2.19,95.65,26.01,34.87,49.9,0.28,167
48.55,73.83,9.13,3.32,1.55,96.6,16.97,24.51,100.0,2.75,179
126.9,194.1,30.81,23.8,1.24,12.28,10.15,25.37,24.16,1.36,377
75.03,103.94,37.89,3.75,1.76,57.43,32.83,16.57,27.83,6.44,240
68.23,112.55,10.96,1.0,1.35,28.1,24.18,22.41,24.54,5.12,218
62.61,114.5,6.75,2.36,2.1,22.25,20.21,25.56,71.63,3.63,195
135.46,246.59,16.51,47.13,0.47,38.91,23.48,26.81,,2.59,434
30.33,54.26,58.51,8.78,2.04,22.79,19.21,29.34,87.99,3.14,224
46.08,73.95,43.08,16.68,1.31,25.54,7.59,23.38,84.24,5.32,207
19.91,38.54,17.5,9.89,0.61,44.64,18.74,21.83,52.64,2.31,74
51.2,104.65,11.84,4.34,0.92,63.99,19.47,37.98,60.57,2.68,196
72.48,116.81,24.18,20.53,1.5,89.3,6.62,20.05,37.39,1.72,254
11.03,15.18,8.64,14.72,1.32,12.39,39.49,20.43,98.35,5.63,77
34.18,53.56,28.43,9.13,0.43,75.84,14.57,31.98,61.76,4.11,162
74.95,106.69,21.42,10.56,0.38,70.65,19.09,12.41,47.19,1.71,229
88.01,151.43,2.0,4.91,1.47,136.44,14.59,22.05,93.09,0.66,308
187.22,269.66,18.28,23.57,0.78,62.36,19.69,32.79,29.28,3.52,500
97.0,166.5,2.0,8.84,2.11,11.14,16.28,41.92,81.8,6.49,279
57.18,85.71,29.91,15.24,1.7,37.8,31.64,17.26,53.65,1.56,228
71.12,139.74,8.01,5.83,1.82,43.51,131.11,25.43,100.0,5.56,243
72.84,96.5,4.43,2.31,0.51,59.1,2.7,24.77,60.18,1.33,217
46.14,83.02,19.98,14.63,3.75,38.64,5.24,22.86,49.91,1.41,250
77.19,112.12,18.53,14.03,1.97,23.84,16.23,28.11,45.03,2.67,263
44.44,57.81,30.65,12.5,2.75,28.44,14.67,22.32,49.1,3.77,204
79.87,166.31,8.36,17.95,0.69,107.27,28.14,23.82,58.66,4.13,322
62.56,119.14,63.3,8.31,2.93,92.86,10.3,32.65,58.32,4.53,294
55.33,76.85,41.46,8.55,0.75,51.92,41.85,20.55,83.09,2.91,225
56.51,107.23,64.98,37.36,1.18,13.56,26.01,29.32,61.94,3.66,258
107.8,199.48,20.79,6.6,1.01,39.24,48.29,32.2,49.38,1.17,347
101.09,174.48,10.72,9.6,0.38,19.52,12.98,19.16,79.07,1.15,322
53.24,89.31,75.86,23.62,0.31,37.35,12.54,36.57,57.26,1.78,252
105.08,220.49,40.9,19.31,0.99,27.36,39.23,33.68,74.72,1.9,337
61.68,93.8,19.55,11.19,0.98,46.02,35.45,17.06,89.08,3.29,197
62.37,103.44,23.49,9.94,2.2,69.14,11.42,40.36,56.98,0.63,226
46.17,73.7,16.68,7.51,1.1,108.84,29.18,41.01,40.17,4.46,201
174.95,348.86,48.6,18.35,0.67,60.21,15.93,24.29,57.35,5.01,500
163.43,347.26,32.49,15.69,3.16,37.11,30.83,25.11,44.24,6.18,500
38.9,80.32,35.63,4.71,4.26,28.74,6.79,24.2,37.5,0.49,220
50.93,102.76,9.83,18.13,0.33,64.23,10.06,27.3,8.7,1.86,225
84.12,184.06,21.84,18.45,1.54,28.62,15.68,19.04,31.08,4.71,277
94.79,182.7,28.02,12.78,0.24,17.79,11.01,24.83,68.83,2.49,332
28.21,55.75,4.97,11.31,0.69,27.65,13.6,28.21,65.85,3.61,90
32.38,70.74,32.12,43.32,0.51,27.3,3.49,14.46,26.57,3.55,112
94.99,124.08,25.99,11.09,1.32,43.0,18.22,34.34,46.43,3.58,300
18.31,34.26,45.69,9.25,2.3,13.03,43.23,14.82,63.37,3.89,144
39.16,76.96,51.27,16.5,1.17,71.65,16.19,26.51,38.31,1.12,193
115.7,245.99,87.66,7.7,0.36,55.1,24.65,25.99,45.76,1.74,459
112.24,235.2,27.38,12.97,0.4,30.47,9.51,34.73,50.52,0.86,311
168.92,347.59,18.28,17.24,1.94,22.91,41.28,30.03,52.81,4.98,500
205.08,441.16,8.44,37.75,1.68,17.9,28.18,23.47,47.89,0.77,500
314.81,561.52,7.04,13.25,0.38,73.83,10.15,26.31,47.1,4.02,500
49.82,65.07,23.24,18.15,0.28,78.84,20.68,38.56,34.88,1.3,163
41.27,54.06,6.39,8.59,0.45,130.47,24.65,31.96,50.41,9.37,148
86.33,154.55,7.62,20.55,0.8,30.64,25.38,37.77,61.83,3.15,249
20.36,34.44,23.89,21.96,2.08,9.11,69.15,31.89,62.02,1.4,135
54.57,93.1,17.14,21.25,0.8,47.49,25.18,35.0,56.22,2.0,196
72.34,120.11,10.65,12.01,1.62,42.96,9.97,39.64,29.51,0.42,218
90.8,193.03,18.15,13.2,1.72,27.52,7.84,38.12,44.28,4.99,280
97.46,158.2,42.45,12.86,1.3,83.23,9.5,26.56,57.2,1.48,338
53.33,110.43,32.56,4.77,1.28,18.01,12.76,24.52,67.25,4.05,171
23.25,49.12,49.85,17.03,1.06,71.38,11.74,15.88,44.18,4.23,175
27.89,48.79,20.83,4.44,0.49,24.59,15.07,27.36,100.0,1.39,114
9.61,16.35,16.68,13.73,0.55,21.41,3.65,17.61,92.69,4.05,57
42.43,84.23,26.84,11.93,0.73,132.0,12.96,17.13,13.51,0.81,238
19.92,38.59,7.78,25.45,0.6,39.71,13.53,30.07,76.16,2.85,81
44.75,71.41,19.53,11.39,1.48,61.66,31.58,26.11,46.33,2.51,186
85.75,119.38,17.87,32.39,2.5,71.82,10.9,15.06,52.15,2.75,308
23.74,36.52,124.11,10.28,2.19,85.65,33.45,32.62,61.87,5.42,245
69.51,98.56,56.62,4.59,0.75,59.26,22.0,32.82,34.44,3.75,223
52.91,82.81,38.7,1.64,0.37,57.92,19.99,23.72,85.37,6.37,180
82.7,127.0,33.42,34.0,0.68,23.57,17.35,33.85,46.58,3.09,240
96.23,180.34,71.28,3.95,1.03,10.47,3.29,29.76,45.04,1.93,340
50.47,108.97,33.21,12.19,0.41,27.88,36.64,31.78,54.05,3.69,205
65.44,125.46,12.38,5.39,0.55,53.6,16.47,28.65,22.48,0.55,212
53.06,113.23,11.53,21.44,0.1,30.1,36.04,34.84,57.12,2.81,184
45.82,91.9,43.25,10.64,0.99,88.93,24.21,24.76,20.64,1.26,214
37.61,73.53,37.84,1.0,1.06,21.76,14.95,30.63,86.41,2.39,147
90.35,151.12,33.08,33.5,1.3,105.1,12.42,20.06,26.87,2.33,313
150.18,239.14,51.42,6.43,0.65,22.37,16.58,29.86,53.95,1.13,459
138.86,286.28,49.47,12.49,0.46,24.26,28.87,11.4,15.61,2.9,439
21.78,46.07,3.97,11.83,0.33,49.08,36.24,30.11,35.59,1.91,111
148.41,253.28,21.27,4.01,0.49,8.26,20.17,38.4,83.81,6.61,391
30.87,40.39,35.67,23.0,2.8,22.76,46.44,30.68,52.66,7.46,153
72.36,145.68,60.5,4.11,2.24,15.51,25.61,26.19,100.0,3.16,308
81.51,126.88,39.74,33.76,1.71,33.96,33.62,26.28,28.12,1.38,294
16.95,22.19,43.64,13.14,2.19,19.48,11.26,38.22,52.82,4.85,107
57.33,116.07,8.95,10.03,1.21,18.34,17.83,30.9,29.23,0.66,198
154.35,272.53,5.79,11.86,1.84,143.08,10.89,24.99,45.54,1.3,500
6.31,12.09,32.01,9.18,1.16,68.08,9.75,31.42,47.0,6.78,110
262.68,557.73,16.45,15.69,0.9,27.35,30.39,26.96,61.33,2.8,500
9.13,16.31,36.32,4.28,0.78,54.84,20.01,32.14,52.73,7.94,107
80.1,140.4,13.91,35.66,2.37,45.93,124.86,23.39,45.27,2.6,322
17.75,27.72,16.07,11.59,0.3,43.61,16.78,24.12,67.99,4.06,71
89.0,140.14,42.77,12.47,0.11,46.87,39.09,22.61,67.17,4.11,272
134.93,272.15,24.98,8.8,0.67,16.94,13.56,24.52,84.32,5.71,444
111.92,190.73,13.25,16.44,1.04,62.87,36.36,21.88,25.62,0.49,320
124.14,179.65,22.21,16.97,0.67,28.24,30.91,38.23,33.11,1.6,361
53.24,73.74,38.6,17.97,1.4,38.77,10.09,34.66,94.8,6.67,183
153.66,265.16,23.41,4.4,2.93,70.2,29.14,15.62,99.13,2.07,479
225.93,388.24,35.42,3.13,1.33,,43.45,12.9,69.34,2.75,500
69.8,131.79,19.93,24.91,0.99,10.44,13.27,27.36,67.93,5.12,272
48.78,84.09,57.1,29.99,0.18,17.2,15.87,20.98,53.28,2.29,219
34.68,49.56,21.84,4.87,0.92,22.14,26.89,19.12,63.26,0.8,150
107.18,188.31,15.55,6.52,1.3,10.37,25.45,43.07,69.9,3.44,333
128.02,270.9,67.17,2.88,2.42,107.49,24.04,23.79,91.05,3.04,480
48.79,70.43,25.11,15.04,1.91,35.02,38.23,18.89,67.23,3.65,204
175.36,336.82,35.01,8.41,1.79,34.4,20.73,17.8,49.6,4.84,500
101.27,185.77,15.41,3.87,0.35,70.8,10.7,40.22,37.76,2.83,297
69.23,136.64,34.23,1.97,1.45,12.45,16.22,24.23,24.07,1.02,213
81.91,117.59,38.46,6.64,1.64,36.74,17.6,30.38,56.44,0.43,269
28.57,61.34,12.41,10.01,0.59,13.97,18.44,29.89,75.43,2.11,90
106.37,197.72,45.34,2.81,0.21,69.94,20.22,25.08,82.33,3.01,376
30.22,62.32,22.9,4.71,1.84,54.66,7.59,41.81,88.44,0.99,165
44.07,67.07,45.32,32.19,1.17,47.51,1.0,23.9,65.92,1.59,209
61.91,121.68,13.63,3.02,0.87,60.28,21.86,16.87,42.02,4.14,252
203.72,408.03,16.18,7.27,1.12,18.92,6.32,16.9,81.25,6.89,500
77.4,128.3,28.17,7.02,1.84,13.78,8.85,27.99,29.94,2.13,274
32.81,53.99,11.5,21.1,4.34,64.87,33.25,36.02,46.16,1.87,179
82.13,155.38,28.88,1.0,0.12,,5.88,28.15,45.57,0.67,224
97.21,134.55,32.28,19.9,2.01,42.8,5.36,17.41,55.98,5.15,312
141.89,278.41,28.14,47.46,1.29,121.53,45.18,25.38,78.02,0.5,500
64.18,85.91,26.74,12.1,0.77,81.99,16.47,18.76,55.56,1.21,189
37.01,54.46,9.49,20.87,2.61,75.27,37.53,22.65,42.84,6.46,191
238.22,452.08,6.68,25.54,0.49,16.18,29.21,20.78,64.39,1.21,500
82.25,114.2,24.01,11.39,1.38,27.02,5.08,19.9,35.72,4.17,245
32.98,71.73,4.38,6.16,0.95,62.79,23.62,21.83,59.97,7.06,126
63.77,132.73,3.61,10.52,0.3,58.65,8.38,22.15,69.72,4.47,203
44.09,82.16,16.0,17.26,0.32,10.84,15.87,23.68,38.3,2.89,147
147.47,300.42,11.3,6.99,0.46,17.1,23.12,22.88,29.72,1.27,424
96.59,202.72,33.13,1.0,2.47,56.93,24.02,35.69,53.5,2.79,334
51.49,78.96,23.97,4.76,0.92,41.2,10.22,18.83,38.33,4.7,203
128.07,264.4,32.14,13.48,0.58,74.72,3.16,15.4,37.01,2.7,433
60.05,88.6,44.9,12.99,1.0,4.91,18.81,29.07,43.79,3.98,194
62.7,104.83,57.63,4.47,0.52,37.21,38.52,26.85,71.39,4.97,240
36.18,65.21,41.31,7.26,0.99,26.13,40.42,17.62,47.68,2.24,167
35.94,69.82,27.63,1.93,0.56,74.54,31.64,39.67,27.16,2.56,190
228.29,302.98,10.48,9.6,0.28,42.11,6.13,28.1,61.51,6.07,500
124.14,193.83,54.26,7.62,3.0,27.04,33.15,35.79,65.14,1.44,427
11.35,20.96,8.65,8.52,0.24,83.14,3.21,27.16,66.77,1.75,59
29.6,48.0,45.7,45.52,2.69,54.6,22.41,36.13,59.75,7.83,185
24.53,48.99,61.8,12.17,0.11,26.01,7.03,39.78,42.99,1.94,140
68.24,128.73,33.63,3.1,1.75,36.26,7.58,17.38,76.83,2.63,221
47.43,71.67,10.76,14.71,0.27,21.09,9.04,18.82,24.38,1.22,124
166.69,238.59,16.98,8.65,0.92,15.0,5.22,24.61,29.79,0.9,438
50.93,95.04,29.53,5.63,2.35,35.8,25.23,27.2,57.35,1.38,210
213.68,364.42,13.11,10.34,1.99,71.54,61.11,33.23,61.83,0.64,500
,89.17,27.32,28.87,2.22,32.36,30.22,28.35,20.74,1.22,252
243.26,387.69,33.24,1.94,3.78,57.31,35.15,27.82,29.71,3.59,500
56.13,88.27,35.6,1.0,0.83,18.83,8.72,27.72,54.08,3.1,178
56.96,79.59,16.78,5.91,2.08,14.31,7.85,34.53,56.25,6.78,196
122.33,219.25,25.03,9.35,1.67,18.76,51.08,24.4,79.66,1.54,375
110.8,220.18,28.54,8.22,1.21,7.0,25.03,35.45,24.34,7.68,364
20.95,38.09,5.49,7.89,0.89,47.56,34.15,28.93,35.81,1.83,62
69.43,141.88,16.28,6.07,0.71,16.39,5.82,26.86,28.05,3.63,227
47.09,66.63,26.25,22.29,1.06,17.6,27.87,18.87,11.88,0.83,178
44.62,75.5,32.96,13.19,0.96,49.79,39.01,29.49,42.63,1.17,217
69.19,127.89,65.58,25.49,0.24,26.1,4.82,24.31,61.33,5.05,280
52.5,100.19,31.04,1.05,3.24,91.65,3.47,27.5,44.12,2.81,258
74.48,143.47,8.29,7.62,0.88,43.34,9.8,23.1,58.36,1.47,238
28.46,55.68,12.26,12.31,1.23,4.41,58.85,33.81,51.79,5.85,130
16.59,31.3,47.48,3.18,3.76,17.83,36.0,35.43,31.84,3.24,129
125.45,173.72,81.81,8.26,0.51,8.77,4.97,21.91,38.37,4.69,374
138.33,266.39,10.2,15.69,0.76,116.79,9.45,27.49,74.34,2.19,447
120.35,234.96,15.82,30.68,0.32,19.66,12.31,20.23,69.94,1.14,405
66.99,146.98,84.24,30.14,1.96,20.05,24.6,21.43,67.51,1.21,336
49.49,95.21,71.17,27.35,0.4,28.49,36.34,25.19,49.14,2.13,248
40.0,76.73,37.91,33.62,3.42,41.3,29.59,33.43,38.32,4.94,241
34.22,60.34,16.07,1.0,0.41,16.01,12.48,16.88,62.37,1.83,125
61.46,127.9,9.79,1.69,1.03,33.81,8.35,21.21,47.0,1.46,208
136.12,299.07,15.09,7.37,0.51,24.63,37.7,29.53,44.65,5.03,421
37.34,74.72,18.59,3.56,2.82,28.82,4.34,18.21,57.03,3.5,150
136.27,252.27,19.29,13.56,1.0,27.5,13.67,35.22,31.48,2.26,386
17.46,23.94,5.41,42.62,0.69,58.33,4.32,33.36,78.57,3.15,98
77.23,150.92,11.59,1.33,1.14,88.96,10.76,31.12,60.35,3.49,261
88.73,171.94,26.84,6.32,1.07,5.47,32.79,27.37,73.9,4.75,272
43.45,86.82,15.6,9.56,3.94,108.99,15.02,19.66,47.75,4.6,233
26.88,37.95,8.02,1.92,2.7,59.24,6.33,18.12,47.06,5.13,147
114.72,216.63,10.53,18.79,0.83,25.24,35.79,19.55,46.16,9.23,340
67.36,105.49,21.04,10.85,1.12,36.35,19.18,30.16,35.44,7.1,223
289.91,575.26,6.53,6.97,2.7,17.12,21.1,20.78,38.61,7.26,500
,208.45,59.1,14.93,1.18,81.74,25.88,27.38,42.12,7.47,457
138.19,264.71,6.95,20.7,2.21,35.34,14.7,13.51,77.88,0.95,436
4.68,7.33,40.05,12.63,0.96,66.01,10.53,27.27,55.92,2.45,80
37.95,49.64,80.91,13.03,0.88,48.81,5.22,25.77,34.9,3.1,205
24.14,45.15,7.73,10.59,0.34,7.73,26.26,23.9,57.85,5.67,48
9.01,12.64,9.4,13.63,0.73,111.74,20.93,28.26,51.71,4.2,101
63.52,120.26,21.32,24.2,1.19,55.22,9.49,39.66,53.58,3.09,224
112.83,240.67,17.06,43.89,0.92,38.03,4.25,28.92,13.22,0.52,362
29.24,63.53,48.5,55.38,1.0,28.42,32.69,23.22,50.2,2.57,173
9.65,14.6,20.19,13.08,0.7,34.29,15.28,19.19,73.68,0.59,60
31.38,63.65,11.4,13.2,0.75,40.55,51.56,21.78,63.05,1.66,115
57.99,93.84,41.86,25.65,0.95,14.34,27.45,26.1,43.41,0.6,244
54.84,115.74,18.65,4.41,1.54,10.98,12.33,29.13,85.07,3.79,197
65.84,132.25,11.14,36.41,2.02,15.84,12.63,24.38,48.46,4.65,259
87.47,119.53,12.86,12.37,0.39,48.93,9.83,19.76,60.62,0.24,263
64.67,107.76,7.45,2.91,0.82,31.5,14.82,16.55,45.83,3.22,195
117.03,187.66,2.77,1.58,1.06,34.86,13.42,26.07,28.0,2.49,349
29.72,59.64,8.19,5.99,1.45,17.97,43.28,21.83,65.61,7.16,152
53.13,88.69,20.57,7.48,1.21,17.6,27.24,28.61,77.06,3.73,187
97.49,186.81,18.3,13.01,0.92,9.02,42.25,23.24,50.94,4.87,314
79.72,146.87,5.93,27.25,1.7,51.07,49.96,17.94,33.04,6.94,267
197.98,431.22,11.6,15.63,0.18,37.56,12.47,20.04,57.33,5.0,500
30.81,66.05,37.95,21.36,1.67,44.38,4.2,36.43,44.83,1.09,168
98.69,166.28,35.73,17.79,0.8,106.97,5.3,34.44,61.91,1.15,325
39.6,77.27,25.64,2.74,1.34,68.16,33.72,35.42,39.57,2.25,197
36.14,73.96,8.98,9.95,2.4,16.82,11.54,31.05,49.22,0.65,149
132.13,278.65,48.18,3.64,0.35,,4.4,30.54,75.96,2.66,408
64.14,87.31,21.43,10.85,1.64,106.77,12.14,28.1,48.91,1.95,217
78.77,123.82,12.77,9.26,0.63,41.38,14.02,33.86,58.2,2.17,263
42.09,66.85,9.31,8.39,0.53,23.2,2.45,28.18,57.17,8.53,114
44.06,74.5,40.51,26.5,1.46,98.52,4.88,35.03,96.3,7.56,208
16.27,23.63,2.0,14.68,0.37,83.6,15.32,36.1,65.62,4.35,107
74.43,130.0,30.04,33.44,0.88,6.85,11.05,24.39,45.33,0.41,239
27.26,51.71,16.34,7.81,0.37,32.6,18.3,32.92,57.84,0.71,110
58.79,102.74,52.66,5.25,2.18,45.78,28.26,23.33,42.04,5.49,264
116.94,222.1,99.57,3.61,0.9,44.13,12.78,26.14,100.0,2.41,419
12.01,16.33,12.86,22.33,2.19,74.27,19.13,21.58,34.54,1.1,78
338.38,600.0,48.67,6.93,1.43,42.21,47.35,33.17,46.62,3.29,500
35.53,76.22,31.13,10.56,0.18,43.17,12.71,28.46,55.41,0.22,109
60.05,111.46,28.72,30.98,0.11,38.67,9.29,30.83,33.54,4.66,189
78.71,164.75,6.06,21.89,0.56,12.31,4.68,34.11,65.3,2.38,259
34.55,49.0,15.25,2.9,1.69,21.08,19.37,23.26,41.25,0.65,128
45.31,91.42,47.3,17.43,0.5,96.48,8.64,24.21,40.07,1.19,218
134.95,189.91,57.22,12.99,1.44,22.58,29.59,29.62,74.23,0.14,427
108.63,181.11,70.09,32.03,1.24,113.97,6.63,25.19,42.87,3.96,414
53.98,85.91,15.32,8.03,0.66,14.84,33.29,27.15,58.26,1.87,184
65.25,119.21,34.95,12.14,0.54,53.28,38.8,36.11,59.73,1.55,238
72.26,113.54,15.9,29.82,0.56,30.5,11.59,19.69,70.23,1.54,261
95.78,179.45,26.99,10.67,3.46,70.9,14.72,21.12,69.63,2.12,327
100.47,163.83,34.58,12.7,1.65,47.97,2.55,24.27,14.11,6.38,354
98.68,204.74,16.43,13.36,1.47,16.94,7.93,30.55,42.17,3.19,310
47.62,89.08,36.64,28.43,1.14,38.64,33.52,27.6,50.4,0.61,193
70.62,105.49,20.53,5.1,0.59,36.73,24.3,32.45,76.95,3.43,242
125.64,201.33,23.15,32.42,0.34,19.57,10.61,25.87,35.41,5.47,354
237.84,490.58,6.16,12.95,1.36,68.82,9.89,28.93,46.79,2.72,500
69.22,114.06,14.59,56.38,1.12,39.73,28.75,31.66,55.4,0.6,211
42.75,76.19,14.81,37.4,0.29,15.83,44.78,28.43,48.41,3.47,169
34.01,64.08,105.45,13.49,0.69,29.55,30.79,23.02,68.88,1.58,247
99.2,160.02,12.08,11.0,0.32,21.61,18.75,38.08,46.97,9.6,282
15.54,24.31,22.8,6.74,0.96,35.53,15.79,39.39,39.13,1.46,93
99.88,172.56,12.31,9.2,1.74,20.63,17.2,35.46,51.8,0.37,327
101.06,150.93,20.58,3.01,0.43,4.99,46.06,21.54,89.32,0.64,284
43.98,68.42,26.61,34.02,0.54,18.3,38.3,29.41,55.77,3.15,166
77.49,105.06,10.17,15.74,1.49,26.34,27.93,32.28,85.03,3.29,215
55.34,87.08,45.07,18.57,1.69,39.72,12.79,29.77,63.27,2.86,220
20.08,31.9,10.66,10.6,4.59,106.94,15.99,23.57,52.43,0.63,154
94.99,205.72,5.3,7.6,0.48,22.33,31.21,29.79,76.35,1.2,311
89.27,163.43,24.94,17.13,1.27,60.4,19.95,23.8,70.27,6.15,304
46.75,93.91,83.11,4.03,0.73,33.47,10.75,15.66,61.98,9.48,236
,315.76,3.68,40.18,0.65,15.99,15.94,34.77,60.97,2.8,500
65.64,91.62,7.07,14.45,1.14,38.87,7.53,35.83,67.07,3.08,187
10.81,21.99,42.59,14.34,0.97,95.46,9.87,28.82,55.04,8.09,128
129.97,241.89,12.04,21.19,0.36,35.11,6.83,5.48,74.08,0.62,356
110.74,163.0,27.85,25.84,1.57,48.22,2.0,37.71,41.55,4.14,327
119.52,198.91,50.53,8.62,0.76,13.28,18.88,23.01,48.55,5.47,389
28.59,51.02,40.61,3.07,0.77,40.51,4.61,18.45,36.74,1.01,150
76.05,156.6,26.44,8.05,1.22,19.65,25.12,19.9,92.96,0.59,238
64.84,87.82,26.81,3.67,3.7,51.56,28.92,27.36,15.79,0.33,243
57.37,105.39,26.38,10.72,1.19,6.97,9.06,31.07,51.5,0.42,211
152.52,296.71,29.97,5.65,0.65,17.05,17.52,29.19,40.78,5.21,453
66.29,144.53,59.26,16.85,0.65,49.91,8.9,26.52,47.24,2.21,289
48.02,97.31,8.64,3.17,0.46,55.09,20.49,37.3,16.64,0.6,165
47.65,73.79,7.49,36.38,1.85,24.72,6.95,26.86,40.83,1.53,203
26.73,51.81,36.69,15.27,0.85,62.28,12.59,25.43,64.34,1.81,133
70.99,141.04,13.61,16.13,0.84,20.0,9.51,29.53,33.37,4.77,229
160.11,313.3,68.02,12.65,0.19,49.23,4.76,23.07,82.6,0.97,500
51.07,104.08,28.68,24.68,0.75,42.37,5.19,15.67,38.52,1.99,214
79.05,167.06,73.49,11.97,1.41,8.82,19.2,27.57,22.37,2.36,362
56.7,78.73,39.99,9.79,0.38,124.26,27.12,30.27,87.08,3.13,191
61.29,85.46,19.05,12.82,0.79,77.15,6.74,25.39,65.17,1.88,234
114.05,230.02,24.38,11.42,0.18,49.82,7.71,29.36,67.75,1.26,380
26.42,40.35,48.04,6.56,0.7,129.95,30.76,25.42,,5.04,179
17.11,23.14,5.59,31.88,1.59,67.82,14.84,23.31,24.86,2.04,107
130.09,216.1,50.08,13.9,1.07,20.16,22.16,23.63,80.24,3.63,392
43.05,87.73,23.12,10.15,1.52,67.1,28.51,22.97,17.0,3.43,208
48.46,68.52,20.42,4.28,1.88,41.53,34.72,15.55,29.47,0.91,194
267.68,509.84,96.77,1.0,0.6,66.95,11.59,30.55,74.22,4.18,500
110.28,143.73,59.65,20.24,1.42,87.24,16.5,18.12,59.0,1.52,401
32.11,44.91,11.64,8.36,1.54,52.28,6.94,43.43,6.03,0.7,129
136.07,219.86,30.55,7.23,0.18,56.49,13.58,13.57,40.92,3.93,363
112.0,154.02,10.18,22.6,0.52,54.06,34.03,23.72,34.43,4.15,343
2.0,5.0,34.67,1.0,2.55,52.81,53.73,41.21,67.1,16.86,74
72.86,151.37,85.21,1.11,0.34,20.15,28.33,25.17,60.55,1.72,299
27.59,54.62,67.57,7.57,1.11,28.06,2.75,21.94,63.47,3.2,195
61.2,92.91,33.61,12.23,0.85,6.99,3.63,17.71,31.91,1.48,195
238.31,422.04,30.87,6.19,2.09,87.22,14.34,27.52,43.11,6.58,500
117.26,171.88,21.74,10.88,1.06,54.56,10.72,19.56,62.75,0.32,327
127.81,198.51,89.32,7.49,2.17,47.87,8.04,26.86,57.35,2.69,472
56.78,100.19,44.76,13.92,0.93,37.76,18.65,34.05,73.98,3.22,237
128.2,251.47,17.19,5.11,1.66,94.66,31.62,23.93,32.48,3.66,420
36.55,50.62,26.67,16.0,1.83,41.16,16.89,32.42,27.45,2.25,138
72.2,113.14,27.68,2.33,0.38,35.13,9.87,25.68,58.85,0.85,225
113.71,242.65,12.28,7.23,1.37,23.09,8.46,37.84,83.45,1.8,369
111.41,187.86,27.81,19.56,0.3,6.83,7.59,33.63,20.95,3.17,332
18.15,38.94,36.66,36.52,1.44,55.73,1.0,37.41,31.72,0.36,139
206.01,451.62,10.58,28.3,1.52,15.17,39.93,29.14,43.42,2.43,500
30.98,54.95,51.52,4.12,1.91,70.37,18.57,37.44,51.47,6.78,190
297.95,464.58,14.19,11.72,2.7,24.88,20.57,23.13,72.93,8.25,500
115.96,233.29,17.38,19.55,0.45,11.12,30.63,25.66,31.85,3.19,362
109.45,157.97,13.84,12.76,0.95,28.61,36.29,30.76,47.73,1.85,320
33.28,50.82,11.64,4.43,0.26,26.0,17.51,18.52,39.69,2.93,105
44.48,89.25,57.79,3.42,1.85,61.94,26.81,24.67,66.15,4.16,244
195.5,330.45,64.88,4.05,4.13,38.39,3.52,29.31,60.81,1.47,500
179.45,265.84,15.28,33.48,0.75,12.9,48.36,23.47,74.88,1.4,491
57.97,109.34,53.46,15.82,0.41,17.63,38.77,38.32,67.9,0.63,216
54.37,106.54,6.24,11.75,0.83,8.16,3.62,31.62,75.8,3.58,177
55.57,78.5,19.58,23.2,1.44,32.01,10.51,30.58,45.72,3.47,211
136.68,211.76,8.19,12.62,0.93,57.79,4.51,22.37,84.45,8.33,362
128.1,192.05,94.15,13.64,0.61,52.27,44.09,33.85,20.59,4.04,452
85.71,140.72,59.05,10.17,0.48,44.26,26.51,16.37,82.09,2.46,303
72.71,144.48,4.79,1.61,0.4,5.58,6.7,29.46,35.75,3.34,186
57.48,111.65,12.36,5.03,0.82,23.74,18.92,34.42,77.35,6.5,199
283.11,536.86,20.04,7.68,0.35,124.14,11.35,27.0,74.86,2.4,500
20.13,26.29,23.52,19.92,0.32,64.28,19.66,17.93,44.99,3.63,106
48.94,69.88,7.52,22.44,0.31,68.02,49.48,29.42,47.39,3.72,178
81.64,122.54,41.95,1.88,0.56,26.07,8.69,15.68,30.9,9.91,245
16.51,25.51,53.34,6.2,1.5,92.77,23.69,16.77,33.84,0.36,95
42.16,60.37,31.87,10.51,0.52,31.7,6.79,37.4,59.23,3.89,152
236.37,394.56,30.23,3.33,0.93,13.33,10.38,33.64,23.96,3.84,500
122.52,167.56,13.88,18.92,0.17,12.79,29.33,14.28,82.74,3.76,312
41.89,82.74,19.2,25.09,2.14,45.58,8.09,19.05,63.87,2.01,154
40.89,82.15,29.12,65.03,0.17,122.94,36.16,32.15,56.19,1.81,223
20.28,36.84,31.48,9.99,1.77,19.88,2.6,34.93,44.59,2.89,103
46.63,64.38,24.83,10.44,1.62,85.42,17.83,28.13,82.4,3.65,203
96.47,202.7,50.05,29.03,1.51,33.39,8.72,23.51,66.94,0.51,365
85.41,185.26,36.4,26.38,5.15,131.69,16.61,30.43,40.22,4.89,356
48.56,71.97,53.88,17.84,3.51,48.71,21.1,35.88,47.41,3.91,218
30.6,59.18,27.06,6.9,0.33,98.27,20.97,23.43,72.84,4.02,155
56.91,117.11,26.93,6.43,0.6,51.78,28.12,34.37,58.27,5.12,220
55.98,99.97,46.85,9.19,1.47,42.16,28.48,21.77,42.98,1.67,216
112.2,178.51,10.6,12.31,0.97,25.84,35.06,20.88,68.46,2.79,340
77.0,133.26,131.47,15.62,1.46,16.8,27.02,31.04,65.99,2.72,366
69.86,123.03,13.84,17.01,1.93,32.28,57.04,33.01,57.4,1.35,245
144.61,240.13,12.57,13.12,1.37,22.07,32.9,30.51,25.54,2.61,404
178.4,381.21,51.78,7.86,1.23,55.07,40.21,25.52,34.84,3.71,500
84.69,166.8,38.16,1.68,2.26,29.82,17.31,29.37,59.7,4.53,310
86.15,130.71,42.38,19.11,1.31,13.84,20.3,26.98,19.16,4.68,278
59.89,109.42,27.58,12.4,1.06,45.71,22.92,28.09,43.11,5.92,197
32.91,63.19,11.11,11.49,1.93,5.2,32.3,32.94,50.25,1.04,142
118.21,168.59,75.19,9.25,0.27,34.23,57.07,20.35,57.86,1.48,368
103.31,167.62,50.27,51.19,1.73,92.5,9.73,32.64,44.35,2.41,397
63.55,134.4,15.45,30.19,0.83,21.76,21.08,37.52,48.97,4.76,253
77.17,139.71,47.23,19.96,0.97,23.98,22.0,21.24,27.84,9.68,299
138.38,206.91,16.57,16.33,2.04,30.16,6.24,35.99,51.77,0.73,391
153.69,216.77,18.6,12.95,0.25,79.35,23.18,28.45,60.98,1.55,420
4.95,8.74,19.82,4.91,0.28,55.95,1.0,31.34,40.1,2.71,57
39.7,71.18,14.31,8.28,1.89,12.4,5.98,17.8,47.09,1.94,146
,101.5,27.19,27.74,0.8,45.12,35.54,31.56,64.15,2.12,264
26.68,49.82,50.55,12.05,1.65,94.82,2.68,11.92,61.94,7.76,178
78.61,107.06,35.36,30.72,0.37,83.99,16.22,18.74,38.64,1.12,265
41.4,59.23,42.12,13.01,0.63,25.89,2.71,16.57,65.1,5.67,128
80.49,144.2,30.81,19.28,1.67,21.29,5.47,19.84,50.31,1.92,255
42.41,57.49,3.39,12.57,0.58,89.44,20.92,23.14,64.31,0.33,142
43.85,91.77,107.58,54.26,1.78,41.47,12.32,27.12,12.41,4.95,304
80.06,114.31,56.78,10.04,1.08,12.74,26.03,13.05,66.21,8.3,253
121.65,231.93,32.01,9.1,0.24,50.85,5.81,29.93,63.86,1.08,364
99.28,164.02,9.85,8.89,0.27,102.31,25.46,24.73,59.55,0.8,316
63.79,105.88,40.96,7.2,1.58,64.44,26.36,33.08,47.76,0.91,221
11.84,23.54,25.6,27.48,1.69,45.05,6.37,30.96,65.14,0.55,114
43.02,75.26,29.61,81.35,0.62,48.76,23.99,33.19,61.8,4.89,214
39.37,76.89,49.8,13.96,0.72,96.11,8.77,26.6,45.13,0.47,195
107.56,188.73,34.19,19.99,0.93,67.8,7.65,30.27,62.07,2.81,369
73.16,134.16,64.56,9.58,1.63,11.68,18.54,27.92,41.75,0.81,281
75.11,149.06,17.98,41.37,0.74,13.16,14.14,29.84,20.56,2.41,259
34.19,63.14,5.9,17.28,0.5,80.32,21.42,25.56,44.06,1.6,160
157.7,292.38,24.75,9.37,0.58,13.91,21.84,10.23,64.57,2.15,471
74.75,150.26,18.44,26.58,0.64,46.51,27.59,30.96,53.12,2.0,277
,70.01,37.11,12.73,1.76,150.04,18.0,29.37,57.65,4.29,199
34.48,56.51,12.55,1.68,0.4,19.91,16.96,31.31,25.35,1.93,60
82.55,150.19,18.0,4.37,0.42,54.03,27.91,26.08,54.06,1.29,285
31.47,43.36,38.17,3.34,0.61,48.6,11.5,37.91,56.32,3.64,169
39.78,64.56,21.15,29.4,1.06,65.24,18.34,26.13,68.83,2.25,147
25.55,42.7,52.48,6.76,2.2,125.78,18.31,26.17,76.09,2.79,220
106.97,219.47,12.77,3.69,1.83,23.28,18.8,28.2,58.39,1.71,348
32.1,56.57,9.21,16.85,0.96,60.24,55.06,31.34,66.17,1.96,118
174.63,341.92,41.33,15.63,2.48,16.44,14.53,19.86,25.04,3.34,500
89.8,118.27,7.84,26.99,0.93,45.57,1.0,34.63,64.29,8.19,251
25.46,43.75,4.14,32.43,2.16,120.82,18.51,30.07,59.21,4.6,152
98.66,208.3,9.05,10.15,2.49,21.6,10.33,39.12,67.67,4.61,334
157.88,237.12,55.28,37.68,1.52,108.82,17.84,29.22,42.26,0.39,500
61.78,82.07,15.82,28.45,0.75,25.13,36.72,28.21,59.74,0.97,190
169.89,287.12,18.84,1.62,0.18,69.07,18.49,18.16,29.36,0.34,500
90.97,175.93,43.51,19.1,3.38,2.0,9.38,26.43,42.25,0.52,345
41.44,70.81,49.85,5.93,1.16,43.33,5.67,19.14,36.12,1.01,171
238.73,409.17,44.26,5.35,0.84,4.14,26.13,13.1,15.53,0.43,500
19.75,37.59,41.25,36.22,1.64,23.45,27.22,13.97,61.94,4.6,137
51.12,78.17,14.94,27.39,0.72,69.45,59.19,21.88,46.57,2.24,208
63.79,126.1,27.9,29.61,1.84,29.49,32.29,24.03,64.35,4.58,276
213.51,306.98,7.77,12.23,0.63,24.44,12.37,25.45,47.07,2.92,500
108.64,179.93,19.73,2.36,2.85,38.4,4.54,31.32,41.66,3.87,363
96.63,182.66,5.14,2.57,2.6,22.81,26.68,16.24,44.73,4.82,334
36.48,74.63,52.52,5.08,1.02,42.09,13.09,14.3,65.71,3.75,179
60.07,120.88,18.85,28.97,0.6,75.4,36.68,25.19,71.38,0.5,272
42.22,82.3,27.26,8.87,2.59,36.11,29.53,24.77,37.86,2.35,170
94.43,153.28,16.74,35.86,1.52,39.13,13.19,26.99,59.39,0.69,318
141.88,200.06,57.1,6.94,0.58,56.02,12.91,24.74,82.81,0.45,419
273.3,408.62,7.2,42.16,0.7,109.85,12.97,16.9,59.17,5.5,500
46.03,95.66,9.86,25.4,0.31,59.38,18.43,28.91,50.56,3.41,186
19.23,39.83,26.81,5.56,1.26,46.12,43.65,39.23,69.06,2.14,140
51.78,111.66,27.89,13.38,0.87,48.93,10.59,22.07,57.67,4.41,208
129.37,177.03,52.91,27.12,1.26,3.63,7.31,21.77,46.08,14.3,411
32.89,58.65,31.08,14.09,0.18,,17.38,17.52,47.6,0.84,147
65.48,123.35,27.72,8.98,0.65,13.5,18.77,32.35,41.97,5.12,212
97.47,189.05,13.76,8.61,0.42,173.39,12.73,38.28,43.47,2.08,349
46.76,87.89,57.32,6.9,1.43,135.83,8.91,34.74,65.36,2.09,235
77.05,153.57,22.27,6.64,0.6,16.42,25.24,27.13,77.15,1.62,229
30.26,49.13,14.54,11.02,2.86,15.02,42.8,27.33,53.64,1.82,140
148.34,216.8,12.84,4.72,1.04,49.39,13.9,21.59,71.84,2.82,426
54.79,81.31,27.44,8.24,1.9,17.55,19.03,19.53,64.58,6.46,196
75.48,98.93,6.82,20.38,0.51,26.94,13.54,33.66,49.52,4.61,223
12.38,19.99,7.35,5.42,0.97,49.89,43.26,26.91,33.55,4.78,91
26.75,36.98,7.33,4.07,0.68,35.51,15.82,14.05,62.91,0.69,69
126.54,201.11,79.0,3.95,3.61,34.56,39.45,20.83,69.24,1.69,457
46.25,86.28,66.48,8.78,0.27,14.12,14.86,14.11,22.29,2.59,188
31.58,66.48,11.86,4.45,1.69,13.34,8.69,20.15,44.54,5.25,129
17.78,36.55,31.65,10.57,0.59,23.5,11.15,37.29,55.42,5.43,111
146.52,223.8,42.28,16.64,0.48,48.05,35.95,32.22,69.88,0.88,422
105.5,149.88,34.81,6.53,1.06,30.64,22.22,27.07,75.48,1.07,324
100.87,148.66,9.01,2.58,0.71,32.02,12.21,30.95,49.67,1.18,259
184.78,401.68,13.44,34.85,1.51,20.19,9.86,31.56,27.39,3.22,500
51.16,91.81,31.27,10.24,0.41,38.2,12.73,26.31,18.62,2.12,173
19.45,28.48,7.1,11.93,1.41,18.74,17.19,34.56,100.0,4.06,106
68.28,140.44,54.73,21.26,0.29,24.54,24.46,23.1,57.69,4.85,255
207.52,343.58,8.77,3.94,3.03,60.15,17.04,27.93,53.23,2.48,500
69.3,146.17,28.86,6.92,1.43,66.17,22.07,27.67,38.93,0.1,283
139.47,214.03,46.73,12.01,0.18,8.88,24.48,27.22,74.35,1.62,372
20.16,33.34,50.66,16.33,1.78,31.39,28.97,35.23,37.76,6.01,177
35.88,62.94,51.18,11.04,0.41,46.63,11.79,28.93,75.93,5.17,196
121.59,255.75,13.95,13.2,0.89,68.61,24.26,21.58,76.47,1.81,438
74.39,154.87,15.41,11.07,0.73,116.74,46.3,33.06,58.87,1.55,272
60.95,110.73,33.31,10.31,1.71,21.51,15.46,38.67,66.93,1.52,219
138.22,207.27,41.26,1.0,1.02,74.58,29.58,31.67,37.84,4.51,386
120.52,200.42,39.93,17.77,0.67,32.68,3.95,33.91,55.1,3.8,361
75.82,165.14,43.35,2.72,0.61,13.63,47.52,15.92,27.27,5.54,257
5.04,9.3,36.48,40.64,1.91,16.17,12.54,28.9,44.07,4.34,115
66.21,132.62,31.9,7.99,1.76,45.09,19.65,24.66,20.01,1.79,288
89.06,151.83,14.99,9.4,0.1,11.38,24.58,19.15,15.21,2.07,226
12.73,22.65,32.58,13.49,0.48,14.93,13.91,19.4,38.76,8.15,109
86.99,146.67,73.29,29.83,4.44,97.28,13.71,33.1,32.09,2.48,383
,275.07,20.28,12.59,1.36,26.97,24.93,31.92,55.26,3.49,438
66.12,136.62,18.76,2.15,1.69,67.48,8.97,20.81,62.32,1.43,256
28.59,50.22,38.86,10.65,0.78,27.99,36.82,35.5,63.24,7.78,166
5.94,10.29,8.76,4.62,2.11,16.47,14.64,28.19,48.54,5.25,75
88.19,141.65,28.61,4.78,0.99,33.04,20.45,32.26,79.54,2.44,282
14.47,21.11,53.17,5.09,0.66,17.97,24.92,17.33,62.71,1.42,104
100.31,215.2,28.79,16.39,1.1,98.82,47.51,18.14,52.63,1.99,396
201.15,318.72,28.66,17.42,1.43,,6.34,17.78,74.16,1.97,500
37.26,75.3,3.05,20.39,3.7,109.83,12.35,34.63,58.34,0.98,191
55.82,108.51,20.66,7.03,1.42,61.27,16.45,23.61,61.17,1.55,212
208.51,419.48,11.05,12.97,0.41,19.64,18.83,32.11,21.73,0.97,500
72.05,154.4,8.14,18.5,0.7,44.37,52.94,46.01,41.65,3.21,254
46.61,86.75,23.63,36.57,0.25,89.33,14.72,15.99,60.8,1.49,227
129.36,272.72,41.2,2.36,1.52,43.76,34.12,27.09,51.98,10.46,435
48.63,70.56,22.29,13.09,0.48,38.05,66.78,22.05,74.89,0.39,169
35.25,65.7,47.68,4.44,0.3,8.55,21.65,34.28,66.76,1.57,166
99.27,198.04,40.7,15.93,0.51,22.35,24.39,25.54,66.67,1.58,348
136.24,210.42,15.75,3.01,0.99,12.02,25.3,34.67,34.85,0.84,380
35.04,68.9,17.57,13.39,0.45,67.8,11.98,27.48,85.42,0.94,163
76.36,152.77,4.2,7.31,0.77,67.45,10.4,16.94,81.9,6.47,248
57.68,118.13,90.19,2.16,4.45,72.96,6.14,24.24,60.4,0.75,318
64.76,102.43,11.83,8.02,1.29,66.53,27.2,30.6,38.24,3.73,210
28.84,55.18,29.42,10.44,0.32,5.37,16.26,26.98,25.72,3.3,82
104.44,164.37,23.11,31.9,2.25,18.37,15.75,20.17,42.98,3.23,317
174.17,342.26,70.7,12.55,1.6,74.84,9.21,27.98,44.2,2.08,500
34.37,59.0,32.44,7.44,2.21,49.07,15.54,13.21,71.24,4.47,179
104.38,191.83,25.55,4.62,0.73,12.35,48.33,11.68,78.4,3.71,322
127.4,213.3,59.99,31.8,1.76,86.3,12.38,33.38,32.96,0.76,453
75.96,109.83,29.43,9.38,0.74,65.81,2.48,35.11,44.9,1.53,225
101.41,148.08,12.88,26.25,0.51,51.11,7.36,37.78,61.35,4.3,321
37.77,51.73,37.42,9.29,1.58,43.92,22.54,36.2,53.08,2.4,194
167.89,311.65,7.79,8.6,1.13,22.95,11.2,22.38,76.38,2.25,466
136.92,282.58,11.3,10.27,0.9,54.84,29.96,30.67,32.37,5.11,434
147.21,194.13,18.27,20.93,0.45,65.55,31.32,27.28,76.26,0.74,393
24.68,33.56,9.18,9.17,1.31,42.33,3.29,29.92,43.55,3.79,111
92.84,158.91,19.96,15.16,1.42,46.61,34.98,31.08,91.51,1.55,320
40.08,78.71,2.0,42.2,1.19,23.38,40.07,38.46,71.69,2.11,164
177.18,255.48,28.88,6.38,0.48,16.49,2.6,28.62,71.49,2.88,474
34.98,54.03,35.96,9.57,0.18,65.06,6.55,33.96,28.51,1.07,135
78.15,117.91,16.33,24.28,0.81,42.26,4.1,27.36,19.79,0.57,269
9.15,15.18,5.36,21.47,0.42,56.73,33.73,20.33,39.13,2.99,88
77.87,116.99,25.03,9.86,5.15,57.73,11.53,24.91,38.55,0.88,276
24.95,40.35,40.63,27.14,0.62,49.33,17.7,25.35,48.59,1.3,148
96.11,187.97,7.12,8.74,1.73,18.31,45.79,18.08,31.15,4.95,326
58.97,109.08,130.85,13.81,0.15,27.29,7.75,17.64,73.92,4.46,292
49.75,68.31,29.58,20.63,1.51,106.84,45.68,33.4,59.41,2.06,226
180.06,337.43,41.98,40.62,1.59,52.55,18.84,30.58,12.01,3.26,500
249.27,431.08,110.6,33.02,1.29,33.05,20.98,30.48,45.35,3.29,500
18.66,39.96,34.3,9.36,1.73,61.05,45.59,34.53,62.77,1.27,158
51.0,79.58,12.51,23.35,0.92,43.42,7.77,32.53,46.12,2.73,177
115.66,225.96,14.91,27.96,0.9,12.4,11.69,37.39,31.78,3.54,363
85.53,167.44,51.35,4.99,1.32,51.04,21.54,23.69,33.45,1.6,327
111.44,167.09,45.48,17.4,0.96,71.37,52.32,34.07,56.29,1.18,354
62.16,131.34,51.98,6.83,0.74,63.7,24.14,22.02,27.11,0.78,246
140.65,245.01,39.02,15.52,0.33,41.26,12.01,22.7,51.93,1.48,425
75.77,144.79,35.11,26.25,1.64,59.15,20.78,17.16,42.25,4.64,318
89.05,127.45,42.97,1.32,1.81,33.86,4.78,30.88,63.28,2.91,270
24.97,38.26,33.66,35.33,0.53,23.89,9.05,32.86,63.05,1.19,140
70.36,128.58,10.18,34.06,1.41,70.56,2.79,25.19,93.32,5.2,250
116.5,184.9,14.96,23.96,0.81,81.58,20.93,20.15,47.92,3.13,347
82.26,143.93,47.24,7.89,1.05,10.08,14.1,36.24,75.88,12.81,264
72.62,118.85,111.95,31.7,0.56,53.99,25.92,28.0,67.17,2.25,345
92.91,174.35,53.44,20.94,0.58,117.23,22.48,25.96,33.63,3.97,362
75.46,131.19,75.0,41.07,2.37,43.13,4.62,33.88,89.53,4.86,314
63.69,83.07,6.57,9.8,0.35,48.47,12.81,41.07,57.75,2.87,184
118.92,224.13,55.79,2.64,2.41,10.22,58.73,28.43,86.72,0.58,396
60.49,101.62,44.29,11.9,1.28,45.97,15.28,31.15,32.46,1.87,267
23.58,37.91,32.17,16.46,0.55,3.84,6.85,33.52,74.18,2.8,91
174.86,242.14,17.5,15.14,2.29,11.67,5.4,20.06,20.21,4.68,466
41.07,61.53,36.13,6.52,0.11,30.61,24.68,12.11,5.73,2.11,141
17.77,26.68,48.95,11.11,1.32,22.03,12.32,29.73,97.16,0.67,126
100.85,216.0,26.75,10.72,0.66,47.68,23.3,30.11,74.13,2.37,364
189.28,319.74,14.27,12.11,0.27,26.61,4.84,27.72,82.63,1.52,500
102.48,137.1,67.42,22.54,0.83,39.59,14.26,31.03,49.08,1.37,326
159.03,226.61,20.92,1.07,1.57,69.23,17.25,32.27,42.21,5.81,456
31.81,43.62,33.01,13.22,0.31,13.98,30.71,24.36,68.07,1.76,130
23.89,43.71,3.48,14.73,2.61,132.52,22.99,27.63,33.02,4.72,158
50.86,74.65,13.2,3.67,2.55,14.03,11.91,17.38,32.96,4.01,147
133.91,234.17,56.61,18.64,3.71,34.63,21.7,33.93,43.22,0.39,487
96.35,157.34,53.64,14.88,0.46,37.77,25.16,31.72,73.71,1.18,352
101.24,204.86,35.87,31.3,1.79,59.98,5.57,20.05,33.57,2.82,361
72.59,115.31,4.17,4.97,0.51,46.11,17.76,23.53,75.09,2.78,208
51.62,88.4,14.86,3.47,0.84,14.07,14.4,26.63,63.72,0.58,171
74.95,146.09,88.5,38.72,2.91,37.45,36.33,27.96,64.15,4.53,369
58.94,99.61,27.25,7.61,0.56,86.56,16.33,22.04,22.12,2.53,206
48.9,98.47,47.61,26.6,2.02,74.28,21.62,29.29,41.7,5.54,253
87.15,165.19,14.44,11.94,0.23,31.77,8.9,35.02,50.58,0.69,276
54.8,91.49,26.38,12.57,2.03,25.7,6.38,19.16,61.61,2.28,210
80.36,140.92,14.6,7.25,1.98,51.66,31.8,12.83,42.16,2.17,264
10.36,22.48,19.38,10.29,0.24,61.14,35.46,33.07,87.36,3.07,122
75.75,143.58,12.53,3.8,0.68,17.78,19.61,25.47,49.48,0.14,212
54.55,115.34,22.32,4.92,2.2,54.91,11.61,24.49,61.92,3.2,218
164.57,240.42,23.2,15.24,0.87,83.73,24.58,19.63,55.95,3.89,470
16.99,29.48,43.65,16.35,0.12,55.66,18.38,32.48,69.19,5.12,97
71.81,152.07,5.2,15.7,0.87,39.97,41.76,15.22,,2.49,259
117.44,186.77,8.49,25.32,2.49,63.65,12.78,28.23,29.87,1.04,376
60.7,131.77,26.66,19.96,0.45,18.12,2.92,40.61,47.51,6.38,245
53.15,73.74,9.53,3.77,0.45,17.14,14.48,30.48,36.84,4.43,139
117.17,247.51,10.58,2.19,2.13,44.51,7.63,35.37,12.8,1.57,386
94.74,161.13,73.72,21.23,0.77,52.56,22.14,33.55,78.21,3.49,352
99.63,136.14,41.68,3.86,2.24,63.83,41.0,31.47,86.05,3.99,325
48.97,102.43,22.4,14.36,2.84,43.15,7.27,19.01,50.18,3.5,240
44.32,67.67,13.86,5.78,0.35,24.67,1.79,34.93,50.95,5.54,129
80.43,106.17,77.59,6.51,0.84,25.35,4.02,13.08,40.87,2.09,300
123.66,175.88,7.02,11.53,1.31,44.05,9.71,27.47,55.6,0.9,330
20.91,39.58,51.55,5.55,0.69,53.84,11.78,19.39,84.57,3.48,161
62.3,135.83,80.82,12.38,1.73,7.5,31.24,24.45,85.34,5.17,281
45.9,64.27,26.81,19.59,1.02,26.5,19.08,15.61,57.57,2.84,152
67.87,116.46,34.46,13.5,0.28,15.88,12.33,27.15,21.24,0.8,258
110.17,161.13,35.96,8.76,0.32,32.12,14.64,20.78,76.38,2.51,329
34.43,67.85,43.22,4.91,0.16,5.44,15.83,26.94,41.08,2.68,159
102.05,143.51,31.39,8.22,0.89,57.0,11.36,23.34,46.44,1.99,291
50.25,76.18,33.96,18.62,0.18,52.91,8.94,27.6,63.67,3.23,182
136.59,201.71,13.49,22.17,1.12,24.65,11.52,14.72,41.09,1.42,370
36.12,64.92,3.97,6.34,0.38,91.53,9.24,13.38,63.53,3.56,136
122.54,255.59,49.28,24.44,1.74,4.98,33.41,30.09,51.05,0.46,414
23.02,40.51,8.84,14.29,0.69,3.8,35.13,21.55,40.5,3.87,92
76.71,103.74,70.05,15.69,1.16,12.27,20.29,25.63,61.77,3.9,263
103.5,187.03,23.49,16.95,0.67,40.13,5.23,34.27,42.56,2.64,345
36.92,74.49,94.33,7.86,0.65,38.97,11.31,18.01,54.42,2.15,185
47.09,66.81,33.71,33.33,1.22,25.78,12.92,28.78,28.13,1.09,205
68.4,93.4,18.38,37.55,0.11,44.08,30.02,36.55,82.17,3.38,223
53.01,77.87,41.06,4.35,1.23,41.23,12.35,38.27,25.19,5.27,217
43.7,86.16,86.9,2.98,2.83,31.3,38.19,20.22,52.21,0.67,266
118.35,216.87,28.18,14.97,2.4,34.51,15.74,28.59,69.79,0.99,409
145.69,260.29,27.15,5.66,0.94,33.09,28.35,29.61,77.3,0.38,437
140.18,213.7,25.4,19.05,1.48,24.06,10.14,20.99,53.69,2.8,438
92.08,147.23,18.1,15.19,1.94,54.08,12.54,28.36,44.8,1.68,257
100.65,218.34,31.6,8.24,0.93,19.62,7.2,21.9,58.03,0.41,337
32.03,48.57,35.14,2.84,0.75,61.02,11.41,14.1,25.01,3.06,167
63.92,134.97,93.24,13.38,1.21,51.04,14.96,26.33,9.23,8.15,289
72.48,132.09,18.4,1.65,0.5,2.74,15.38,31.04,55.15,1.07,220
82.46,116.35,76.26,21.94,1.33,125.45,16.86,24.21,59.9,3.79,294
81.47,140.17,36.72,4.62,0.7,20.1,3.52,40.53,56.32,7.11,229
68.53,147.59,41.34,13.24,2.49,55.83,6.72,19.98,59.54,2.86,272
91.35,153.17,16.25,4.47,0.49,39.84,20.69,30.13,83.68,1.37,288
78.98,164.04,23.79,10.94,1.04,101.71,19.02,13.79,,1.69,299
78.85,120.7,20.4,2.8,2.34,5.55,19.11,22.79,64.04,3.55,234
38.95,70.65,44.24,38.1,0.1,58.01,6.75,34.71,45.81,1.71,181
26.06,53.68,11.56,13.36,0.67,78.59,12.71,18.81,30.92,2.17,150
82.75,176.13,11.0,3.11,3.18,81.25,22.35,12.24,71.12,1.69,313
48.68,84.58,2.98,5.68,4.88,26.6,16.77,15.66,10.66,1.59,211
40.43,75.83,41.49,6.05,1.16,32.75,3.76,32.73,18.35,1.16,205
105.28,137.14,8.65,19.2,1.29,83.62,23.28,39.87,88.73,2.09,274
64.42,98.43,26.16,15.93,0.27,153.05,6.31,12.4,66.17,0.75,223
159.49,247.35,7.34,6.29,2.3,66.5,10.79,32.62,60.97,1.13,451
97.93,135.56,26.73,7.45,2.29,42.65,12.66,22.91,92.45,1.56,337
37.03,57.46,25.5,9.51,0.25,22.17,21.0,32.84,67.8,1.68,130
106.14,168.66,16.94,5.85,1.37,71.5,27.31,23.08,37.63,8.09,329
88.43,192.07,35.32,5.72,0.88,84.48,7.73,34.21,42.11,2.94,322
35.9,68.28,16.1,12.88,2.25,44.99,14.5,25.21,,3.09,175
44.24,74.48,48.46,21.1,1.74,79.35,31.03,16.78,51.95,5.21,227
102.84,225.13,56.63,8.94,0.67,23.43,38.75,20.87,53.65,4.83,382
13.68,19.66,58.97,7.46,0.45,29.81,48.68,21.54,26.91,0.88,99
8.75,15.12,26.5,13.17,0.74,60.49,21.59,19.74,42.4,0.91,100
75.79,142.66,40.07,1.45,1.54,75.89,4.91,31.41,54.2,0.73,273
71.88,97.04,26.43,16.34,1.65,17.03,30.9,21.69,80.37,5.5,234
80.53,156.66,36.79,31.4,0.12,89.51,12.01,26.65,87.03,3.92,298
,100.11,27.48,12.01,0.48,57.19,16.1,28.66,63.58,4.3,249
90.57,129.17,29.63,7.84,0.1,31.31,3.88,35.16,67.95,0.86,239
146.98,212.2,72.36,8.47,3.11,34.34,9.85,17.11,48.27,1.59,472
67.49,144.15,4.24,5.18,1.69,41.42,19.39,22.86,37.43,3.79,240
19.36,37.07,30.6,11.23,0.23,39.11,7.13,26.36,50.28,1.72,120
,22.7,30.44,26.87,0.9,63.77,19.48,34.77,67.69,1.34,115
51.98,93.57,15.66,12.83,0.61,44.23,9.68,22.97,31.54,0.84,172
53.01,82.88,39.26,12.01,1.78,68.14,21.26,26.26,33.28,5.06,221
22.53,41.88,25.41,14.31,1.01,19.36,2.39,25.69,71.03,1.52,90
6.95,11.6,17.3,11.33,0.42,55.2,67.24,25.05,16.44,1.91,85
49.14,70.31,29.39,8.06,0.96,171.34,6.79,40.88,27.98,2.91,254
188.66,362.35,75.17,34.51,0.72,41.05,11.26,36.3,,1.44,500
88.07,124.76,114.9,20.74,1.74,,20.88,32.16,100.0,1.99,358
82.91,122.01,22.27,6.47,2.28,32.3,44.08,34.58,42.43,0.83,259
59.38,120.9,20.42,16.18,0.88,12.6,22.16,28.36,60.42,1.71,210
51.92,98.34,25.23,6.28,0.35,23.36,20.04,21.07,51.3,1.89,158
94.15,175.86,5.96,6.22,0.66,59.57,41.69,31.75,53.26,3.71,307
25.0,41.9,23.18,1.43,1.9,55.55,24.59,14.6,12.27,2.47,148
220.1,364.63,4.08,7.84,0.97,62.6,41.17,36.5,83.59,3.31,500
26.69,51.28,13.16,7.46,2.08,34.21,37.22,21.02,37.67,0.28,174
99.9,196.41,36.96,12.37,0.36,10.62,13.93,17.94,28.49,0.31,321
28.88,50.8,11.48,17.27,1.07,6.04,16.31,21.14,100.0,2.39,125
73.3,159.23,32.2,19.8,0.56,109.8,20.34,31.78,46.62,1.6,282
107.1,231.35,20.58,14.61,0.6,72.62,9.12,36.23,82.74,2.41,365
15.94,26.64,15.85,12.28,1.25,33.94,8.1,37.24,31.85,1.82,86
31.65,64.52,50.2,23.23,0.83,29.71,17.22,27.22,74.31,3.5,173
33.43,59.81,28.19,10.14,1.02,54.41,22.28,14.87,72.55,3.09,142
55.24,97.25,35.66,1.5,2.1,38.71,18.23,29.16,50.86,1.55,239
79.77,107.65,20.43,7.46,0.55,27.89,15.67,29.68,59.12,1.94,207
191.1,347.14,45.46,10.54,0.41,45.02,8.54,39.3,37.97,3.33,500
43.94,92.73,9.4,8.08,0.4,19.07,5.9,33.34,75.56,3.09,152
183.41,367.21,58.31,1.57,1.19,84.06,20.59,17.13,53.08,3.38,500
85.97,172.61,2.03,20.96,0.43,72.89,5.4,16.37,25.26,3.85,274
25.9,37.4,2.49,6.3,1.47,31.94,4.16,33.92,66.84,0.84,84
59.59,96.68,17.05,7.54,0.72,67.86,68.47,17.71,57.45,1.62,199
19.68,29.71,20.26,13.46,0.41,21.35,38.86,38.18,58.35,6.91,97
52.01,82.4,19.69,14.63,0.64,40.85,8.27,33.48,22.32,3.99,211
49.33,89.87,11.54,4.79,0.23,125.08,21.76,22.88,94.02,3.16,160
74.16,120.75,78.19,3.93,1.88,126.68,20.61,26.61,53.49,2.77,334
100.13,180.69,24.36,2.06,1.17,38.72,8.44,16.5,56.31,3.08,307
63.03,106.81,59.1,19.24,1.43,44.56,2.24,26.15,54.22,6.91,286
28.55,44.47,4.54,14.29,2.23,15.58,14.16,22.0,75.4,0.88,89
159.06,220.44,12.07,9.14,1.68,127.89,19.51,27.44,79.1,4.41,457
198.91,418.24,9.44,1.98,1.84,11.75,16.45,23.05,62.52,0.28,500
58.63,76.81,3.62,11.0,2.75,19.97,22.89,29.09,86.75,2.87,158
83.39,108.54,30.01,39.55,1.68,30.84,19.22,34.28,63.14,3.9,317
56.27,115.02,16.57,9.45,0.26,25.48,23.42,17.45,49.49,0.77,204
74.58,163.85,7.2,10.24,1.61,49.19,39.97,19.42,42.74,1.68,279
77.37,151.21,13.09,9.61,1.51,24.31,16.24,37.79,59.56,1.88,275
22.85,30.03,40.55,4.27,0.58,32.36,14.06,34.82,5.0,7.13,92
52.74,79.33,66.53,1.0,0.46,75.35,14.73,14.85,51.67,1.99,237
129.56,281.75,17.05,18.97,0.82,30.2,35.92,21.38,49.99,1.61,412
122.32,248.04,14.46,6.99,1.26,41.83,9.25,47.9,39.89,4.49,353
52.02,94.16,17.99,2.98,1.27,104.54,28.31,34.76,54.34,0.86,229
78.4,118.63,13.77,10.22,1.93,62.22,17.52,24.31,63.63,3.7,212
55.01,72.22,14.6,23.67,1.17,60.02,25.65,27.03,66.55,7.78,203
102.7,135.44,71.05,6.12,1.19,21.97,3.01,19.04,57.31,1.01,334
15.8,29.24,41.98,2.26,2.19,19.79,13.0,33.8,56.23,0.83,157
94.32,124.47,46.68,37.26,1.92,57.25,13.6,28.28,88.22,6.4,308
165.89,364.0,11.36,10.89,1.55,48.19,1.0,20.11,86.21,5.27,500
38.61,56.57,40.25,19.1,1.23,18.91,7.33,20.38,45.63,3.65,163
151.69,294.22,21.25,23.52,0.99,22.22,39.32,22.75,77.78,1.06,477
81.14,116.81,9.97,2.74,0.61,13.33,8.51,32.9,38.79,2.31,232
62.91,112.37,102.36,5.66,0.43,53.36,33.64,27.23,55.54,3.15,287
51.71,70.98,34.41,11.8,1.11,29.05,51.23,22.3,39.26,1.61,203
155.11,308.68,69.77,8.26,0.28,25.02,8.31,22.73,66.45,10.23,500
55.14,100.71,53.93,5.39,0.15,113.19,3.97,30.19,39.43,0.8,252
181.83,250.48,4.17,16.01,1.27,2.53,1.02,22.14,56.3,4.25,462
168.71,348.17,11.64,15.34,0.7,70.11,22.97,35.76,58.92,3.67,500
46.28,82.95,40.16,14.77,0.39,11.07,41.98,19.77,39.71,1.58,227
58.21,123.96,19.59,12.88,2.08,73.43,7.76,22.39,65.22,2.79,227
11.33,24.07,34.85,15.35,1.11,16.39,65.15,24.89,84.68,3.5,93
64.41,137.1,52.81,22.45,2.63,21.12,40.04,30.79,60.31,5.15,287
70.31,96.33,3.97,7.33,1.26,16.04,19.0,33.34,64.32,2.52,193
138.55,195.2,32.91,30.93,0.27,83.21,20.38,19.74,86.24,1.32,462
174.53,382.04,16.46,7.46,0.23,10.78,50.54,27.82,43.28,0.56,500
109.19,189.87,43.35,12.04,0.66,31.11,9.18,31.06,70.23,1.87,337
131.28,198.81,59.06,10.08,0.48,105.66,3.49,28.19,61.29,1.31,423
58.18,115.93,24.31,3.97,1.18,6.43,34.47,30.32,63.33,5.64,232
24.19,37.2,21.95,38.49,1.65,11.32,7.11,31.4,60.21,3.63,105
81.04,158.39,34.37,13.57,1.41,83.06,9.86,21.55,50.06,1.03,322
137.05,281.44,42.82,12.79,1.37,50.88,22.29,19.69,49.18,3.19,476
3.73,7.48,89.53,18.0,2.79,41.02,28.78,19.21,68.6,2.2,163
72.71,112.46,86.13,29.7,0.13,30.82,24.05,22.75,83.02,2.82,278
13.09,21.74,54.9,10.94,2.53,87.6,52.03,32.45,56.05,2.86,149
36.12,60.39,69.18,7.08,1.05,33.49,14.86,30.04,68.5,1.69,181
74.77,130.27,23.98,8.72,1.23,36.12,19.53,19.41,66.85,2.12,257
176.34,255.81,18.7,29.85,1.09,58.54,7.98,15.71,69.21,3.96,500
67.62,115.44,4.93,25.51,1.17,66.2,30.73,20.4,42.07,6.52,228
104.5,183.89,14.64,39.75,2.9,27.78,44.74,27.68,54.22,1.09,341
80.49,143.16,40.42,5.62,2.3,28.17,4.04,19.29,35.99,0.78,272
37.93,77.3,14.35,10.79,2.83,102.17,17.25,39.54,53.59,0.89,191
91.63,161.78,27.83,9.93,1.7,49.12,18.53,31.67,41.61,1.97,319
23.6,35.58,36.38,59.36,0.36,6.94,1.0,24.11,57.45,0.66,118
66.93,126.94,44.12,24.89,1.0,21.93,16.34,36.55,22.31,3.82,236
153.23,309.15,99.05,10.94,1.59,54.24,9.34,21.86,41.42,3.24,500
76.25,121.05,27.47,28.63,0.86,24.7,31.02,27.46,45.83,2.04,261
80.52,151.43,42.13,10.14,4.67,3.58,6.32,19.75,61.54,7.88,320
51.95,74.4,20.12,3.76,1.56,32.43,25.56,25.37,29.75,0.54,174
16.95,27.26,10.02,14.36,0.71,9.86,22.99,26.5,58.25,1.03,77
56.52,119.72,15.99,7.05,1.8,36.65,20.13,24.81,48.12,3.09,190
118.28,250.78,22.98,4.46,0.5,51.5,15.14,18.35,57.31,2.98,372
87.68,159.39,36.29,4.99,1.27,30.95,50.29,23.67,59.32,9.29,299
24.86,48.03,87.22,26.59,1.51,60.99,28.64,21.25,68.81,1.18,236
12.38,25.61,25.73,56.84,2.82,72.07,10.17,26.52,73.12,1.97,170
37.57,81.26,17.49,7.24,2.72,142.56,19.92,26.88,38.89,2.03,218
56.94,99.13,17.39,22.61,1.6,38.19,24.31,26.94,66.41,3.38,188
59.99,108.31,32.63,14.43,0.25,14.79,23.28,20.17,30.89,2.05,215
60.57,101.4,32.02,2.61,0.91,156.19,19.6,33.15,60.26,3.69,241
67.15,91.64,30.24,44.7,0.85,31.09,5.89,33.79,58.94,3.36,190
89.68,150.7,23.86,33.96,0.61,32.52,36.5,37.24,57.66,2.78,312
49.31,99.18,45.65,12.34,0.64,57.85,15.01,22.26,37.77,2.7,224
31.15,63.07,3.58,13.47,1.86,41.81,12.36,31.43,53.83,2.8,121
96.77,203.52,40.0,21.43,2.25,11.99,75.44,16.68,43.66,3.78,374
120.15,161.77,18.73,84.42,1.38,95.87,31.97,26.32,49.11,1.13,407
,77.13,35.12,16.97,1.11,28.44,11.74,29.44,89.76,1.46,170
221.05,308.74,39.25,23.8,3.26,24.39,11.81,33.22,59.25,1.2,500
170.36,252.25,17.14,2.88,1.28,8.33,36.24,25.4,73.28,0.67,477
26.47,55.87,108.54,32.41,0.32,43.51,7.79,22.07,94.17,11.11,200
13.36,23.35,11.47,10.98,0.84,17.45,11.17,23.61,38.6,2.13,54
58.79,116.56,64.17,28.56,1.2,82.77,24.1,34.45,32.74,7.08,302
80.88,109.83,23.68,24.86,0.3,28.82,8.42,16.25,82.55,3.75,270
219.01,366.88,50.69,6.25,1.2,17.77,17.5,17.47,29.96,2.08,500
214.39,408.81,5.38,10.98,0.29,44.24,18.55,18.17,35.91,1.39,500
104.67,148.64,37.92,9.4,1.24,11.16,30.5,36.16,65.57,1.85,297
50.08,79.8,25.21,6.99,0.87,16.71,20.29,22.17,42.52,2.13,148
142.47,193.49,40.42,5.23,1.7,13.59,13.93,21.01,60.65,1.35,425
73.06,137.8,40.28,19.07,0.89,20.09,15.66,25.88,65.14,3.61,269
21.64,47.04,48.12,5.84,1.64,78.75,36.79,27.84,17.45,1.27,175
22.41,45.82,63.31,4.82,0.92,18.63,28.23,13.33,88.84,3.01,119
50.34,109.6,75.21,12.36,0.37,32.07,6.82,17.83,100.0,2.37,243
127.4,262.58,6.98,7.31,1.59,15.34,37.49,22.17,52.83,2.57,410
28.49,58.96,4.7,10.47,1.06,28.37,2.08,27.63,71.16,9.09,85
50.26,91.44,18.31,12.17,0.1,15.14,21.45,19.66,100.0,3.97,177
169.42,299.27,30.82,30.06,0.46,51.45,43.62,27.45,61.44,8.02,499
87.58,145.87,18.92,9.13,2.36,31.05,36.36,30.44,28.87,0.25,281
94.71,192.85,51.17,31.5,3.85,31.06,13.87,10.5,61.57,3.29,387
130.42,190.92,70.66,20.6,0.72,38.82,12.41,21.28,36.05,2.58,425
51.05,68.95,46.11,25.41,1.04,82.47,7.44,24.82,52.35,0.65,209
176.8,380.67,7.93,1.0,1.11,24.0,13.73,23.86,79.91,0.36,500
106.78,139.17,64.71,12.2,0.82,26.24,7.98,22.69,81.14,0.6,350
61.44,133.88,16.49,9.85,0.28,95.96,33.22,32.09,27.85,3.31,245
155.81,304.75,2.92,8.14,0.47,36.27,10.5,29.49,66.45,4.59,433
103.65,165.39,9.63,16.62,0.3,59.08,6.79,28.87,49.56,1.29,320
66.01,127.27,50.54,13.5,0.4,44.54,6.36,20.76,36.9,1.11,221
96.62,196.72,40.99,38.8,0.35,4.66,8.83,32.12,60.38,3.32,308
33.61,51.12,26.51,25.41,0.96,29.15,30.03,37.6,65.96,6.52,141
142.8,284.72,20.26,9.21,0.37,26.6,6.3,17.4,80.53,4.63,417
216.67,438.52,8.66,7.26,1.96,30.55,2.44,19.03,65.94,1.79,500
,24.71,17.98,4.43,0.87,93.96,9.81,29.31,50.75,2.29,121
43.07,57.62,6.73,23.98,0.53,69.21,47.98,22.07,51.72,3.34,141
40.25,59.73,40.8,21.69,0.54,15.83,16.33,28.54,83.5,3.48,191
111.29,164.78,49.81,32.29,0.25,53.71,2.01,31.1,46.95,3.64,363
77.97,105.94,42.33,12.17,0.51,12.22,16.06,27.41,47.74,1.08,243
48.36,94.46,52.84,25.4,2.3,92.02,11.63,19.33,55.15,2.75,255
54.18,88.96,29.77,21.15,2.36,33.56,10.45,40.23,54.62,2.09,198
44.96,94.24,51.18,11.58,0.27,49.82,28.49,22.25,48.18,3.54,232
102.16,155.99,2.0,14.05,1.06,64.21,18.96,36.12,79.54,0.65,258
77.08,131.64,24.5,3.61,1.55,9.53,18.17,25.83,,7.91,242
52.22,97.91,41.53,45.54,1.26,33.47,1.85,37.43,88.5,0.93,227
45.61,95.3,16.14,12.96,1.03,93.07,15.3,23.38,87.27,1.31,202
157.56,279.23,23.2,8.27,0.31,12.92,16.6,32.5,66.52,1.07,450
140.45,229.8,23.67,3.44,1.73,29.03,2.05,33.86,50.94,9.46,373
102.96,214.19,27.44,37.68,0.77,11.61,32.69,23.53,27.64,4.96,344
130.87,206.67,12.28,9.38,1.02,14.79,28.97,32.67,42.67,9.94,351
21.84,29.96,23.8,4.54,2.03,33.41,7.44,24.92,85.16,5.81,133
28.26,48.06,49.7,13.38,0.95,37.56,11.97,28.31,48.05,6.5,145
25.62,51.41,8.45,17.31,2.62,47.55,7.06,18.65,40.25,6.81,137
67.49,89.6,12.88,26.14,0.39,54.81,22.27,21.35,78.26,2.61,226
133.7,244.31,25.62,1.91,2.66,58.52,11.78,32.94,57.87,1.29,393
48.89,89.72,40.88,6.55,0.59,62.6,56.75,28.65,54.43,5.77,172
145.81,311.41,8.5,12.95,1.1,102.8,12.39,33.14,70.76,0.62,470
43.0,66.99,15.76,16.19,3.06,5.64,18.1,27.48,31.51,2.99,180
60.89,94.43,74.24,17.64,0.74,22.91,2.58,28.49,47.84,2.25,249
48.46,82.21,28.04,8.13,0.57,91.51,6.7,31.16,79.41,1.29,173
57.48,93.2,39.03,6.05,0.72,7.21,3.8,16.29,63.05,2.0,199
62.22,122.13,53.15,2.73,0.74,27.15,21.95,27.04,69.51,2.2,228
12.95,24.31,28.15,15.05,1.51,141.42,5.67,27.19,81.45,11.92,127
85.91,170.36,8.79,3.78,1.19,87.29,11.4,27.29,75.56,1.22,312
61.16,124.65,21.73,9.8,3.59,10.86,37.98,35.68,48.01,2.94,261
176.55,376.17,40.8,4.65,0.3,51.78,11.46,18.46,57.04,4.67,500
99.57,168.06,43.83,10.19,1.38,62.99,24.64,20.92,18.55,1.0,326
83.34,182.21,16.56,11.45,0.12,90.06,17.21,28.72,86.86,4.07,323
169.87,253.81,15.14,17.27,1.7,101.12,8.75,27.32,64.15,6.83,487
158.97,308.86,15.1,2.95,0.42,73.21,19.84,36.07,36.16,4.21,486
181.6,323.35,44.15,19.02,0.2,11.67,27.53,28.52,23.41,2.77,500
45.11,91.81,17.66,19.74,0.28,48.96,69.22,35.88,45.63,9.95,169
25.05,43.32,3.86,5.02,4.21,77.61,40.64,26.36,52.36,5.19,142
13.02,26.11,20.14,4.65,0.64,30.15,26.33,18.59,56.39,4.67,100
129.7,277.18,40.19,7.32,1.04,10.35,7.02,24.82,27.28,3.26,427
10.89,21.34,50.84,31.54,2.75,21.59,11.28,30.05,38.24,13.64,142
77.89,155.65,16.1,2.5,1.62,15.54,8.76,25.47,60.88,5.54,251
17.61,23.95,25.37,18.6,2.05,31.39,9.14,20.18,100.0,4.19,101
142.21,211.11,24.37,14.86,1.43,21.69,6.26,31.18,62.03,16.48,374
94.27,205.22,21.9,34.29,0.51,15.65,25.1,33.33,63.49,5.41,334
141.68,272.57,21.8,20.93,5.17,49.15,20.79,30.39,29.37,1.7,474
79.06,142.73,36.45,24.65,1.63,26.89,37.15,23.13,55.05,0.83,300
,50.62,51.87,7.05,1.24,76.85,7.07,20.88,28.19,2.21,172
47.49,63.63,22.33,8.67,0.48,67.87,7.96,31.38,52.41,3.02,164
121.3,198.0,10.79,3.81,1.8,26.38,29.1,22.05,91.2,1.57,351
16.09,28.14,34.26,20.78,0.78,29.1,15.94,32.39,41.67,4.82,93
44.53,66.37,86.86,2.08,1.41,49.29,3.36,14.8,58.7,4.24,232
,57.8,33.42,10.77,1.03,24.62,38.68,24.56,35.99,2.71,160
62.84,110.45,29.34,35.11,0.79,28.6,25.7,14.13,65.91,1.81,234
,186.07,11.66,21.54,0.13,23.72,8.05,23.83,49.77,7.07,280
139.33,211.21,4.42,16.12,1.26,83.59,14.27,34.65,22.08,3.62,395
20.52,37.53,23.62,7.86,0.57,52.72,22.98,31.03,53.36,3.88,113
32.88,69.4,33.61,23.72,1.15,84.23,1.99,26.63,92.49,4.46,185
22.81,39.37,64.05,6.5,1.0,33.01,14.77,25.17,65.09,2.19,148
64.69,134.01,28.44,18.02,0.28,90.13,14.23,11.61,59.84,1.25,251
25.41,54.25,5.62,25.5,1.37,70.33,17.13,16.36,44.56,0.69,130
85.44,118.17,11.86,6.05,0.58,24.15,9.29,28.71,46.77,4.42,227
151.78,210.41,30.13,12.71,1.04,70.35,17.97,35.25,85.66,3.5,440
13.5,23.33,30.03,12.35,0.34,38.79,7.16,28.83,50.83,0.88,109
33.86,61.94,43.34,19.41,0.86,46.21,20.71,28.08,60.94,4.31,205
182.83,307.76,13.38,5.17,2.34,54.96,15.42,42.97,64.59,4.94,500
76.38,121.73,65.42,14.75,1.41,63.82,34.0,25.32,31.52,4.67,320
45.14,84.71,35.88,10.13,0.44,12.88,5.08,14.26,8.22,7.4,191
307.26,400.01,13.03,26.67,0.48,23.33,14.56,24.77,32.08,4.02,500
54.03,117.31,21.17,16.64,1.23,40.07,23.59,22.42,25.95,3.88,222
99.13,149.57,8.84,17.54,3.36,29.76,20.84,37.1,82.34,0.23,309
35.11,74.62,43.0,15.68,1.0,42.89,53.83,36.22,35.62,1.72,183
30.1,42.08,56.36,7.0,0.18,54.68,24.26,26.93,43.04,1.21,157
103.12,156.15,80.17,5.6,1.4,9.6,7.81,28.84,65.46,3.8,343
193.48,292.42,24.77,18.84,1.13,26.26,22.66,31.43,42.91,3.28,500
46.7,102.58,31.04,1.48,0.22,9.82,20.04,33.44,72.8,2.48,170
28.2,36.78,29.08,6.61,0.89,25.99,17.24,28.33,100.0,2.17,115
128.24,240.54,54.17,12.04,0.89,27.48,19.48,29.23,80.1,3.57,399
47.06,98.01,14.43,16.89,1.83,20.75,18.66,28.35,71.43,0.69,211
86.25,164.31,21.19,3.56,0.83,47.23,27.73,24.61,42.24,1.97,267
45.61,74.18,32.02,10.64,3.99,17.44,7.25,32.35,50.6,7.34,210
51.72,111.85,51.95,12.72,0.86,26.7,44.28,29.79,57.34,4.19,233
32.74,68.88,61.34,10.97,1.54,21.96,9.19,21.9,80.1,1.01,160
104.98,177.48,48.3,13.06,2.69,36.13,10.09,31.92,55.97,7.69,367
88.03,159.87,22.68,7.6,1.02,11.87,7.17,26.31,50.69,1.16,279
85.92,186.51,38.93,22.9,0.51,35.38,7.58,34.48,85.53,3.78,307
38.17,83.37,26.33,16.05,1.29,30.88,21.4,30.11,75.92,3.28,170
82.78,141.13,17.53,10.25,0.71,17.18,20.17,27.0,24.38,2.29,240
210.3,433.76,28.87,1.73,0.7,22.57,30.95,13.63,67.57,5.54,500
28.37,44.6,122.57,14.49,1.96,2.64,49.86,16.34,45.4,3.84,223
35.32,57.73,14.17,3.4,0.41,80.08,26.56,47.76,100.0,1.27,151
36.92,53.48,15.6,1.84,2.03,23.81,30.16,27.4,52.12,0.99,137
71.75,106.78,24.89,5.0,0.55,44.96,20.44,31.43,62.12,4.13,207
26.54,50.2,50.61,16.23,1.57,66.41,10.47,30.18,76.19,0.94,169
94.36,166.05,5.51,16.26,3.8,80.73,38.18,42.05,84.19,4.28,328
12.01,18.11,44.76,1.0,0.53,30.5,4.28,30.3,67.39,3.66,101
113.61,188.9,17.02,16.01,0.78,17.13,8.28,28.98,67.18,8.19,321
84.83,138.78,42.37,2.15,0.5,11.86,10.79,34.18,76.8,0.87,266
207.23,453.55,32.37,23.33,1.47,40.91,39.67,27.37,56.4,3.89,500
29.54,61.08,20.69,19.78,1.41,57.0,23.68,13.22,53.15,4.85,163
131.64,217.09,7.99,1.66,1.68,35.05,18.93,20.71,71.54,2.67,391
61.3,130.1,51.91,14.36,0.73,23.31,7.51,37.13,69.78,0.94,242
52.64,84.66,24.27,7.61,0.36,20.16,12.22,27.24,58.16,5.93,186
28.31,53.81,20.61,22.98,1.82,18.91,18.79,32.9,66.65,2.89,153
46.13,100.11,14.83,6.4,0.68,7.74,11.94,15.04,81.13,2.26,174
47.77,78.89,34.45,30.25,1.26,71.85,79.9,34.12,51.27,2.51,229
17.72,33.88,50.97,20.67,0.57,46.15,22.86,33.95,22.56,5.04,122
84.21,131.91,26.48,3.76,1.86,3.23,8.29,32.75,46.48,3.25,230
76.71,118.11,14.79,33.19,0.9,40.81,52.41,33.0,71.16,4.94,250
98.86,179.59,59.51,14.26,0.58,56.87,18.65,14.55,52.28,0.93,353
41.53,90.6,10.96,10.87,0.58,17.48,7.01,33.8,52.2,0.86,137
116.51,198.98,23.21,5.59,0.36,18.56,4.3,7.94,43.12,0.4,325
157.02,336.62,54.41,13.25,1.7,35.1,12.35,24.08,64.66,8.1,500
55.7,118.25,21.74,23.42,1.43,21.06,47.27,22.8,69.65,1.86,219
30.06,45.94,7.46,16.09,0.48,62.05,25.63,27.07,50.19,1.11,133
69.11,114.84,30.8,16.78,0.34,25.31,28.9,15.02,67.25,1.91,249
66.83,125.57,60.62,12.48,1.6,12.73,8.52,14.85,84.42,2.46,274
57.9,102.26,17.2,26.79,1.85,14.49,15.64,30.08,40.37,1.23,210
99.01,137.27,19.02,14.33,1.66,28.48,31.48,29.28,51.53,2.29,275
50.71,111.28,51.47,5.9,0.34,24.38,22.66,29.82,57.27,1.96,194
28.04,55.44,2.0,7.04,1.15,46.08,7.68,20.98,51.19,2.4,131
73.71,124.86,61.69,11.69,1.76,63.89,32.33,25.9,47.74,3.76,302
102.27,189.85,16.1,9.92,3.6,30.47,53.42,23.0,66.44,3.57,338
108.0,148.91,5.8,24.51,1.72,52.63,3.9,19.07,53.22,0.91,293
48.2,84.15,22.4,17.05,0.67,147.54,12.16,23.54,77.63,1.66,176
81.25,173.7,40.48,11.78,1.21,58.16,14.74,24.3,56.23,4.56,300
158.94,334.87,20.75,6.54,0.85,22.06,25.24,19.77,41.4,4.0,500
134.16,215.14,9.71,9.24,0.64,41.3,20.94,34.05,60.61,3.56,391
16.64,29.58,50.97,8.27,0.99,59.19,19.35,33.48,90.34,0.25,135
51.07,98.44,23.71,20.19,0.74,22.78,17.19,36.78,59.97,3.24,213
152.27,244.55,5.52,1.0,0.62,41.93,19.11,29.64,62.86,12.53,422
16.54,22.47,34.47,6.38,0.36,58.44,25.57,33.63,82.85,2.96,81
62.98,110.52,7.54,3.48,0.5,34.27,24.66,31.57,36.13,5.09,221
40.99,75.48,81.07,6.3,0.31,126.67,21.46,27.45,64.01,3.19,232
82.48,107.65,28.21,16.61,2.25,4.78,41.08,29.69,50.43,1.85,249
7.98,11.06,13.37,17.05,0.32,49.28,2.81,31.35,30.98,10.74,53
142.91,212.44,13.07,15.75,0.84,31.79,5.06,30.48,54.75,2.11,390
65.23,105.23,27.33,3.26,0.34,76.17,10.15,27.66,59.43,5.39,223
,47.23,69.08,12.68,1.72,74.82,13.87,32.99,19.84,9.52,188
36.49,57.09,15.84,28.16,0.99,62.32,13.25,27.54,13.97,0.2,159
84.48,130.82,21.41,9.16,1.7,17.97,36.99,32.79,41.77,3.94,258
34.19,71.2,33.81,10.43,2.22,87.65,23.47,19.7,64.34,1.48,193
189.49,271.07,21.72,6.93,1.08,46.64,18.83,36.28,53.81,0.7,500
59.78,104.37,7.31,11.5,0.57,43.38,1.66,20.93,88.0,5.66,183
167.79,362.02,27.45,12.39,1.69,118.29,48.14,21.09,54.02,4.38,500
73.8,137.46,15.55,11.71,1.47,48.8,18.11,37.24,53.03,3.31,216
104.97,204.21,20.8,10.88,1.13,27.43,2.8,23.98,58.1,3.46,322
100.77,170.11,75.46,1.04,3.09,18.1,22.9,27.19,,3.83,402
45.15,59.5,21.72,41.92,1.27,23.94,15.94,27.79,42.73,4.59,182
105.85,199.16,2.71,29.9,1.05,42.71,40.4,30.82,67.89,7.85,296
48.27,90.21,20.04,18.65,1.03,32.9,6.69,43.24,67.53,4.34,176
,21.04,24.36,10.21,0.15,3.37,9.39,25.0,44.05,7.26,71
55.91,95.94,39.98,23.08,0.32,44.42,14.55,31.79,76.8,12.02,226
23.16,49.19,30.67,18.06,0.24,50.34,15.38,22.94,71.45,3.34,151
46.98,69.75,30.32,26.71,2.53,47.07,5.91,22.36,79.44,3.53,235
63.68,109.2,32.27,8.92,0.29,13.16,1.9,25.56,70.28,1.25,212
30.84,52.89,44.02,8.83,0.45,140.26,21.69,28.57,84.17,0.41,181
95.86,194.56,7.17,38.03,1.41,38.67,21.26,12.78,69.06,4.51,326
47.83,97.68,94.1,24.31,0.31,54.92,49.73,26.96,23.05,8.01,266
22.53,44.69,19.14,20.65,1.1,34.29,38.61,29.04,16.84,1.8,97
31.27,50.93,10.39,4.5,1.29,13.51,17.54,18.03,61.29,2.53,101
70.62,96.39,34.49,6.31,0.56,36.78,7.94,23.98,80.81,2.27,220
54.1,87.34,20.97,2.26,0.1,20.86,31.05,32.95,28.35,1.19,178
80.32,153.56,48.25,3.44,3.5,28.09,6.33,29.04,61.49,0.44,320
70.98,137.17,16.19,10.14,1.75,48.12,6.87,20.7,78.11,0.29,246
28.84,62.54,52.73,7.46,0.47,28.6,22.95,29.81,34.58,3.23,136
40.21,68.68,10.59,11.39,0.37,32.78,10.08,38.42,51.63,4.91,117
115.88,216.61,81.66,14.68,0.67,30.32,20.55,13.85,64.0,1.93,421
33.14,59.16,25.24,5.26,1.17,32.49,27.35,35.02,30.52,3.98,140
170.34,244.53,67.07,15.53,2.21,55.9,5.39,31.01,79.81,3.36,500
18.24,31.28,9.14,13.61,1.35,80.62,9.76,20.62,57.87,4.11,89
113.38,203.0,42.6,6.64,1.36,69.74,39.07,31.86,53.08,11.26,408
60.48,130.39,41.85,23.24,0.37,9.39,29.15,31.18,23.73,12.89,245
29.0,47.27,22.32,10.61,0.14,31.5,28.69,29.94,59.1,2.62,101
69.21,151.03,2.89,3.07,1.36,57.08,8.41,23.62,36.61,3.92,216
34.05,60.89,42.88,3.7,0.62,56.53,18.04,23.85,76.76,3.84,158
42.31,64.23,19.83,20.14,0.92,59.35,3.08,22.69,61.4,5.72,134
48.73,71.76,59.9,12.98,0.55,73.39,59.36,31.13,30.51,8.83,260
107.5,153.46,49.45,10.4,1.67,88.1,20.27,35.88,34.44,1.42,346
39.75,67.87,59.69,10.69,1.02,20.52,8.69,31.07,53.65,1.01,198
76.96,101.56,37.91,5.0,1.13,48.43,13.38,23.81,67.2,3.79,260
110.27,187.52,27.99,10.71,0.17,12.26,16.38,18.69,70.59,9.13,358
67.87,148.61,68.66,4.97,0.72,143.76,6.9,30.0,24.04,3.16,299
85.31,162.36,117.17,11.45,1.14,47.76,18.83,24.88,48.47,5.17,384
63.41,125.79,26.11,13.25,2.06,51.9,8.66,15.5,34.51,2.28,228
94.51,132.99,59.02,4.27,0.46,48.42,2.67,25.85,75.28,1.3,298
21.95,37.87,14.91,6.34,0.34,22.06,26.1,21.49,52.83,2.95,49
160.66,250.25,10.11,17.17,1.26,10.16,13.37,23.77,40.65,2.17,435
37.75,79.46,15.15,21.89,3.57,30.86,20.34,36.08,84.89,3.31,169
60.93,89.15,14.07,21.53,0.66,58.6,28.02,30.85,68.8,1.33,159
10.67,18.28,43.86,10.37,1.17,80.13,33.92,35.82,53.91,3.09,108
43.94,80.37,17.63,26.01,0.64,61.53,36.36,33.25,43.76,1.4,181
79.21,139.61,10.9,6.31,2.68,63.93,18.18,25.48,12.07,0.91,275
174.75,357.75,11.01,2.35,0.19,61.72,12.64,38.57,48.1,4.27,500
97.42,146.94,37.32,7.86,0.7,21.02,43.22,24.12,49.46,1.4,296
46.65,76.49,43.66,7.28,1.36,27.96,11.19,20.91,77.48,3.19,217
16.8,33.83,39.3,6.01,1.28,11.32,35.38,22.47,29.63,3.77,89
148.9,264.34,42.5,19.66,0.39,23.49,20.24,34.31,62.55,4.28,454
44.96,74.71,19.85,12.03,0.4,21.75,6.05,25.99,68.45,1.17,147
79.05,104.86,92.1,26.18,0.79,39.62,40.59,18.58,47.55,0.62,299
46.75,92.48,20.23,7.65,1.5,9.15,12.81,20.66,54.44,1.19,170
85.95,186.95,16.81,9.62,0.22,68.29,11.51,33.0,63.71,0.32,308
144.61,268.72,43.03,17.04,1.39,41.53,14.6,30.59,52.21,6.55,469
106.64,220.84,19.61,22.49,0.93,35.8,5.91,33.96,96.13,4.43,361
53.35,94.17,16.55,36.05,1.04,73.34,5.35,26.93,78.72,2.08,208
151.19,228.07,20.94,9.87,0.8,64.37,9.44,27.89,62.71,1.04,422
199.54,261.99,29.88,1.0,0.28,44.95,15.06,21.17,54.85,7.69,492
125.08,236.16,52.76,1.0,0.23,32.85,8.26,33.67,70.89,2.0,412
47.87,83.47,5.35,46.29,0.83,58.45,26.73,26.61,53.77,1.79,185
113.54,227.53,52.95,9.27,2.23,75.25,6.76,18.32,31.61,0.24,414
124.24,239.19,7.08,36.09,0.46,16.44,16.19,16.34,66.06,7.05,361
54.11,118.45,8.09,12.69,2.75,45.71,13.83,31.29,47.46,2.9,255
199.52,351.01,31.05,28.06,1.19,57.31,14.56,21.57,61.08,2.39,500
140.4,236.5,5.8,21.89,0.98,41.26,11.51,28.79,47.46,0.72,405
56.2,87.56,16.19,4.09,0.88,52.58,8.39,28.69,35.88,3.76,184
47.83,82.7,48.93,33.81,1.72,12.86,25.58,27.19,98.18,2.72,216
122.38,255.23,42.95,5.11,0.69,38.98,4.5,28.49,37.38,6.05,414
233.93,313.05,52.7,23.39,1.27,5.17,18.71,30.31,64.04,1.49,500
23.38,50.96,15.28,19.6,0.73,8.87,21.02,17.66,76.2,3.23,125
88.82,194.86,20.34,25.51,2.81,14.79,15.72,17.1,63.43,6.51,311
112.17,206.18,7.45,11.81,0.34,6.07,27.55,18.82,80.14,1.68,335
143.76,229.78,20.89,22.93,0.56,35.7,23.86,20.3,67.22,1.16,414
112.92,169.47,7.78,5.5,1.81,53.8,19.77,31.52,8.01,0.73,300
45.42,70.35,120.09,11.02,1.6,39.56,18.16,19.1,28.75,1.95,301
21.04,28.29,35.13,22.2,0.47,32.06,17.93,27.99,57.81,4.61,101
51.95,89.74,29.67,26.79,1.3,59.92,9.07,25.0,33.36,0.21,214
110.39,149.21,14.54,5.46,1.14,4.64,27.66,25.7,64.26,3.2,288
41.73,81.23,13.43,22.39,0.63,22.65,22.47,28.55,94.61,5.13,130
158.49,259.09,18.07,21.25,0.86,,36.07,29.79,64.58,1.08,468
59.5,88.03,32.48,19.45,0.79,59.84,25.03,30.96,58.76,4.18,200
39.68,71.05,10.24,9.52,1.07,19.25,7.89,28.43,81.97,3.33,160
95.68,208.24,7.59,1.0,0.54,18.57,24.08,21.08,84.35,1.67,268
55.09,106.08,2.0,21.0,0.25,24.53,3.64,37.16,69.78,1.04,173
46.84,81.62,35.75,27.0,0.1,51.43,9.37,27.43,46.06,3.79,194
216.13,432.09,22.91,30.08,1.77,54.71,27.4,44.23,52.3,1.05,500
41.53,81.55,17.99,3.2,0.28,44.77,4.3,30.39,41.61,3.15,150
50.56,106.3,10.07,1.24,1.31,25.88,13.46,27.58,47.83,2.07,153
96.63,143.42,18.04,8.19,1.21,41.29,48.72,25.16,68.91,2.01,278
156.95,325.35,60.65,17.5,0.94,19.87,13.03,32.2,66.53,2.08,500
90.48,142.14,12.84,20.25,1.48,73.72,3.59,18.89,56.73,1.17,310
70.4,151.15,38.79,8.7,2.51,5.08,36.0,20.18,62.98,4.45,288
232.21,360.61,42.89,10.2,0.81,27.76,4.72,11.88,69.08,2.83,500
48.77,104.08,9.38,11.12,0.76,18.53,18.86,23.85,54.24,0.82,169
48.95,106.1,11.02,3.97,1.1,21.41,22.08,22.45,59.46,5.86,179
42.01,60.11,23.9,17.07,1.02,26.46,7.23,25.0,68.21,4.73,164
86.68,188.7,88.97,40.69,1.37,8.22,34.4,23.54,41.58,5.35,394
32.67,44.99,49.18,15.77,1.44,36.34,7.58,32.8,67.2,3.43,188
26.05,38.99,23.93,23.94,0.84,23.82,16.02,35.15,12.49,2.67,124
50.44,85.74,50.36,7.86,2.92,38.22,13.51,15.56,58.97,4.45,274
16.03,35.18,2.62,8.43,2.36,6.89,14.68,28.27,44.38,3.1,67
79.08,137.57,22.4,11.78,2.03,31.29,52.03,29.41,5.53,1.46,277
86.83,155.9,2.45,8.66,1.87,4.8,13.91,21.83,63.89,3.67,262
97.24,187.19,28.26,4.97,0.24,15.11,5.89,28.83,48.67,1.7,273
116.86,253.75,41.47,16.39,0.67,99.26,1.04,17.12,27.37,1.95,420
51.53,103.32,16.13,5.51,0.55,3.12,37.85,32.23,67.69,8.14,147
145.38,218.32,15.47,6.77,4.42,93.65,1.31,17.18,36.97,3.98,483
136.14,214.1,24.38,21.67,0.84,18.64,20.74,34.93,51.66,2.73,355
28.98,40.22,17.29,20.64,2.31,31.88,1.9,14.88,80.44,1.6,105
63.55,119.48,19.51,8.99,3.45,17.56,19.16,30.03,62.83,0.73,240
6.52,9.54,53.95,15.41,1.33,46.96,9.48,35.89,34.81,1.27,79
146.72,224.72,43.02,55.38,2.94,36.24,35.05,16.24,64.16,2.71,449
115.49,242.45,32.76,1.0,1.0,10.48,32.63,25.96,80.28,2.12,374
168.72,268.96,6.12,7.52,1.3,15.19,9.31,41.11,59.02,0.25,423
18.1,32.77,37.12,21.27,0.42,20.11,17.4,20.19,63.31,3.38,104
92.22,152.89,23.65,6.57,0.5,49.05,12.46,27.45,67.24,3.17,269
44.25,60.47,17.5,6.96,0.76,34.73,1.61,24.33,57.39,3.75,164
10.46,17.01,19.62,2.62,1.14,67.81,10.59,23.75,54.33,7.0,84
126.91,211.59,61.52,9.44,2.13,30.05,9.45,9.61,62.81,1.43,420
23.79,50.11,47.94,6.14,0.7,29.58,11.86,33.58,62.25,5.55,123
84.24,134.12,19.33,10.17,1.53,70.65,20.26,18.33,64.2,1.92,282
43.86,71.99,71.05,8.85,1.3,29.02,44.39,28.88,68.89,0.55,215
74.44,149.22,45.44,11.87,0.61,28.31,12.13,27.64,5.0,2.11,243
117.94,233.87,13.33,11.75,0.2,45.52,8.73,29.6,59.73,1.5,331
74.58,150.54,13.05,21.39,1.51,41.67,89.23,24.75,53.26,1.86,262
32.14,69.37,27.93,12.14,0.19,47.8,32.9,20.54,87.16,0.87,134
219.51,442.52,10.84,6.74,0.67,22.16,8.98,19.24,50.92,1.94,500
52.09,86.82,76.69,25.13,4.24,29.05,28.11,30.5,61.0,3.49,270
37.51,76.5,28.51,5.68,1.06,45.55,12.88,30.08,40.86,1.33,161
62.13,109.21,11.51,22.14,0.44,43.67,8.02,34.36,70.16,3.22,200
18.51,28.69,64.6,5.76,0.84,36.23,2.97,20.98,37.87,3.69,132
40.25,63.3,2.34,56.52,1.69,19.89,53.98,20.59,53.73,3.59,166
54.48,81.81,28.66,6.84,0.34,13.71,28.34,16.22,100.0,1.28,169
78.81,112.74,22.87,25.88,1.23,45.72,6.81,25.38,45.68,2.04,263
68.43,100.32,7.41,3.12,0.39,70.8,6.94,30.76,44.19,1.55,225
92.39,125.36,68.34,66.25,1.54,17.3,9.04,33.1,35.28,2.19,340
63.97,134.3,16.69,8.92,2.95,15.59,2.5,26.94,48.16,5.68,222
135.12,288.88,14.96,4.86,1.21,36.19,14.27,31.48,26.89,6.98,449
103.35,188.93,43.36,16.17,0.31,40.87,28.28,27.99,35.78,3.22,333
87.56,180.06,27.77,17.2,0.38,12.29,10.3,26.17,62.41,2.13,290
149.71,219.36,11.85,12.81,2.32,13.65,3.86,21.09,74.59,1.06,422
149.7,316.09,16.52,7.51,1.33,52.03,9.45,40.08,10.68,1.18,456
72.01,126.43,62.34,8.18,1.07,13.29,3.81,15.72,65.09,2.67,227
50.19,68.28,20.82,6.53,0.79,76.78,4.33,22.45,79.55,0.15,174
76.8,109.61,87.69,15.41,0.23,46.1,23.38,24.94,35.95,6.85,290
60.05,94.76,10.66,7.71,1.14,17.31,18.89,18.57,90.06,4.97,172
48.69,65.21,18.66,24.56,0.78,42.43,27.59,20.2,81.37,0.65,162
74.7,117.9,13.74,20.01,2.18,21.83,18.65,17.98,40.38,2.96,239
85.72,116.06,41.01,18.58,1.47,104.53,18.08,30.52,56.74,2.22,286
100.05,151.31,90.5,6.1,1.79,69.25,3.92,25.55,75.01,6.06,374
165.15,254.18,26.31,4.42,0.87,41.12,17.12,41.36,72.96,5.9,465
79.87,175.31,29.98,18.32,0.64,41.2,16.97,30.19,50.54,0.33,288
65.0,98.27,17.89,14.71,0.69,24.41,20.03,28.11,40.48,4.0,165
124.86,189.2,6.74,16.97,1.45,56.73,37.99,25.01,77.33,3.1,344
34.82,66.79,20.93,8.9,1.23,6.1,1.26,33.61,55.5,2.1,132
16.2,33.6,34.81,7.17,0.18,56.98,26.54,13.1,34.91,2.02,119
91.36,150.6,15.82,19.48,3.94,33.15,26.1,33.8,5.0,0.78,315
51.94,108.45,7.49,6.31,1.88,34.17,17.5,23.04,42.65,2.82,216
54.91,88.19,2.0,21.59,1.09,27.65,16.32,12.41,58.3,0.35,187
34.15,50.45,70.94,15.99,2.24,62.73,14.86,18.12,79.05,3.72,211
141.44,225.84,17.69,6.95,1.42,28.29,21.94,35.55,27.89,1.33,407
16.86,31.16,33.7,15.84,2.11,49.58,18.44,27.96,47.9,3.7,131
97.62,159.16,51.91,18.72,2.17,19.43,23.99,42.45,55.02,5.76,336
65.65,125.1,59.41,24.71,1.44,59.04,22.86,21.53,90.28,0.97,287
171.73,259.88,15.46,6.79,0.53,56.12,5.91,26.23,21.27,0.44,491
125.22,241.79,32.67,8.76,0.94,61.81,27.0,25.51,55.83,3.03,417
26.97,43.49,35.38,27.89,2.4,43.78,7.6,15.44,46.39,4.26,137
103.41,176.86,46.82,15.9,0.57,63.38,12.68,25.58,38.3,0.96,343
89.58,161.42,35.08,7.15,1.08,18.98,5.24,27.98,64.87,5.75,265
62.22,119.31,30.0,22.86,0.51,91.07,4.94,24.88,78.76,1.55,233
98.11,148.62,10.82,28.44,1.51,29.75,6.88,37.31,28.2,0.84,268
40.18,82.46,40.26,13.35,0.85,29.19,22.84,22.48,35.59,1.55,224
70.39,137.23,24.39,23.01,3.16,64.23,48.4,25.84,21.27,2.12,289
66.49,100.44,65.1,10.05,0.95,64.5,24.36,15.82,52.28,5.31,273
35.61,77.54,40.49,14.81,2.75,19.92,1.91,20.9,56.85,5.73,177
52.03,98.77,3.7,15.92,0.54,94.29,7.74,13.32,69.11,1.47,192
45.62,77.88,10.13,5.72,1.5,35.44,33.95,26.47,54.5,0.94,172
85.68,123.53,17.99,7.38,1.61,58.76,20.09,29.51,55.68,1.04,295
146.79,261.28,23.87,16.05,1.34,28.79,21.15,31.05,85.7,2.63,438
22.05,31.93,97.68,38.09,0.78,,2.97,27.13,71.06,1.09,182
87.46,147.5,43.84,6.73,1.24,94.93,15.16,26.11,13.98,5.75,300
44.35,73.96,13.78,10.96,2.09,25.27,18.94,24.79,70.0,1.88,149
120.16,234.06,44.72,21.05,0.96,38.13,57.15,25.4,44.32,1.14,403
86.74,127.78,28.96,16.8,0.58,36.98,24.45,17.12,49.42,3.76,323
17.43,35.55,45.03,7.35,0.54,36.88,16.29,26.25,53.07,13.9,125
74.74,119.1,19.38,39.13,0.58,46.36,67.76,19.82,38.78,2.14,260
59.85,101.72,103.56,14.54,0.58,49.03,31.0,26.1,67.83,3.55,308
24.15,48.19,70.7,13.59,0.31,74.25,35.07,18.42,21.32,4.51,165
44.79,83.44,39.35,13.82,0.81,11.85,22.35,33.28,74.27,1.09,203
72.43,114.24,17.55,9.97,0.64,5.99,6.91,38.33,81.02,1.45,218
45.8,75.46,44.99,39.22,2.55,50.28,39.15,18.57,61.83,6.49,258
129.26,203.61,6.76,2.29,0.12,40.95,49.68,20.9,66.16,3.5,362
59.46,109.13,74.21,9.97,2.26,110.02,45.9,22.07,22.33,3.62,287
42.36,67.76,63.64,4.9,0.26,2.02,16.46,25.97,30.22,0.74,177
75.28,147.03,36.16,9.68,1.57,46.13,20.45,34.29,56.62,4.6,290
82.15,149.67,11.16,29.06,0.93,30.23,19.28,15.15,41.13,2.92,285
120.88,173.0,19.28,42.77,0.7,28.46,18.61,25.59,31.57,1.92,350
68.42,108.05,2.71,6.22,1.15,14.56,15.34,37.72,78.02,7.27,199
79.87,119.74,21.5,13.95,0.65,7.32,39.68,16.27,46.97,1.55,260
51.93,85.74,10.22,14.71,0.97,42.4,7.15,35.96,75.1,6.98,187
174.43,307.77,3.91,7.13,2.91,64.03,17.62,20.26,27.37,3.63,500
86.39,151.71,17.5,14.67,0.51,38.1,21.53,17.65,33.41,0.64,268
73.59,145.64,18.8,36.47,0.25,26.26,8.49,38.67,69.3,5.16,242
45.8,67.34,7.97,3.73,0.54,6.66,44.74,36.77,54.46,1.04,142
131.13,282.17,31.63,15.32,0.96,15.77,34.35,11.82,75.93,1.4,421
15.75,25.34,50.13,18.07,0.95,20.06,2.28,35.51,59.25,3.57,93
75.58,118.68,33.02,31.7,0.64,36.1,25.5,31.51,88.26,1.8,283
40.61,77.83,23.86,7.14,2.01,27.74,8.12,31.3,77.98,3.12,152
113.1,229.02,25.42,4.18,2.38,108.92,16.88,21.38,65.17,3.22,420
82.72,135.7,20.22,6.91,0.54,18.95,18.81,30.8,34.29,2.93,233
74.34,146.61,17.36,10.43,0.62,66.85,10.36,32.15,35.01,0.66,262
29.45,61.7,32.53,16.99,0.73,100.97,37.36,25.35,20.6,5.33,141
62.9,125.18,33.83,27.87,1.57,21.26,9.86,39.34,69.26,1.64,255
84.98,113.08,25.57,18.2,0.3,85.97,13.8,8.48,49.87,1.76,272
120.93,247.26,17.88,5.97,1.29,45.84,4.0,27.25,18.65,5.03,392
92.47,184.67,11.0,11.86,0.82,11.85,1.53,21.47,50.56,2.49,262
113.09,215.14,5.4,12.58,0.61,96.38,23.62,34.19,53.34,3.73,400
20.54,40.76,11.02,15.08,2.69,2.0,16.49,32.29,51.01,1.42,76
73.15,159.58,17.75,11.31,0.61,7.85,15.05,22.5,52.7,1.7,243
124.04,209.38,19.17,16.96,0.7,36.17,30.75,28.81,86.58,2.96,355
7.9,10.74,118.53,8.33,2.87,29.38,15.21,15.31,52.58,0.77,197
56.02,96.06,46.61,30.76,1.08,120.65,33.86,34.55,25.16,6.08,252
85.54,114.78,32.66,21.93,2.63,40.44,15.92,14.22,49.68,4.53,284
134.91,211.11,39.41,17.19,1.84,20.48,22.56,24.63,65.51,0.77,410
70.95,129.72,102.09,9.55,0.49,21.92,13.16,21.09,39.35,0.37,296
65.42,103.28,14.06,13.09,1.05,44.59,13.87,35.37,62.98,1.69,206
80.49,154.29,76.6,7.52,1.34,5.12,22.61,21.38,55.51,2.08,332
86.09,175.61,2.0,24.01,2.69,93.9,14.15,37.4,76.61,1.95,298
33.86,56.83,21.22,31.53,0.56,18.34,25.46,34.82,69.94,0.48,161
45.74,96.52,9.64,26.39,1.64,14.13,12.08,11.19,45.89,2.5,164
13.29,18.24,4.99,3.18,5.93,53.2,23.86,40.95,47.31,3.86,99
40.61,83.5,63.55,13.63,0.74,14.18,24.16,17.06,36.29,3.26,204
27.72,56.71,20.95,2.58,1.2,73.84,4.24,25.43,57.1,0.46,122
33.61,53.43,18.17,25.85,1.12,26.43,12.17,31.75,53.13,4.25,119
233.23,365.91,21.2,11.02,1.7,45.51,6.6,31.79,19.85,1.33,500
129.85,204.46,27.91,1.4,1.08,16.82,1.0,29.7,44.42,3.93,334
28.26,57.38,12.34,11.59,1.23,47.81,57.48,27.79,59.22,7.04,127
22.58,46.26,4.91,33.25,1.29,33.58,13.8,21.29,38.34,3.85,128
42.5,67.87,24.02,36.56,0.42,6.4,3.11,28.8,,1.71,137
21.9,40.16,28.1,9.63,2.69,43.31,7.6,24.61,59.07,0.37,114
79.03,112.62,66.96,17.02,1.13,127.63,3.6,28.46,36.95,2.4,318
78.08,134.45,23.3,10.72,0.25,20.72,21.75,10.8,55.21,2.59,231
33.19,72.99,26.7,29.58,2.76,39.22,24.03,44.11,55.91,3.12,190
103.91,149.94,10.28,14.8,1.34,132.34,6.68,33.66,64.04,3.69,322
103.98,223.86,10.32,7.82,0.98,67.29,23.92,27.07,45.19,2.17,325
39.2,80.03,32.83,17.83,1.65,14.13,10.45,29.85,57.98,3.16,183
32.3,70.26,42.74,17.87,0.82,68.35,20.11,31.42,34.6,2.02,193
48.61,71.04,52.71,11.93,2.97,64.25,20.1,30.49,34.83,3.8,221
,142.76,31.44,11.27,0.4,11.74,8.17,31.58,59.32,3.19,309
221.01,290.66,12.28,30.11,2.67,77.07,8.94,29.04,26.71,4.2,500
94.14,183.79,5.6,13.89,1.04,8.81,7.56,25.39,48.56,2.09,327
26.28,49.4,9.46,3.68,2.66,21.82,3.01,17.73,100.0,1.16,116
81.95,119.67,31.37,5.51,1.62,34.3,22.48,24.84,72.18,2.3,263
71.06,142.98,6.32,14.52,0.9,86.94,15.35,29.27,72.34,2.0,244
68.18,106.99,9.75,11.51,0.56,69.24,25.39,34.13,92.13,4.59,228
22.45,31.91,13.61,11.26,0.3,23.62,7.55,30.36,41.14,4.56,64
81.79,137.44,36.99,3.99,0.68,120.15,10.13,24.96,60.64,4.58,289
64.34,88.91,60.35,19.75,2.47,29.39,42.76,27.55,75.92,7.64,281
25.34,38.95,25.93,15.81,3.28,67.08,8.51,19.58,20.78,2.91,144
186.22,304.33,29.86,12.87,1.21,50.67,10.27,30.63,56.89,2.94,500
23.13,47.8,23.78,3.04,0.13,24.49,35.01,24.19,43.81,5.09,113
89.17,179.52,21.37,6.27,0.64,19.08,40.89,18.7,64.89,1.88,285
58.85,99.96,34.51,3.74,0.28,36.0,28.79,25.06,48.86,0.67,195
50.57,98.71,21.51,4.46,1.84,83.58,15.41,28.31,84.87,0.74,224
145.35,263.34,73.26,5.03,0.81,29.98,15.12,34.0,40.66,2.6,469
119.64,192.23,28.59,4.73,0.89,63.28,11.36,26.76,74.79,1.6,365
59.02,115.29,30.97,6.17,0.74,50.48,22.62,13.26,79.7,8.73,207
34.74,66.52,24.35,39.87,0.81,33.46,14.07,25.72,51.66,1.29,152
46.34,86.06,44.39,13.61,0.3,97.72,16.76,25.56,35.02,4.09,223
53.24,98.83,13.28,10.16,0.38,42.69,11.49,20.62,20.53,2.42,205
120.99,231.67,10.22,17.85,1.24,24.93,7.48,21.19,92.66,1.85,357
84.67,139.37,40.19,1.67,1.0,59.61,15.31,34.52,74.97,3.38,298
123.6,257.35,28.49,11.62,0.65,74.38,20.75,29.52,63.7,1.43,421
21.75,31.45,40.59,18.92,3.62,54.12,4.53,34.5,30.8,0.1,178
130.4,273.25,19.04,37.1,1.66,14.38,7.58,32.54,84.35,5.81,422
158.96,255.62,27.07,12.02,0.57,41.18,33.38,26.49,53.15,2.26,473
36.67,51.79,17.1,7.62,0.7,2.21,2.93,29.57,54.83,4.25,126
111.26,204.72,23.41,4.08,0.92,13.17,25.26,26.31,98.61,2.07,328
150.63,246.79,5.73,12.1,1.47,73.46,28.67,23.55,60.81,2.21,432
42.81,87.07,2.57,7.67,0.63,63.11,11.83,17.03,75.83,6.41,197
27.43,46.29,6.72,8.64,1.07,32.13,14.25,24.01,27.15,4.83,121
76.8,146.05,43.58,12.81,2.4,22.59,29.51,35.51,52.15,2.19,298
12.79,20.17,42.62,6.96,0.99,115.04,20.75,16.41,45.93,2.43,126
129.27,192.43,75.38,2.97,0.84,34.06,20.2,29.27,47.42,1.31,403
33.01,54.43,41.15,14.87,0.54,28.82,27.7,17.99,56.64,1.12,156
54.75,101.07,18.04,6.28,1.78,61.17,13.23,22.15,63.47,2.72,191
104.08,196.84,23.91,21.02,1.27,100.55,6.12,29.6,56.94,2.0,333
95.18,173.27,2.47,4.78,0.53,45.26,26.47,26.48,52.59,4.1,292
102.05,223.41,18.23,26.41,1.28,45.02,20.81,30.97,48.67,8.57,380
36.52,70.19,27.12,7.48,1.59,24.5,24.29,24.04,73.01,1.54,187
81.42,174.11,49.75,33.9,1.95,49.57,5.98,27.06,75.18,5.82,343
115.57,162.51,25.46,2.9,1.09,24.7,5.13,24.97,47.04,2.59,314
41.78,56.62,8.83,24.36,0.78,16.81,18.73,25.5,100.0,2.01,166
194.89,307.91,47.63,6.71,2.16,59.81,15.38,33.97,5.0,2.61,500
56.53,80.44,16.36,2.32,1.97,27.99,41.12,31.67,65.12,1.23,199
11.8,20.92,12.19,5.4,1.83,79.8,13.57,17.57,20.92,3.28,120
56.31,99.51,22.88,34.69,1.19,32.03,11.88,30.76,75.29,1.95,178
149.35,271.45,16.2,8.48,1.58,65.14,58.85,34.07,91.15,0.78,471
31.35,61.78,27.09,15.78,4.56,36.93,27.08,23.16,67.17,4.06,198
29.32,63.74,38.9,8.56,1.17,2.62,37.76,24.47,92.62,1.12,137
85.92,179.61,18.28,12.04,0.85,32.04,25.47,22.14,60.1,1.98,281
27.3,38.39,18.59,8.44,1.4,89.31,3.55,23.92,88.43,7.78,152
26.34,42.27,39.05,6.01,1.77,17.61,32.99,26.16,43.34,5.91,145
34.55,52.87,39.13,16.3,0.56,34.9,114.6,29.91,43.49,0.63,188
174.6,254.76,29.03,2.28,1.62,30.18,23.05,27.52,57.46,5.9,500
92.35,165.32,21.92,4.11,0.9,48.69,2.84,30.21,98.73,3.08,298
68.41,123.0,55.85,18.07,3.46,28.42,10.61,31.04,73.5,1.78,299
36.33,54.65,13.72,11.06,0.41,27.8,35.65,28.88,16.1,2.0,140
114.66,222.53,39.41,22.47,2.07,91.36,6.68,39.94,76.45,1.82,387
98.67,193.35,13.2,38.09,4.32,7.13,37.2,23.48,79.58,2.52,379
182.55,240.76,26.55,18.21,0.36,26.99,13.06,38.0,35.84,2.74,484
31.03,51.39,7.64,38.11,2.56,31.57,10.22,17.58,67.27,0.46,164
27.89,58.59,27.18,23.74,0.72,64.25,24.85,24.32,61.69,1.97,152
12.14,21.46,58.14,8.52,0.23,14.92,29.68,27.12,46.19,2.33,108
93.85,151.36,45.79,20.71,0.61,59.47,41.3,24.49,48.36,4.2,344
77.7,118.76,3.61,32.45,1.75,56.2,13.85,33.39,17.75,1.6,227
49.13,74.63,56.52,15.9,1.65,37.89,45.25,12.93,,3.32,181
11.89,16.53,15.79,17.89,1.0,24.25,37.16,22.39,49.89,7.5,100
160.66,327.03,34.93,5.5,0.36,40.69,10.0,21.57,49.6,2.7,491
74.92,103.24,24.0,18.39,0.29,18.68,12.85,2.0,51.8,2.71,186
140.69,219.91,14.72,12.28,1.22,26.26,7.92,17.36,93.75,2.57,381
149.39,200.35,32.07,8.46,0.42,6.25,14.68,37.27,62.55,1.7,401
92.02,184.35,15.23,25.38,0.76,8.34,30.91,23.34,73.5,1.68,296
101.25,135.2,40.64,2.71,0.37,77.38,11.14,17.36,68.59,0.88,309
40.73,64.25,15.02,16.34,1.51,67.44,24.79,31.9,56.05,6.69,178
70.76,128.49,13.57,20.87,0.55,6.65,25.58,14.17,88.65,0.21,210
125.83,209.96,41.34,10.55,2.4,55.83,24.64,33.62,87.94,3.25,389
34.63,53.82,96.19,35.77,0.49,2.0,20.22,33.91,73.8,2.29,219
120.08,185.84,49.05,11.89,1.48,39.87,33.02,25.81,60.24,5.71,409
115.09,232.25,44.22,5.38,0.1,35.77,9.55,28.59,54.97,3.1,372
113.12,246.21,24.77,5.23,2.82,107.76,29.07,43.51,65.66,2.46,379
67.34,108.64,38.91,12.35,2.13,62.58,21.7,27.44,22.03,6.11,257
36.77,49.09,18.24,4.6,2.14,27.1,20.12,42.63,57.07,0.1,124
194.2,258.85,64.53,42.94,1.64,19.16,14.12,28.72,77.5,6.4,500
154.42,306.26,4.99,8.05,1.49,68.33,6.59,27.69,27.52,3.65,465
68.48,123.07,23.9,31.07,1.22,46.47,25.08,10.64,25.75,3.12,282
77.79,155.99,19.71,27.4,0.54,2.64,14.87,24.85,42.81,3.4,267
53.87,103.86,24.9,15.37,0.24,27.69,52.06,27.1,39.33,0.85,157
13.02,27.56,14.17,10.31,0.99,70.57,50.08,39.12,69.59,3.21,78
61.44,128.85,28.1,12.25,0.64,27.69,8.84,31.76,63.44,6.89,239
92.54,185.96,13.8,23.5,0.48,26.58,86.23,32.34,85.12,3.07,300
42.72,73.8,17.25,14.22,1.32,46.85,7.35,25.57,32.25,5.63,172
51.83,81.76,35.84,25.56,1.7,53.49,44.24,34.37,57.42,0.96,214
51.48,90.42,117.41,6.05,1.22,13.73,31.26,37.21,89.92,2.48,284
71.42,125.12,17.04,15.79,0.22,69.98,9.56,23.31,86.83,0.29,244
55.51,102.65,32.07,8.14,2.67,59.48,18.05,26.72,23.67,1.85,251
33.19,48.71,54.08,7.34,0.32,29.03,13.46,25.48,17.96,4.35,116
71.25,134.67,33.55,8.55,0.24,43.87,13.37,23.05,68.1,10.59,251
89.35,152.87,21.42,19.38,1.32,112.3,26.06,18.99,33.36,2.3,294
75.88,141.0,21.13,17.24,1.02,139.67,21.49,36.05,43.26,11.15,307
11.95,18.12,56.83,1.21,0.95,74.62,9.43,30.9,68.76,1.49,158
100.77,170.39,3.44,35.11,1.08,12.88,46.56,26.24,57.14,5.98,277
25.47,37.93,27.92,15.6,1.09,85.3,29.09,17.56,80.51,1.24,156
88.34,184.42,19.12,6.73,0.52,61.83,20.04,33.6,31.3,1.81,271
90.96,158.2,5.63,21.48,0.92,66.11,15.51,30.1,58.81,1.06,277
17.84,26.81,25.9,26.82,0.54,11.03,11.4,25.89,47.47,1.67,87
117.49,157.09,15.06,13.58,0.69,23.75,44.07,12.79,66.85,2.6,334
192.93,368.15,9.77,11.53,1.3,17.89,9.58,14.73,62.19,0.42,500
52.99,79.12,61.39,8.69,0.49,68.09,8.11,20.52,63.5,0.61,238
88.35,193.54,11.43,19.34,0.67,37.05,37.34,18.86,81.99,0.53,283
46.44,82.67,8.95,18.28,0.26,35.5,12.31,31.94,72.25,3.1,167
25.17,39.26,6.74,23.9,0.89,12.22,18.41,31.08,85.69,0.1,87
124.87,236.25,30.99,20.66,1.62,30.36,50.44,35.1,52.79,0.42,411
89.84,139.05,33.59,16.89,0.39,56.06,9.16,19.97,73.21,3.64,272
38.69,78.86,95.13,14.21,0.64,127.73,5.91,24.64,45.68,3.69,262
26.15,41.24,19.42,15.3,0.28,93.49,25.24,27.6,45.54,2.62,120
199.6,437.01,16.89,22.88,0.76,62.95,22.04,29.45,34.41,1.51,500
20.63,38.06,8.65,21.7,0.85,88.08,6.32,33.75,100.0,1.05,127
98.37,202.64,35.01,11.49,1.28,89.69,49.09,36.91,38.05,5.53,334
74.1,101.18,6.45,10.01,1.08,29.59,12.83,42.08,77.43,1.22,230
109.51,176.69,14.88,38.81,2.2,42.58,25.43,22.73,68.61,2.63,389
167.06,328.07,29.7,3.23,0.24,4.06,43.18,28.69,63.73,3.61,469
4.19,7.92,15.38,7.31,0.4,4.48,21.72,21.42,61.7,7.24,5
28.76,42.42,15.01,14.84,0.13,17.2,62.27,34.39,56.65,3.64,120
60.05,97.31,12.8,29.59,0.41,35.43,6.06,23.3,46.37,4.4,208
175.52,269.79,63.85,26.24,1.94,39.97,10.97,26.37,87.94,3.01,500
48.01,88.91,14.32,13.41,2.31,10.43,31.89,29.05,37.0,0.93,176
41.23,66.38,35.35,3.35,1.33,36.13,25.53,24.58,60.93,2.0,175
7.55,11.91,13.52,7.91,0.65,78.77,12.02,36.66,59.94,0.45,69
38.13,56.68,16.71,15.81,0.97,67.84,21.16,21.33,68.53,0.12,173
96.12,160.34,25.09,19.91,1.14,14.06,24.09,33.61,76.78,4.24,308
60.33,89.04,59.9,28.12,0.98,31.83,16.45,24.72,49.49,1.06,227
37.37,80.95,2.56,12.12,0.53,39.37,16.89,12.8,56.03,3.89,152
201.17,289.49,55.09,4.32,0.49,65.31,2.16,26.23,,0.71,500
52.79,112.01,11.3,3.26,0.55,15.52,33.74,29.34,72.35,0.71,160
71.41,120.38,27.61,10.22,0.52,58.34,10.68,36.82,75.65,4.62,231
35.53,58.28,22.99,21.7,1.92,34.81,7.81,38.81,46.6,2.16,170
25.0,37.71,7.84,12.23,1.31,2.0,13.06,30.39,67.59,0.55,70
104.8,196.2,15.12,2.83,1.85,80.21,19.31,14.01,61.15,1.98,325
14.67,28.12,23.05,9.37,0.96,14.31,5.96,29.12,54.74,2.34,113
90.65,155.99,7.16,27.4,1.39,79.87,6.41,22.68,79.73,1.95,282
82.1,110.85,47.26,1.55,1.37,19.92,18.76,25.89,97.09,1.02,287
27.25,57.95,25.2,9.67,0.99,39.76,18.71,18.17,29.96,2.71,108
,70.64,15.67,26.14,1.02,17.94,7.86,24.06,61.15,0.6,146
53.1,89.63,18.63,6.56,1.31,5.75,18.82,23.6,31.28,2.05,195
23.27,43.1,47.06,13.37,1.17,43.6,21.31,27.81,33.12,3.29,125
11.03,18.82,54.8,21.03,2.82,88.76,46.2,27.76,50.61,6.99,149
57.16,90.86,12.05,45.78,0.74,28.01,13.84,19.46,43.64,2.01,222
108.35,148.4,8.56,22.11,0.97,13.0,9.75,15.42,22.25,1.42,329
76.76,131.29,38.7,4.49,0.94,51.43,9.89,15.51,82.35,4.66,276
134.7,274.32,9.67,31.08,0.96,44.69,7.31,16.2,55.97,3.81,419
48.28,63.5,33.64,14.44,2.32,17.35,18.45,28.67,51.32,1.92,189
66.98,122.17,10.91,3.92,0.42,60.2,47.78,29.09,54.41,0.25,204
32.39,67.79,10.84,1.56,2.11,15.93,18.35,29.9,73.9,9.53,96
69.09,103.34,5.59,3.19,0.69,28.44,2.37,17.14,42.6,0.61,206
129.93,190.34,79.54,7.79,4.85,29.49,8.67,21.36,51.2,4.96,425
92.43,184.41,55.02,11.54,0.45,40.68,33.25,20.99,14.79,1.22,324
142.12,217.39,19.28,14.86,0.9,71.43,8.97,27.28,53.31,3.29,408
79.83,117.57,28.67,21.01,0.47,76.91,11.57,28.02,19.59,2.9,250
60.57,99.35,28.06,3.33,3.79,42.32,18.17,32.57,67.73,1.8,256
168.25,278.15,80.42,6.64,0.63,78.02,13.37,25.87,41.52,0.66,500
71.07,148.31,32.45,12.79,1.31,20.77,38.64,48.0,51.32,0.79,256
191.78,356.05,44.03,12.01,0.76,18.71,6.02,33.39,32.6,3.17,500
119.22,198.55,61.16,15.24,1.01,21.08,11.06,23.04,51.37,0.82,392
38.54,68.64,11.8,9.8,1.97,32.9,6.71,22.81,84.18,2.07,167
56.2,121.32,13.5,24.16,0.14,26.39,13.33,30.75,47.64,1.38,189
167.31,234.55,54.88,17.75,0.25,36.9,6.04,23.06,39.89,2.86,488
134.73,200.34,18.75,17.52,1.03,30.16,19.87,21.66,40.24,2.98,386
107.28,232.39,10.4,3.62,1.24,18.65,13.33,23.86,61.37,1.64,348
99.62,215.34,26.87,26.72,1.32,8.47,24.31,28.4,91.27,3.85,359
21.32,31.11,53.71,29.12,2.26,16.93,27.05,28.93,43.34,2.75,170
26.02,37.22,86.03,3.52,1.75,34.01,5.73,13.06,52.94,6.03,174
77.15,129.54,69.91,42.78,0.1,36.5,14.77,22.75,6.17,1.38,306
32.95,44.31,2.0,13.74,0.12,29.61,9.54,34.58,39.13,3.55,117
53.43,100.95,19.22,7.56,0.3,39.65,15.18,43.28,54.28,2.9,166
50.6,69.31,8.12,7.25,0.57,17.52,14.75,26.76,64.97,3.75,151
96.29,130.2,12.31,2.79,0.9,20.49,3.63,28.32,26.44,2.17,219
79.25,137.63,27.6,31.75,1.07,52.57,28.91,26.25,85.46,4.76,280
128.03,276.81,27.47,7.9,0.53,54.2,15.45,36.21,41.24,1.04,373
80.3,135.23,2.0,8.97,1.89,37.67,20.26,21.86,75.53,1.65,237
76.12,123.37,12.37,3.35,0.44,117.0,23.85,35.22,10.28,1.24,222
65.3,143.55,73.15,16.08,3.4,14.25,8.85,36.7,27.35,4.18,325
140.89,250.6,6.45,12.81,1.14,13.39,7.57,34.22,94.68,1.51,385
65.81,107.78,53.86,32.61,2.31,61.13,24.17,25.19,34.52,6.16,268
37.62,61.98,15.85,2.52,0.78,4.49,29.55,29.26,45.15,5.19,131
102.86,151.76,23.96,15.39,1.15,127.5,34.8,37.05,81.11,5.37,331
60.12,105.87,58.68,3.77,0.92,72.83,27.53,31.08,43.08,4.4,228
118.26,200.45,20.03,6.36,0.21,46.16,12.81,14.08,58.51,1.19,338
150.65,232.55,76.24,12.79,1.1,63.56,31.1,27.61,42.37,1.18,460
56.29,81.31,6.22,38.28,0.3,43.61,9.9,21.0,44.33,2.81,219
147.21,232.6,46.5,1.0,0.84,50.06,15.6,30.36,20.31,2.49,439
120.28,211.43,42.45,1.24,0.91,127.21,44.9,28.59,51.8,2.2,426
43.02,58.19,70.52,3.86,3.65,47.1,9.69,20.38,75.9,0.83,252
33.47,48.14,37.37,12.61,1.76,30.67,81.75,32.44,69.0,3.15,196
31.23,67.25,21.72,3.06,0.97,7.64,37.08,26.53,73.68,2.44,144
25.48,45.58,11.58,1.42,1.19,10.57,33.58,26.02,50.32,5.56,95
138.1,187.42,18.67,16.26,1.8,89.68,20.1,25.88,74.84,2.92,412
56.89,109.44,5.46,8.64,1.63,26.85,3.54,26.76,59.5,7.21,190
39.05,52.93,44.78,26.66,1.05,122.17,14.82,27.82,13.41,1.29,208
45.02,88.46,23.83,16.44,0.63,77.18,11.74,31.27,45.84,0.58,199
93.22,184.11,21.25,16.71,1.67,55.92,17.66,25.88,9.31,1.99,326
177.63,335.0,17.55,6.41,0.19,26.4,14.21,30.27,69.02,4.96,494
43.49,85.21,40.77,28.85,1.42,,13.52,33.18,41.23,3.76,269
111.48,153.75,21.13,4.46,3.59,18.58,42.48,36.49,48.66,1.09,320
65.63,128.24,25.74,9.22,0.59,48.43,12.16,21.27,99.0,2.64,236
93.98,133.73,25.38,13.43,0.55,30.56,28.88,20.53,46.12,1.33,291
35.05,56.27,37.01,26.09,0.93,24.67,68.15,18.09,62.42,2.06,195
103.93,223.28,35.04,3.12,5.02,19.36,38.17,24.2,60.95,0.15,397
53.58,93.9,58.59,17.11,0.18,48.09,30.87,32.38,47.19,5.95,238
46.63,101.23,53.54,5.74,1.53,42.41,11.23,14.11,32.35,1.73,212
63.77,88.01,17.32,9.55,0.4,68.47,7.91,21.3,86.65,0.48,220
97.87,169.3,83.83,25.59,0.33,31.09,13.25,20.14,80.94,1.14,364
58.14,78.84,34.69,9.72,1.3,41.13,13.82,26.52,56.07,2.85,221
46.98,87.73,96.05,9.45,1.92,26.18,32.46,33.7,76.86,0.68,262
59.55,81.63,31.34,4.51,1.15,42.19,9.45,19.84,12.95,2.02,196
58.5,85.28,18.72,4.37,0.1,27.87,34.79,33.47,68.43,0.32,156
92.6,141.94,15.49,17.9,0.28,87.04,3.5,38.65,58.61,3.82,264
49.31,97.33,4.96,13.45,1.09,57.47,15.2,33.09,90.37,4.73,169
48.39,70.04,29.36,16.24,2.41,43.87,37.7,23.02,38.53,3.21,202
35.29,72.77,30.55,9.67,1.19,61.32,33.58,14.44,42.28,3.7,184
96.61,137.07,24.16,10.1,0.1,24.84,19.87,30.4,44.08,4.89,271
72.12,96.05,32.75,18.26,2.69,18.84,15.6,32.72,57.06,3.04,262
140.33,232.32,7.34,13.55,1.42,22.09,28.69,27.23,52.55,4.47,421
128.92,281.23,22.59,1.05,0.9,19.79,17.6,38.42,62.06,1.92,394
77.14,107.94,9.23,34.06,0.97,17.17,9.36,8.9,34.05,2.12,257
60.96,84.83,33.49,7.03,0.25,190.04,14.4,27.8,40.12,0.88,201
65.78,129.98,27.78,24.32,1.64,9.52,6.1,33.92,66.91,1.08,246
41.1,64.98,53.2,24.87,1.76,17.01,44.48,33.95,80.08,2.39,210
35.59,69.25,19.19,18.91,2.27,42.26,36.12,22.26,72.4,2.42,184
31.65,46.84,52.97,21.29,1.68,12.09,13.83,23.88,16.95,3.59,185
57.35,98.3,22.45,44.51,3.17,32.52,23.29,35.71,55.5,9.48,260
5.02,7.73,40.31,1.25,1.78,44.03,3.32,25.68,69.98,3.25,102
173.26,295.64,12.86,17.41,1.77,23.35,19.31,30.17,30.07,3.19,457
28.86,57.49,25.44,24.54,0.42,52.52,7.15,23.08,61.87,4.49,127
203.55,404.21,23.43,2.59,0.28,59.75,22.74,19.65,25.67,0.85,500
29.19,51.5,55.36,21.03,1.15,9.51,56.32,31.72,53.36,3.84,181
66.04,141.03,23.38,4.29,1.04,12.86,10.57,23.88,91.42,0.81,242
85.59,131.59,23.58,8.43,0.11,16.7,3.8,26.12,42.77,1.17,228
70.18,106.42,91.35,10.27,1.05,26.68,26.72,26.93,70.0,1.04,295
43.4,80.4,45.04,6.39,2.36,3.06,12.91,22.7,52.28,0.73,173
41.8,77.72,19.84,11.27,2.0,38.94,32.06,16.51,73.83,1.58,191
112.29,150.68,37.47,14.44,3.81,39.72,35.27,26.22,93.88,3.99,389
142.98,264.08,48.14,3.26,1.68,32.28,33.85,25.82,16.35,3.83,480
13.62,22.29,27.1,27.43,2.5,23.85,16.34,22.55,38.37,0.54,95
78.14,154.15,43.84,15.22,2.15,29.25,53.04,26.56,51.24,5.38,292
98.37,199.43,25.4,24.34,2.64,25.53,9.6,36.45,73.18,3.84,298
74.44,133.77,55.64,13.52,0.66,47.24,39.81,11.52,49.82,3.68,299
20.49,26.66,4.13,41.61,0.4,77.66,12.46,10.28,100.0,5.07,134
93.25,174.64,11.2,25.53,3.14,15.45,15.86,31.15,28.37,2.62,299
130.67,257.94,17.92,10.51,0.34,85.4,29.66,23.15,64.54,2.13,399
34.85,53.11,43.77,6.08,0.8,59.08,13.95,21.25,54.24,3.76,179
43.03,73.93,32.52,6.32,0.81,65.31,41.18,34.24,58.1,2.56,180
75.37,163.5,13.35,6.69,0.99,55.74,5.81,30.71,63.65,2.4,280
62.18,97.52,27.85,22.72,0.85,28.08,44.51,22.93,74.66,0.39,222
43.21,64.85,4.36,13.54,1.08,25.65,36.79,29.12,36.64,2.1,157
24.89,37.09,6.51,39.18,1.43,85.6,39.77,19.0,25.94,3.32,134
46.06,83.05,5.61,11.29,1.33,36.09,11.42,18.6,5.0,4.21,162
8.75,18.85,9.49,10.76,0.12,40.8,5.88,26.58,39.64,0.84,9
99.53,183.91,42.43,7.6,0.71,10.63,14.42,24.82,93.09,1.21,353
38.13,59.98,33.39,7.14,0.88,42.77,60.65,27.46,31.91,1.45,179
110.26,206.71,20.34,2.24,2.56,6.24,9.56,19.81,47.72,3.59,339
55.57,103.48,43.4,28.36,0.21,11.7,9.75,26.87,75.7,0.6,203
72.32,132.86,58.09,3.55,1.93,49.8,5.12,27.91,26.05,3.75,257
16.18,23.35,9.87,6.27,1.75,6.43,11.91,26.77,49.82,1.58,58
104.48,195.49,54.27,10.13,1.22,24.59,10.34,16.92,51.49,6.36,360
281.74,475.34,13.26,2.4,1.26,49.6,26.06,18.19,31.38,8.4,500
49.54,65.23,15.35,8.27,0.71,16.94,23.42,38.63,44.65,4.58,166
71.37,127.45,79.52,4.52,0.8,60.08,23.24,12.36,92.72,0.95,275
77.78,170.36,28.62,11.23,1.76,41.31,13.02,32.65,73.65,0.88,313
22.11,35.7,17.22,53.47,0.51,48.12,19.29,23.7,69.99,2.38,117
27.81,60.31,38.1,9.42,1.17,21.24,8.41,25.52,19.58,1.08,122
94.6,131.17,47.2,15.87,0.63,21.29,8.18,19.32,63.6,4.59,282
34.86,68.3,28.87,22.55,1.48,26.79,34.23,12.83,85.62,1.78,196
55.21,77.46,17.23,6.84,0.88,102.73,29.15,27.95,45.3,7.09,217
72.43,112.0,32.35,1.29,0.41,20.81,17.41,22.82,49.32,2.21,205
96.89,175.73,39.89,3.54,1.89,28.72,15.69,28.44,7.73,4.12,311
57.46,105.35,22.78,13.56,0.47,54.79,23.55,30.64,87.83,1.25,167
58.57,117.0,76.35,2.63,1.12,20.66,17.06,35.08,79.88,2.06,261
254.35,471.5,31.35,12.17,2.97,21.18,14.04,29.59,51.42,1.87,500
122.1,223.96,45.4,14.13,1.81,44.33,33.87,30.66,58.51,1.33,399
50.58,107.29,46.35,4.2,1.15,79.71,25.38,25.49,60.66,5.09,257
59.07,100.83,6.77,13.0,0.71,76.81,16.25,9.79,67.78,2.57,244
195.89,294.37,38.24,8.03,3.56,46.53,10.88,33.34,55.3,6.62,500
97.12,140.4,40.97,16.57,1.12,56.64,2.26,22.66,59.13,0.91,318
132.52,219.98,16.99,19.49,1.16,13.98,15.52,11.39,31.56,4.05,385
49.61,96.33,14.88,6.69,1.22,32.41,2.54,24.14,64.7,1.1,176
45.33,60.66,6.65,42.88,0.51,23.3,2.37,15.11,81.95,7.98,124
166.38,235.63,61.7,2.45,1.03,32.73,5.37,26.1,45.84,7.8,462
62.35,87.01,12.71,4.82,1.02,14.59,1.46,29.92,60.88,4.13,178
61.65,112.61,6.96,6.55,0.63,63.66,13.8,24.99,52.38,1.5,220
47.18,71.64,19.61,16.53,2.23,62.33,5.46,28.13,39.18,6.14,184
129.13,187.19,10.85,2.6,2.4,21.23,8.09,27.29,69.45,4.2,386
75.04,137.58,6.84,31.28,0.87,43.12,21.18,37.52,53.77,1.65,271
26.34,52.3,101.78,7.31,2.45,33.17,24.98,27.6,56.91,4.16,212
43.21,69.09,10.26,8.91,1.38,65.86,23.23,21.84,100.0,4.16,162
147.02,267.64,13.4,4.57,0.75,56.61,21.75,23.61,75.08,2.35,436
76.29,105.92,27.79,15.05,1.84,17.02,44.16,24.86,25.77,2.93,263
129.98,278.37,6.73,20.3,0.26,25.26,11.43,21.97,40.85,2.28,395
86.25,138.27,23.6,8.92,1.18,11.98,8.56,16.08,44.79,4.07,264
29.5,64.82,39.18,29.66,2.43,21.49,14.21,20.08,41.54,1.98,193
92.7,202.14,29.97,8.59,0.54,149.75,10.32,22.9,45.19,0.44,352
63.43,126.92,34.79,9.88,0.38,166.57,26.07,22.86,74.56,0.28,295
44.15,58.19,22.95,7.75,1.08,36.97,29.34,33.12,76.8,2.06,155
47.14,84.34,17.48,17.11,1.03,25.94,41.37,35.49,91.39,0.47,166
127.83,176.17,35.25,12.41,0.36,46.02,25.99,29.82,67.0,0.68,358
78.09,164.42,33.52,7.2,0.1,90.75,28.05,28.82,78.4,2.7,283
74.29,149.38,9.85,12.94,0.11,89.43,6.0,25.96,76.51,5.47,229
177.13,385.27,27.48,17.78,2.53,47.52,45.56,33.21,47.89,3.18,500
38.6,71.32,24.15,14.76,0.1,108.58,14.68,30.94,40.72,0.49,164
61.26,108.43,39.89,6.88,2.15,33.3,4.11,32.81,96.34,2.71,219
41.23,72.85,32.16,14.07,0.31,58.3,34.63,13.39,80.87,3.88,181
91.48,150.74,57.61,5.42,0.64,41.93,30.38,42.55,22.62,3.6,285
75.23,129.53,47.66,8.92,0.43,3.03,9.23,18.42,50.58,2.6,247
50.37,94.29,51.61,5.82,0.58,43.49,17.49,29.3,89.27,3.51,202
55.12,117.94,40.69,11.32,1.95,36.95,35.47,25.43,79.72,1.32,222
119.63,219.67,50.02,18.45,0.52,36.46,22.1,18.66,45.7,2.23,402
140.07,290.15,18.76,39.44,1.83,52.35,24.19,22.47,64.64,1.78,460
43.06,89.4,46.36,28.98,0.68,11.37,21.33,27.76,41.22,2.26,207
289.36,511.29,24.25,42.74,1.02,56.87,4.98,21.38,40.6,2.96,500
21.55,34.76,6.98,22.9,0.33,23.71,20.37,24.94,81.67,5.36,81
28.52,53.48,45.91,31.63,1.47,8.03,28.35,24.78,47.62,2.13,194
53.34,90.75,30.14,1.0,1.77,7.16,12.08,19.52,69.22,2.73,192
36.96,50.76,64.4,52.13,1.18,9.81,37.55,24.03,87.15,1.64,197
33.46,54.88,27.24,10.75,0.64,23.25,13.35,33.7,64.02,1.64,166
137.86,302.56,13.08,52.56,0.85,57.32,14.48,20.66,50.94,3.19,457
93.73,125.94,16.05,37.78,0.51,57.25,21.99,34.13,100.0,2.9,333
69.87,134.64,21.26,13.33,0.32,25.33,10.09,15.92,68.65,2.88,238
44.33,91.19,30.79,1.25,1.37,55.05,43.57,24.63,31.26,0.44,228
29.53,55.63,50.5,23.26,0.5,22.05,21.38,32.97,63.21,2.07,176
28.4,51.48,30.32,1.0,1.3,17.42,31.07,31.85,85.66,9.33,118
137.43,266.17,9.66,20.19,1.59,4.42,31.78,39.47,,1.68,425
133.81,225.66,31.08,2.28,0.92,80.02,28.88,24.69,79.31,0.97,441
54.27,75.01,56.02,12.51,2.26,18.62,44.13,23.92,56.66,6.45,268
19.97,43.26,27.7,22.44,1.11,22.23,26.91,13.34,55.95,3.07,125
99.2,167.55,34.62,18.81,1.12,42.86,22.41,22.33,47.26,6.46,302
54.42,103.33,23.63,20.26,0.49,29.6,31.54,26.55,20.98,1.34,210
122.99,218.7,23.47,20.27,1.55,89.76,39.61,32.83,54.37,2.86,400
28.01,37.79,51.84,23.83,3.17,56.23,13.32,8.32,73.06,4.39,174
69.48,149.9,43.27,7.16,0.51,16.35,11.79,21.36,50.98,1.45,268
25.9,52.14,107.03,28.36,0.56,24.46,17.98,34.42,37.65,5.09,195
37.77,54.17,17.5,5.01,1.58,27.25,16.16,30.71,84.6,6.73,145
37.06,80.92,14.58,28.16,1.04,9.27,22.46,17.39,25.44,3.37,141
53.65,105.32,7.23,18.89,1.36,50.55,18.4,32.37,47.41,0.23,195
144.97,250.09,21.09,13.66,0.98,65.3,15.77,30.44,27.34,5.57,418
72.03,133.27,24.48,6.81,3.69,18.2,10.7,38.74,52.38,4.47,295
110.03,153.6,14.02,3.15,0.45,50.55,2.51,28.47,54.87,2.77,285
68.97,124.45,35.24,6.51,1.89,68.47,16.12,30.45,63.12,9.27,267
48.34,66.04,43.87,6.78,0.76,20.77,7.99,35.0,100.0,2.57,189
10.33,18.49,34.12,23.03,0.82,47.34,6.94,26.66,28.04,5.6,93
29.28,52.63,10.72,3.47,0.86,70.01,13.38,32.38,31.0,1.19,140
65.34,136.37,14.94,15.07,1.94,24.64,20.13,21.82,36.64,2.89,246
73.57,143.65,26.79,17.1,2.35,29.41,8.23,20.95,78.39,1.87,298
123.28,187.95,54.14,3.77,0.41,27.75,16.26,36.28,41.89,9.13,381
15.52,32.59,22.75,22.48,0.31,4.61,9.38,21.46,5.0,8.15,102
227.89,413.83,3.45,15.73,0.86,19.41,19.05,32.04,49.75,1.07,500
10.2,18.82,20.94,29.11,1.86,55.6,6.73,27.66,39.99,2.67,69
62.41,90.62,25.58,25.02,0.54,35.85,10.34,26.3,37.97,1.46,190
41.94,86.89,68.95,15.35,0.97,101.84,29.82,33.55,57.67,1.36,253
29.72,63.53,3.41,6.03,0.3,60.33,14.09,29.63,74.96,3.2,87
170.18,339.93,44.1,6.09,0.57,48.19,27.66,26.42,81.87,1.24,500
43.25,92.85,7.34,3.77,1.46,12.27,32.2,28.82,17.89,5.71,172
14.4,22.64,17.9,4.77,0.36,89.6,4.25,26.93,78.65,3.54,106
22.79,47.29,33.34,17.49,0.27,56.13,8.64,29.84,74.05,0.14,111
133.12,231.63,48.11,13.07,1.42,29.84,23.81,25.09,48.8,2.79,434
23.79,34.43,15.06,2.59,1.22,57.94,12.96,32.77,66.58,3.79,118
18.78,35.71,18.39,18.08,0.8,25.28,25.79,17.7,41.78,3.83,106
74.54,142.8,22.53,25.69,1.36,41.0,17.13,23.28,9.99,1.12,271
53.37,83.16,14.35,26.82,1.47,,9.03,31.85,51.16,3.32,203
89.21,118.18,64.51,2.18,0.62,43.49,9.21,18.06,52.33,0.5,262
48.5,71.77,30.03,25.41,0.27,23.66,10.43,44.28,18.43,1.91,204
105.67,175.39,41.57,17.84,1.33,20.49,27.18,22.93,64.04,5.71,355
20.85,30.25,22.74,8.48,0.32,21.04,21.46,25.83,90.55,0.6,100
17.39,25.65,22.59,35.94,2.39,40.23,4.3,22.23,66.41,2.18,136
79.33,131.08,51.08,6.36,1.18,35.42,16.05,28.38,58.66,1.31,304
53.42,115.7,25.39,1.0,1.66,17.57,13.64,23.71,80.61,1.82,179
46.53,92.49,37.1,8.81,0.86,34.47,34.76,37.75,90.7,0.9,171
99.16,157.44,19.43,7.27,0.7,13.09,33.61,22.84,25.01,5.44,253
248.57,536.04,15.39,16.7,2.33,23.37,20.32,30.06,33.8,1.23,500
17.81,33.49,29.17,19.21,1.23,26.25,26.08,25.28,48.64,2.29,117
148.4,253.75,13.04,19.91,1.79,11.0,5.81,24.28,55.38,2.12,427
102.02,175.62,6.19,12.81,2.28,56.97,21.1,28.36,18.54,3.41,295
44.98,75.1,19.55,13.42,1.9,38.15,23.72,19.38,71.66,1.11,160
178.32,269.21,74.57,34.7,3.66,87.29,3.61,21.2,45.29,2.12,500
22.91,37.75,36.25,1.6,1.66,49.37,7.47,29.49,62.37,1.81,125
87.09,154.59,17.17,20.58,0.4,30.05,35.63,26.74,46.72,7.34,268
56.82,100.86,37.31,14.3,0.78,50.65,3.43,26.85,89.36,9.18,230
44.99,89.33,56.12,8.75,1.29,37.84,12.25,37.11,43.84,9.07,226
25.88,42.0,14.18,11.22,0.41,22.6,7.43,32.54,53.06,1.99,103
311.71,600.0,37.27,14.52,1.38,55.09,9.23,20.82,65.89,0.95,500
44.7,81.36,19.16,5.28,0.86,34.59,14.61,22.5,51.06,4.75,140
6.32,13.68,60.37,17.54,0.74,24.06,31.66,19.62,46.11,5.03,113
113.34,186.64,16.98,18.99,3.05,45.73,9.96,21.45,82.09,1.92,376
81.95,173.01,18.68,20.26,1.76,23.04,21.14,33.78,49.58,2.69,306
52.86,107.77,34.53,29.84,1.28,33.64,36.84,34.51,49.14,2.05,219
49.15,92.11,12.6,4.79,1.52,24.1,11.8,21.79,54.87,2.34,191
61.53,116.23,11.93,6.83,0.39,13.33,21.29,27.73,60.11,0.34,209
113.97,156.85,58.7,3.32,2.92,46.38,48.26,26.06,57.85,1.17,379
82.76,178.36,51.18,14.72,1.43,43.03,17.82,29.85,20.3,1.1,337
92.28,128.85,42.52,9.8,0.66,33.32,9.53,30.66,77.91,3.14,269
92.25,166.69,15.08,25.4,1.2,35.05,21.55,30.87,45.52,5.82,272
117.41,187.51,26.13,36.43,2.4,21.77,20.34,19.81,78.3,1.77,369
140.26,236.61,28.63,32.94,1.8,28.74,9.32,21.2,62.07,1.26,438
38.41,71.03,71.58,14.8,1.35,42.81,4.05,11.94,59.87,3.7,197
74.48,157.74,24.58,49.76,1.92,48.91,8.63,30.72,23.74,2.76,271
136.0,232.8,13.97,17.36,0.72,28.49,13.77,30.02,37.22,3.2,398
38.18,83.58,39.96,5.44,1.74,52.88,18.11,33.71,38.03,1.48,187
156.3,286.59,29.11,5.24,0.31,15.34,15.53,10.29,47.51,5.79,429
37.91,54.76,43.65,16.21,0.9,142.92,29.1,30.68,30.74,8.83,202
84.88,124.86,63.69,20.46,1.47,14.97,20.44,17.09,56.5,1.77,290
53.56,104.16,66.28,5.58,1.85,29.45,9.41,31.73,93.57,0.86,241
47.19,63.49,16.6,10.52,0.4,31.69,15.96,40.03,35.51,0.7,147
89.18,154.49,19.54,1.17,1.16,35.09,33.27,33.55,84.63,1.2,288
141.01,202.13,2.61,1.62,1.13,44.17,50.32,21.42,37.79,3.43,376
52.61,88.9,13.78,4.43,0.11,25.27,15.03,39.45,16.67,1.78,125
149.29,294.83,24.12,10.34,1.46,18.49,9.88,26.05,26.68,5.04,439
36.79,63.02,59.56,14.75,0.57,86.88,24.73,21.99,40.48,1.46,183
142.35,206.0,23.46,8.91,0.85,39.7,19.3,27.6,31.68,1.22,400
70.52,107.67,48.13,6.85,1.33,25.66,38.88,33.47,61.14,2.96,253
81.34,132.64,15.78,17.43,0.89,44.22,39.61,26.21,42.39,10.19,279
25.2,34.34,10.06,13.16,0.35,46.03,28.17,24.12,86.0,2.86,100
45.7,83.44,25.59,11.16,0.63,54.71,17.96,16.64,80.36,5.7,159
,118.2,31.66,3.94,1.38,51.82,9.88,32.46,56.72,3.82,237
130.96,177.58,14.0,11.69,0.46,57.92,8.21,29.25,60.33,2.59,365
55.87,92.87,8.74,7.59,1.33,84.97,52.29,17.99,33.31,3.84,206
34.44,57.61,17.22,2.13,1.24,72.08,12.01,20.96,53.15,5.59,159
76.76,122.85,39.69,17.58,0.89,,3.61,42.86,46.5,2.74,256
211.39,380.92,25.53,24.82,1.63,59.59,25.87,28.69,64.01,1.24,500
82.71,133.27,11.6,7.18,1.95,9.78,7.82,24.11,69.17,1.97,249
55.39,92.77,13.1,11.65,0.81,60.65,10.66,22.79,47.19,1.39,176
77.22,155.82,42.9,4.68,0.69,41.3,23.34,36.86,82.86,2.66,270
32.52,47.02,22.14,5.61,0.75,9.83,10.51,26.92,79.69,2.67,118
162.49,301.78,6.76,11.11,1.07,42.8,10.92,29.96,53.34,2.17,475
160.69,282.02,55.14,23.26,1.44,57.14,9.79,28.99,100.0,3.83,500
31.45,49.51,7.2,17.92,3.18,29.69,14.42,40.64,58.43,4.68,134
158.12,309.09,49.97,11.48,0.51,17.72,85.59,21.92,62.23,3.83,500
77.78,139.69,16.13,7.13,0.38,30.62,25.59,18.65,62.84,1.15,252
103.39,178.83,11.01,5.11,0.37,57.58,3.63,27.7,65.13,1.31,317
64.97,123.5,28.28,5.46,0.95,43.25,8.58,30.39,25.36,3.85,217
68.53,138.57,21.08,4.27,0.92,30.42,27.4,27.01,53.5,4.15,228
40.61,88.34,17.0,28.9,0.77,46.81,4.19,22.3,35.89,1.14,162
31.85,59.45,29.43,3.67,2.29,21.6,29.54,18.96,53.84,0.27,150
30.47,63.59,8.19,12.46,2.26,60.42,10.48,16.08,74.97,1.46,159
133.52,173.71,27.07,36.58,1.82,30.97,25.82,30.28,75.01,1.53,395
74.21,131.89,28.53,8.34,0.8,52.83,8.66,12.41,61.73,3.57,267
33.06,49.37,16.03,32.93,1.28,52.4,15.38,29.37,65.63,4.17,136
70.0,96.93,2.0,14.92,1.65,14.84,5.56,25.4,16.74,2.06,167
15.21,27.06,21.85,21.85,3.22,56.91,7.9,38.13,47.44,11.1,128
,64.15,21.34,4.7,0.98,43.71,9.73,30.96,33.85,4.14,135
142.07,237.41,19.66,12.56,1.11,21.74,17.77,41.73,24.47,3.13,412
44.02,83.78,4.76,8.92,0.62,40.85,40.33,28.89,49.75,4.78,162
130.91,227.88,27.29,4.99,2.37,8.49,17.1,16.36,73.63,1.77,371
61.19,103.62,46.19,10.28,2.38,46.97,24.74,21.72,57.32,3.52,218
103.85,162.13,20.37,21.32,1.09,64.42,65.46,2.96,28.41,1.41,380
26.18,43.05,8.28,14.02,0.36,79.29,32.43,30.27,64.66,1.74,146
93.56,151.08,34.11,1.73,0.71,55.48,16.51,36.18,70.68,3.5,316
7.76,14.59,64.59,5.37,2.94,82.99,28.36,23.68,92.53,0.51,175
47.18,66.26,11.54,1.99,0.46,21.78,7.15,20.09,7.39,2.33,143
147.0,203.36,11.9,16.9,1.29,109.94,6.11,34.05,43.26,1.56,433
66.89,126.69,56.15,36.23,1.52,5.46,35.89,36.95,41.65,6.82,259
31.23,55.96,21.81,12.48,0.34,64.38,23.3,31.51,74.24,0.96,142
139.15,234.77,4.36,3.73,0.45,47.31,18.95,31.33,28.54,1.79,391
227.75,327.32,78.08,2.08,1.16,40.77,16.9,19.4,63.23,3.26,500
54.3,90.67,2.0,35.4,1.32,32.74,17.63,19.52,54.94,3.53,150
16.3,32.78,3.64,4.53,0.7,42.68,22.41,18.8,40.54,2.04,115
67.57,141.94,8.92,6.27,1.09,57.46,2.75,26.06,46.43,2.09,245
108.09,208.86,40.69,12.7,2.02,54.18,4.7,17.75,34.25,0.73,384
56.53,76.53,43.16,5.12,3.21,12.23,23.62,31.72,50.85,0.12,224
9.05,17.22,7.05,8.95,0.14,65.44,26.78,28.3,54.8,2.31,61
100.9,153.05,12.28,17.43,2.28,13.6,19.77,28.49,40.39,2.42,279
36.97,58.55,30.87,14.3,0.46,27.37,14.28,40.2,15.07,2.34,142
46.66,68.88,63.99,13.55,1.12,23.92,10.07,43.52,79.32,3.38,209
17.08,34.13,2.0,10.61,1.76,34.26,5.49,35.74,58.23,1.71,85
5.6,10.55,3.88,13.22,0.17,55.27,12.71,33.97,66.16,2.9,57
25.37,46.95,16.08,24.62,0.58,84.47,14.92,20.97,50.41,4.16,139
43.56,82.81,5.86,3.95,1.5,40.0,10.33,25.87,69.98,1.32,135
42.83,64.8,53.91,17.56,0.79,64.78,33.09,42.15,16.96,1.75,187
167.26,284.37,23.14,17.94,0.84,74.89,18.89,30.43,51.58,1.18,499
28.22,52.78,50.67,3.72,0.38,13.89,4.24,24.19,40.24,1.25,102
123.7,231.69,31.15,24.31,0.43,30.42,3.75,23.08,,3.93,406
72.43,145.79,39.7,7.4,0.5,39.13,20.47,23.09,74.75,1.58,275
182.92,285.07,13.84,7.4,1.87,13.16,8.25,31.26,24.8,3.69,487
,123.4,3.22,7.28,0.92,35.18,60.46,23.91,77.18,0.63,202
10.16,17.23,20.9,38.1,0.29,30.75,14.17,27.61,39.16,7.17,78
57.98,110.34,46.43,10.86,1.6,13.09,4.97,24.71,46.6,0.36,225
6.01,10.28,76.61,9.0,1.91,28.68,17.71,25.3,56.59,0.43,113
24.95,53.73,19.77,11.5,0.15,8.33,13.3,26.08,57.17,4.14,109
58.64,85.7,40.89,10.24,2.15,94.39,39.44,22.64,68.7,10.98,258
59.69,113.85,13.62,9.6,0.35,6.04,18.64,24.38,32.51,0.45,185
120.96,220.01,17.32,7.91,1.88,35.69,9.29,31.89,33.8,1.35,389
88.33,128.56,22.79,32.5,1.54,32.95,7.17,19.69,60.47,3.13,312
171.6,233.27,67.51,9.9,0.7,15.5,8.68,25.41,44.34,9.29,458
120.87,244.06,39.84,5.97,0.14,20.52,23.91,35.59,47.35,0.53,401
,160.29,35.85,29.11,1.42,99.03,31.56,19.38,27.45,2.56,356
215.91,316.92,65.09,18.28,0.97,13.67,26.23,10.4,58.51,4.15,500
117.0,255.13,12.23,23.65,1.81,2.0,3.52,15.97,36.43,5.22,357
153.38,298.4,19.61,5.91,1.08,49.88,49.77,25.79,78.86,0.64,481
15.3,23.34,36.06,11.67,0.94,45.06,4.68,24.8,27.37,2.49,84
51.71,94.72,15.27,23.75,1.3,9.47,6.15,37.44,34.16,1.98,174
85.81,152.8,18.86,33.05,1.01,38.44,26.55,32.4,40.85,2.3,292
68.98,142.1,29.09,12.92,2.27,37.07,6.53,34.68,70.0,2.91,239
35.91,70.26,23.48,13.33,0.83,31.28,27.12,27.61,43.84,4.2,143
112.07,229.58,9.39,17.16,1.9,108.47,25.85,23.01,18.52,2.07,382
130.07,193.84,13.46,30.44,1.45,28.79,7.9,35.5,63.58,0.43,368
61.54,115.47,9.3,15.91,1.17,67.44,12.74,23.6,61.26,6.05,235
53.72,71.79,40.8,38.03,0.19,85.05,18.42,23.43,39.78,1.89,229
44.33,60.38,13.06,16.89,0.91,59.29,42.35,22.22,69.4,1.57,172
115.2,223.74,36.18,13.94,0.32,34.4,15.63,33.42,82.98,1.27,363
52.92,69.95,27.25,11.96,0.64,,66.08,25.7,40.99,0.2,173
67.45,122.87,23.9,12.14,0.6,12.15,28.95,29.45,48.31,3.92,203
142.99,294.03,7.84,26.92,1.94,36.69,16.05,23.74,45.76,6.78,462
80.21,131.7,27.02,9.41,1.03,21.41,13.44,41.51,54.97,0.35,258
67.46,90.41,33.57,5.04,2.08,6.01,14.43,39.5,66.19,3.53,221
41.51,80.63,41.01,7.74,0.3,24.4,21.02,25.46,82.01,2.24,170
64.77,138.39,9.2,25.33,0.85,26.32,6.23,18.49,47.79,3.98,225
36.82,71.63,20.15,5.91,3.62,5.87,29.3,25.74,68.16,6.07,146
76.76,139.76,48.56,21.27,1.22,6.12,24.82,48.0,93.36,3.02,270
45.72,68.91,45.03,7.75,0.55,18.9,10.61,28.01,61.15,4.02,179
50.42,66.25,22.8,4.49,0.41,20.13,12.33,15.36,24.85,1.84,171
65.13,125.39,7.6,8.88,1.63,88.53,44.35,23.49,36.26,3.45,249
185.52,279.75,42.6,24.65,0.91,62.99,20.0,21.62,56.9,1.62,500
84.79,175.71,24.31,36.15,1.93,44.83,13.29,35.98,100.0,0.31,352
25.2,43.33,11.04,9.19,0.23,108.96,24.39,18.62,55.62,2.79,101
52.91,94.05,20.71,22.45,0.1,39.84,35.21,35.69,63.05,0.68,174
42.3,83.7,7.81,7.16,0.76,17.75,24.98,19.67,88.56,1.77,183
40.8,81.66,42.42,1.0,0.92,12.3,6.73,23.73,93.95,2.75,154
42.01,78.91,4.53,8.57,0.28,46.98,34.49,21.72,90.05,1.89,130
54.06,115.93,50.89,27.31,2.08,34.81,30.2,15.82,67.19,1.93,242
37.6,82.13,29.78,2.98,1.39,50.6,22.81,23.33,47.56,0.14,210
37.75,81.24,7.94,6.06,1.98,,29.55,30.78,85.69,2.79,154
42.44,86.64,19.21,26.46,1.99,58.59,6.88,19.6,74.76,1.53,196
40.83,79.01,17.55,15.58,0.32,79.66,31.61,28.0,31.44,0.68,163
33.16,62.9,11.76,13.77,1.22,46.11,3.14,11.5,55.18,2.29,137
97.9,136.41,27.74,3.87,1.53,43.63,24.33,25.23,52.13,0.1,311
48.75,75.28,65.76,6.87,1.92,23.39,10.4,28.38,30.55,5.66,247
55.92,72.98,12.73,12.01,2.66,43.89,23.56,25.87,43.49,3.39,177
52.75,75.1,25.82,17.92,2.41,32.32,8.03,42.69,55.07,1.46,230
39.57,67.08,24.58,50.53,0.33,53.24,26.49,22.03,47.4,5.35,195
32.1,45.97,27.52,16.48,1.03,20.05,17.83,19.34,66.85,4.72,135
,220.39,2.0,14.21,0.83,44.72,47.05,29.6,34.69,1.71,324
33.64,68.12,53.36,16.43,0.52,20.87,29.44,23.07,46.01,1.25,158
35.01,47.77,103.99,2.66,0.72,11.75,5.97,17.97,36.68,2.73,182
125.39,191.09,24.19,19.91,2.57,49.65,24.74,9.53,23.13,1.37,406
42.99,87.57,40.28,2.43,1.22,9.46,28.82,32.63,45.03,2.5,183
64.74,130.96,32.69,31.59,0.11,50.09,26.61,28.26,39.46,5.04,269
50.86,109.39,8.99,5.21,0.2,39.68,8.37,36.53,70.82,1.44,166
62.97,138.39,22.77,4.1,0.8,21.25,21.9,28.91,62.95,1.41,218
164.0,357.3,13.62,3.64,3.35,47.38,3.25,30.03,61.46,1.49,500
36.88,61.56,21.07,13.87,0.31,27.23,6.22,33.94,57.06,1.56,148
98.12,149.67,25.17,11.29,1.89,20.82,47.87,33.58,40.85,0.69,302
104.11,206.41,26.55,17.82,1.09,65.81,49.5,29.51,29.03,3.33,335
99.04,155.43,12.65,10.99,1.6,64.64,9.6,28.03,,5.08,291
159.4,322.9,26.62,12.08,1.66,47.96,41.25,23.63,14.48,4.7,489
9.42,16.77,21.69,2.77,3.22,68.75,20.05,14.89,36.43,5.06,125
19.95,40.19,50.55,19.06,1.78,15.11,22.32,28.1,68.72,5.02,138
31.47,48.73,38.96,18.04,0.84,54.11,2.46,22.06,44.89,1.01,154
44.9,78.9,44.41,21.76,0.63,82.18,79.34,33.86,75.34,2.72,242
77.63,140.33,46.67,12.01,2.72,67.77,9.84,27.71,79.87,4.24,289
32.9,70.7,10.75,14.4,0.73,32.3,20.03,27.48,52.25,4.0,155
32.69,50.35,37.75,19.18,1.26,23.02,7.88,36.35,78.95,0.48,127
69.38,148.68,10.33,19.75,0.27,17.42,10.26,29.22,30.78,1.07,178
90.68,183.57,60.39,18.27,0.3,20.0,16.81,22.16,20.14,1.65,351
63.92,125.14,37.24,22.54,1.04,23.02,33.92,23.63,49.4,2.88,205
93.77,188.3,9.7,26.26,0.3,30.85,16.25,13.87,86.3,2.91,330
16.45,30.35,27.29,9.72,1.21,41.19,5.84,38.96,,2.23,107
37.65,57.22,12.01,12.47,0.29,75.08,37.08,19.82,78.46,3.87,165
30.29,44.54,16.57,19.26,1.82,30.88,39.64,25.54,70.48,4.68,114
43.0,89.42,30.63,6.25,0.75,127.31,5.2,25.29,76.35,3.67,204
61.47,120.02,14.89,5.15,1.64,39.76,24.59,14.09,40.3,1.17,229
13.01,19.41,19.67,5.29,1.6,39.09,9.12,32.05,73.21,0.62,107
42.65,79.06,47.39,6.88,1.5,50.1,9.97,36.59,8.0,4.6,204
37.35,63.6,21.11,8.24,1.3,80.02,17.88,25.36,62.33,0.43,164
17.91,25.83,10.9,17.62,1.27,95.59,10.84,27.24,67.75,3.59,111
95.33,169.56,3.91,12.05,0.8,124.14,5.87,17.96,54.91,1.82,307
63.65,98.88,39.18,40.76,0.95,14.41,20.36,28.8,91.7,2.54,235
43.23,59.95,38.72,5.92,2.72,29.53,6.17,23.6,85.25,2.9,173
177.95,306.12,27.4,51.93,1.92,55.72,36.29,23.71,64.49,1.96,500
19.46,35.63,94.96,20.46,0.95,33.46,4.24,25.98,34.07,3.8,156
184.27,247.33,18.99,5.32,0.48,58.66,12.62,37.75,37.82,2.3,487
53.68,89.22,51.1,1.91,0.46,26.0,23.04,36.25,53.18,3.93,197
34.96,53.55,13.66,4.8,1.17,97.47,4.32,9.09,80.73,1.01,107
44.11,58.57,40.74,1.9,1.86,98.29,14.39,21.43,50.76,4.27,223
47.74,67.46,9.43,12.11,1.58,74.99,1.3,28.26,32.43,2.36,147
199.81,284.76,40.12,18.64,6.78,17.41,11.87,16.58,74.42,10.94,500
,114.12,19.73,10.3,0.34,31.9,15.22,18.56,94.82,3.73,249
26.35,53.31,34.55,7.21,0.52,17.01,28.36,32.19,19.23,3.09,121
103.99,176.32,28.23,5.21,2.16,97.84,42.24,24.72,43.15,1.93,416
48.08,68.86,38.28,29.41,0.64,53.63,5.15,36.62,77.3,1.55,191
3.93,5.47,3.54,8.33,0.7,35.99,6.53,17.37,59.33,2.86,23
102.24,160.33,21.56,26.45,3.33,12.75,5.28,32.56,80.97,1.23,365
104.06,210.01,49.05,2.1,1.66,42.82,37.0,35.91,40.06,1.34,356
50.1,81.56,53.78,36.6,1.51,16.94,17.57,26.32,38.68,1.63,231
39.09,56.44,33.43,14.35,0.17,75.13,5.38,33.1,55.36,2.68,178
111.08,184.81,50.33,7.31,1.16,40.96,21.23,26.69,45.78,3.97,359
37.48,67.46,20.8,5.66,0.56,50.13,10.06,31.12,51.7,3.55,148
127.71,169.42,14.2,15.08,0.64,117.88,10.86,27.06,48.59,2.65,367
38.23,71.29,25.81,12.53,2.6,103.82,48.46,20.24,5.0,2.54,264
58.36,96.62,28.54,8.14,0.47,5.57,2.46,28.36,48.94,3.0,215
83.52,109.3,32.02,2.09,0.97,65.58,5.07,20.0,,2.65,275
71.93,137.13,24.29,11.62,1.19,9.09,17.77,21.85,63.65,3.29,249
35.69,69.28,24.59,59.69,0.75,32.58,42.11,27.7,53.66,1.23,173
80.3,149.83,41.83,12.05,0.45,11.22,7.2,30.17,31.47,3.46,245
100.66,161.84,11.77,3.45,1.13,28.89,51.88,21.77,32.46,0.86,307
27.52,48.89,28.24,3.16,1.13,31.84,14.16,18.31,58.66,8.55,136
85.1,140.29,33.47,2.39,1.41,52.09,49.59,33.86,31.99,2.03,251
57.01,110.06,14.96,20.04,1.86,55.39,12.6,30.84,,4.3,200
29.11,53.13,19.41,32.62,0.56,24.46,29.63,20.07,69.45,3.69,138
77.94,107.06,67.17,4.11,0.41,16.74,16.44,15.51,51.82,1.52,251
108.33,203.52,27.26,5.57,1.05,2.22,13.38,28.71,70.16,5.44,335
41.05,78.76,113.78,28.69,0.46,37.62,17.6,26.62,58.78,0.64,246
80.74,131.89,25.78,18.01,1.68,16.67,30.97,28.5,33.34,2.05,278
47.78,99.77,43.37,2.51,0.85,26.3,14.87,32.01,31.73,1.89,222
94.53,194.62,6.29,18.93,2.49,27.15,10.13,29.44,73.97,4.29,293
121.68,177.37,3.52,18.56,0.58,47.92,49.96,17.62,71.84,2.34,345
75.12,158.79,10.42,42.31,1.14,23.89,72.66,29.97,48.26,2.65,321
100.0,169.67,47.19,10.05,0.7,56.73,40.82,26.12,33.19,1.93,332
111.88,218.32,19.73,8.39,0.34,53.89,3.19,33.94,69.03,0.77,332
40.82,82.98,6.0,2.92,0.71,53.7,21.69,24.91,21.04,2.94,166
47.14,82.71,25.41,12.36,0.55,56.34,17.69,13.51,48.3,1.86,181
82.15,136.31,44.08,7.83,0.44,38.57,35.72,24.0,79.91,2.14,298
139.51,296.3,11.54,17.32,0.22,20.17,1.86,21.79,53.05,2.64,406
23.64,35.64,45.97,18.99,1.83,37.98,52.99,27.62,45.07,2.4,169
88.29,135.2,7.81,13.0,0.74,28.05,20.25,31.69,39.5,1.24,246
132.12,214.76,43.27,7.66,6.7,55.59,14.26,21.26,55.77,3.24,478
55.72,115.53,14.15,7.05,1.36,10.81,10.25,37.91,78.55,2.77,189
62.7,134.48,56.82,28.26,0.45,36.16,31.85,26.26,57.49,3.05,291
61.65,92.35,64.48,15.85,0.95,10.54,20.0,15.92,67.26,0.51,239
59.15,122.88,32.31,10.22,0.78,105.19,30.0,28.39,70.49,8.59,225
34.79,53.31,15.04,30.5,0.73,6.85,11.17,13.52,84.37,0.45,111
57.34,124.64,118.05,10.33,1.25,15.8,30.42,32.74,37.1,1.6,306
,65.63,13.22,7.09,0.88,16.36,23.19,17.35,73.35,3.16,115
95.61,124.9,70.42,9.09,1.3,50.31,17.52,18.11,75.24,2.63,335
14.38,19.14,87.72,10.17,0.7,55.68,25.15,32.26,22.12,5.96,133
109.04,156.23,33.24,5.2,0.34,73.7,25.56,26.96,47.29,1.09,325
120.12,176.43,9.42,10.74,1.07,47.22,32.89,28.08,65.25,1.48,325
71.46,142.27,31.22,12.44,0.65,47.26,11.18,24.54,53.68,4.62,253
175.42,263.22,96.76,20.74,2.1,84.68,11.74,25.32,66.47,6.28,500
84.4,183.33,14.95,27.97,1.01,6.01,19.41,35.83,68.1,2.95,281
77.76,145.6,23.08,28.28,0.31,96.49,49.06,21.49,53.08,2.4,300
13.63,26.22,2.63,12.1,0.38,2.9,44.01,25.19,42.28,1.67,54
125.07,187.11,23.19,6.4,1.59,114.38,44.18,19.51,49.81,0.77,403
31.7,66.67,39.45,4.91,0.2,7.3,42.36,22.8,30.46,1.96,118
28.65,54.46,10.61,6.37,2.26,43.19,7.84,22.32,26.44,2.47,115
73.49,152.71,68.57,2.74,0.19,36.88,35.68,27.08,67.76,2.38,278
35.87,77.5,6.87,6.02,0.77,47.11,13.35,22.52,72.86,0.44,123
55.17,77.96,15.15,64.08,3.07,17.46,10.05,23.44,31.06,1.49,233
131.4,182.24,60.16,30.77,1.54,40.82,9.19,20.8,64.43,1.94,443
162.57,328.88,21.79,13.75,1.36,43.6,11.0,18.34,60.15,1.11,497
41.06,85.38,78.73,9.25,0.37,3.42,13.04,22.48,25.46,4.1,226
56.81,103.7,3.98,16.82,2.78,50.76,31.54,20.86,93.82,3.56,239
233.87,381.06,18.48,4.79,1.39,23.77,12.47,26.67,50.1,2.09,500
161.6,304.99,31.86,9.93,3.02,30.93,25.81,19.76,63.01,2.59,500
113.36,178.55,94.42,16.91,0.46,100.0,62.66,34.2,61.43,0.82,466
35.79,54.21,27.55,28.9,0.65,43.31,45.62,19.86,56.17,0.95,172
41.62,72.4,37.31,6.43,0.34,67.44,8.78,27.21,65.23,4.0,158
112.59,168.27,24.38,4.2,0.59,73.01,19.51,26.69,85.45,2.03,350
11.69,20.29,22.48,6.51,0.61,59.17,6.41,26.02,95.43,0.14,82
126.3,272.92,14.97,1.0,1.77,75.09,22.45,23.03,59.48,1.48,423
146.91,302.02,34.0,5.84,0.84,115.84,51.88,40.59,61.51,1.06,500
50.91,109.32,19.88,7.15,1.43,10.43,7.47,33.75,94.97,1.79,192
164.25,332.72,38.87,41.23,1.25,46.55,19.6,36.12,54.42,5.27,500
86.89,140.69,27.21,14.07,0.28,34.76,18.1,32.32,37.49,1.93,266
25.2,51.18,18.24,5.58,1.31,63.01,31.31,30.17,44.76,5.76,142
68.9,146.79,69.2,8.44,1.38,35.25,18.53,24.69,52.88,2.24,269
38.74,83.38,13.75,6.93,1.29,6.54,13.95,22.82,43.75,0.99,129
75.11,143.82,15.55,7.15,0.83,34.55,18.59,36.78,81.61,0.1,264
23.66,35.27,2.25,17.02,2.98,22.08,40.84,30.77,41.87,4.58,172
172.14,229.94,20.69,4.85,2.02,37.22,13.3,28.77,29.11,9.96,469
94.7,135.66,65.59,3.96,0.43,5.72,32.35,18.89,55.27,4.82,328
46.85,101.62,66.76,24.91,3.13,17.94,19.09,28.96,70.86,0.78,244
76.47,131.22,16.88,14.57,1.01,29.78,34.5,30.21,69.72,7.58,255
63.31,131.01,36.56,1.0,0.81,25.94,21.65,29.9,49.3,1.39,185
176.03,302.52,42.53,13.18,0.39,16.68,22.33,20.01,53.23,4.08,500
62.42,118.28,6.4,4.09,0.95,22.02,27.51,15.4,55.44,1.31,215
73.46,97.1,55.23,3.21,1.57,66.85,3.6,26.0,33.18,0.82,253
20.64,31.48,7.65,27.53,0.78,14.51,52.71,18.32,48.88,0.89,96
74.64,126.34,17.95,5.53,1.52,35.49,38.79,27.71,32.76,4.3,267
84.72,158.22,9.65,9.16,2.71,47.5,13.99,19.52,25.69,4.26,270
28.47,41.41,31.69,11.9,2.55,41.69,25.58,17.26,86.34,1.2,165
103.45,205.67,12.39,28.28,0.89,22.2,15.89,22.37,42.89,2.2,293
10.44,16.99,15.0,3.95,1.35,28.56,33.56,25.14,58.51,0.98,97
56.54,115.1,48.03,15.15,1.01,109.59,26.5,35.02,60.1,0.42,258
19.93,27.67,16.59,12.91,1.75,75.23,30.34,25.02,61.41,1.22,125
66.92,127.93,24.68,15.92,1.51,68.82,3.06,25.08,72.96,1.24,262
48.69,76.14,7.54,13.93,0.89,43.09,3.24,35.21,38.52,2.76,117
88.74,178.89,5.3,9.34,1.21,21.12,12.52,27.25,62.59,0.78,252
61.81,102.73,28.47,11.75,1.36,16.96,6.45,25.47,61.72,2.46,212
87.16,165.5,16.01,34.11,2.57,10.86,5.44,34.45,64.21,0.95,283
67.98,145.54,77.04,15.18,1.0,44.82,18.86,29.0,53.68,0.54,275
130.32,171.84,100.83,14.08,1.63,5.33,41.04,30.27,61.45,6.75,445
118.48,155.21,8.25,5.93,0.84,45.3,8.78,31.03,,1.51,299
37.21,74.17,5.53,39.82,1.19,23.95,25.71,24.03,65.56,3.54,156
124.01,233.36,78.16,14.2,0.91,2.0,15.1,31.22,58.04,3.07,408
84.25,131.74,34.71,20.74,0.47,54.88,18.26,31.99,100.0,3.17,272
138.19,241.14,27.94,4.02,0.28,71.7,7.9,27.77,31.64,2.78,416
29.36,39.27,6.23,7.62,0.77,9.31,19.81,33.95,47.18,3.48,78
23.54,34.69,95.76,5.51,0.9,20.01,58.53,27.55,56.13,3.88,183
23.95,40.28,11.95,17.75,1.33,131.21,18.41,37.24,43.25,1.58,133
163.91,336.12,43.63,2.72,1.83,24.12,6.99,23.02,44.41,2.3,500
139.97,242.39,42.02,18.07,0.55,28.95,10.92,25.83,28.41,1.3,423
118.39,216.39,4.98,17.45,0.76,4.07,10.9,22.22,37.8,5.52,307
21.31,44.46,14.06,1.68,1.58,61.57,31.23,32.41,44.48,3.32,120
119.29,188.23,6.76,16.86,1.05,33.2,11.42,20.02,50.63,3.28,330
22.55,43.53,2.91,8.51,0.47,60.1,20.44,29.5,55.45,1.53,105
4.04,8.39,20.68,40.91,1.14,50.29,4.37,30.45,30.84,3.26,65
47.9,71.01,7.7,19.38,0.5,15.49,22.21,35.38,36.44,0.42,165
57.57,93.3,12.0,8.32,1.53,28.86,4.89,28.21,55.42,0.55,178
151.38,330.29,6.02,12.63,3.01,20.55,3.84,26.9,60.64,5.75,491
29.0,63.35,18.59,22.32,1.61,32.63,55.87,35.16,56.24,4.44,188
244.98,367.69,76.58,2.12,2.27,21.62,28.62,26.09,32.65,0.99,500
74.77,101.67,31.21,11.24,0.33,73.79,9.39,24.99,47.85,0.1,223
60.3,93.1,15.64,21.52,1.22,129.19,23.3,15.97,55.19,0.87,226
60.08,99.61,23.25,9.28,1.59,48.63,25.4,29.34,58.49,6.39,220
23.45,39.8,29.51,16.78,0.3,100.17,38.14,28.98,64.96,2.73,147
51.0,94.71,29.87,10.75,1.2,45.49,30.69,29.59,48.21,4.03,192
78.68,165.98,19.2,1.83,1.23,49.74,10.49,35.76,51.05,1.99,286
120.91,193.12,13.29,18.14,0.29,43.26,3.63,26.59,50.3,3.9,356
49.52,102.25,43.42,27.76,1.04,71.84,21.36,23.21,60.94,5.57,253
74.26,102.78,8.81,3.73,1.35,42.69,9.53,34.05,58.72,3.8,232
109.09,145.93,43.91,12.75,1.6,45.11,32.66,27.99,40.29,2.3,367
48.39,84.85,16.94,4.48,0.36,27.34,15.2,22.33,52.61,0.72,148
126.02,170.59,55.59,3.81,0.17,17.32,57.49,26.33,81.48,1.29,357
95.23,157.43,10.05,6.95,1.21,35.57,16.58,23.75,67.49,5.97,262
113.29,238.71,9.85,17.44,0.8,26.59,19.5,23.91,,4.17,363
12.67,19.23,25.4,6.49,2.29,28.89,43.92,40.48,66.66,4.47,109
52.81,102.22,11.87,5.69,3.72,66.45,19.86,30.34,48.8,2.67,241
40.08,63.01,78.69,8.2,1.68,78.67,37.29,17.28,94.97,0.5,225
9.91,13.28,13.64,9.25,2.79,155.46,3.86,31.0,76.67,2.13,154
119.0,214.32,10.89,11.44,0.64,6.09,10.34,23.12,61.79,1.32,342
17.6,36.1,33.71,37.99,1.64,148.81,32.4,34.62,68.65,1.93,173
154.8,258.3,2.0,44.95,0.59,28.76,14.49,32.66,91.48,1.0,439
63.14,117.15,82.14,11.84,1.76,9.15,9.59,18.27,60.49,1.61,302
89.3,188.43,38.54,18.02,1.41,38.74,66.38,22.71,25.17,5.08,337
41.0,82.44,29.66,1.56,1.83,19.78,37.39,24.97,61.52,2.66,178
125.44,184.96,12.5,27.24,0.46,51.26,36.26,37.33,60.74,0.55,369
61.52,120.57,21.76,13.43,1.61,19.42,6.79,32.31,62.09,3.04,229
92.68,162.34,14.03,1.95,2.18,18.31,76.66,29.69,40.28,3.18,307
134.24,264.63,16.51,23.01,1.36,47.63,17.67,35.38,67.56,1.29,437
101.09,176.4,46.63,17.3,1.2,14.46,42.82,22.13,66.08,1.52,350
48.67,68.88,32.0,19.65,0.69,78.5,11.82,42.22,30.75,3.93,200
61.75,111.95,17.94,52.49,4.98,22.81,11.08,20.94,43.24,0.62,310
115.71,201.68,4.51,11.92,1.18,19.57,27.21,23.26,56.28,0.9,322
53.63,94.72,104.56,15.86,1.1,48.61,4.92,33.1,54.1,2.7,280
65.79,137.56,46.9,13.22,1.01,25.61,2.45,23.98,27.47,4.9,247
80.92,170.36,13.65,6.95,0.76,47.19,13.51,30.47,56.98,2.85,252
41.02,70.06,27.83,25.56,1.67,48.68,24.83,15.58,51.96,1.52,183
60.93,104.2,10.96,12.45,1.88,88.47,16.64,23.07,39.63,0.56,211
74.4,131.22,13.23,15.26,1.71,79.3,17.68,30.79,47.67,3.24,266
73.47,129.86,12.33,31.21,3.52,57.65,33.72,19.1,36.64,2.92,292
71.69,154.52,26.33,15.65,0.41,60.04,19.36,13.1,57.54,1.57,269
49.84,93.92,12.52,25.28,1.07,52.11,21.05,28.93,32.93,0.74,191
76.82,119.05,25.46,2.44,0.22,46.3,20.0,40.32,56.47,4.25,236
149.08,265.11,60.62,7.57,0.98,75.95,7.52,22.75,63.84,2.29,469
61.61,114.87,8.33,22.82,1.76,66.97,43.06,24.81,34.28,1.26,229
76.13,142.81,8.38,10.42,0.46,76.39,5.44,30.54,36.28,0.15,230
60.83,111.12,70.03,52.96,0.32,25.91,31.33,25.41,72.34,2.76,252
144.16,210.47,39.22,7.47,0.28,41.57,19.19,33.77,62.87,0.89,374
53.77,71.52,24.2,48.86,0.28,80.24,17.88,32.44,86.69,1.4,232
32.25,51.73,5.83,3.73,1.93,40.29,24.59,13.89,57.55,0.69,154
103.5,174.38,4.72,1.82,0.38,178.12,52.01,17.51,58.11,5.84,314
51.82,70.25,10.78,3.67,1.81,20.22,11.7,20.47,67.85,3.92,168
99.72,202.79,26.92,25.43,0.85,111.79,21.21,25.57,36.13,3.6,344
45.73,73.61,49.54,2.48,0.52,42.55,33.67,33.03,51.19,12.3,176
26.54,56.32,26.31,4.46,1.23,20.87,20.79,25.44,71.56,1.26,123
63.07,90.75,27.59,6.64,0.96,37.17,14.3,18.96,63.99,2.65,197
19.34,26.13,54.07,35.88,0.67,112.69,38.1,27.77,29.76,2.01,189
79.71,138.22,33.52,18.92,0.19,44.08,14.54,14.03,48.15,5.25,312
112.16,164.89,15.23,10.68,0.58,84.99,11.28,25.85,71.44,3.15,305
201.77,432.53,22.97,1.0,0.76,20.39,18.9,37.28,61.84,3.4,500
44.25,57.94,50.52,14.43,1.0,8.61,7.38,19.2,66.88,2.46,182
36.65,61.25,29.51,2.8,1.07,71.79,62.72,27.9,9.14,0.43,173
110.42,235.63,74.13,15.72,0.6,54.07,13.87,24.52,71.78,4.62,396
105.39,173.47,12.76,19.84,1.27,14.85,30.01,7.03,40.37,0.33,280
109.89,152.06,9.17,15.38,1.6,59.0,1.8,19.18,48.12,3.03,324
203.72,320.37,31.23,25.93,2.63,30.33,30.7,23.76,34.06,2.54,500
65.88,115.17,25.82,6.61,1.83,46.37,5.66,32.32,42.93,0.55,237
229.88,337.14,8.3,27.04,0.25,66.7,8.25,24.48,37.56,1.48,500
50.53,86.9,14.19,7.45,1.89,57.26,16.61,32.93,65.12,2.72,201
39.09,80.25,61.0,4.15,2.5,9.89,12.65,41.92,89.93,1.2,200
36.29,75.68,34.59,7.07,2.92,99.53,13.91,23.8,88.47,2.19,221
34.52,46.4,15.07,11.81,0.35,107.54,1.69,31.19,31.84,1.7,145
209.87,303.22,10.43,3.62,0.87,53.96,27.18,30.84,49.86,2.24,500
139.34,215.67,17.97,10.6,0.24,24.65,41.99,26.94,5.48,3.03,409
198.14,363.66,48.64,15.97,0.86,88.29,9.16,20.2,61.34,6.13,500
11.96,19.44,25.11,6.47,0.53,66.96,7.73,23.6,45.57,3.71,59
22.4,46.14,22.61,24.7,1.13,27.06,4.87,17.01,75.84,3.05,136
51.99,101.12,50.36,10.3,1.64,31.08,21.52,23.53,59.81,2.64,242
46.21,64.24,8.72,1.76,0.91,27.9,17.83,28.86,22.19,4.06,140
76.39,142.25,12.2,10.06,3.84,20.33,35.25,28.1,43.46,0.99,301
67.04,93.96,26.8,2.54,1.53,17.25,50.36,29.13,63.49,1.95,212
28.43,43.48,22.58,2.37,1.52,11.62,18.24,38.02,44.57,3.06,117
42.43,61.95,18.91,4.98,1.61,45.65,41.23,17.46,65.64,2.47,190
54.22,78.93,52.1,22.23,0.29,10.77,4.21,22.13,21.67,2.25,192
24.83,46.06,3.35,14.63,1.64,83.19,15.85,36.75,45.35,2.26,122
59.5,107.53,9.49,1.58,0.56,48.49,40.02,26.06,75.95,0.99,199
26.28,38.33,37.02,23.42,1.45,15.76,16.41,31.77,32.73,8.06,150
58.26,127.67,16.59,32.67,1.04,73.68,15.77,24.69,50.76,1.12,218
32.04,53.82,96.79,13.46,0.91,43.51,23.8,32.47,79.58,1.29,228
119.0,165.09,53.83,6.02,0.55,73.92,9.77,27.04,49.01,1.3,387
86.73,122.15,16.68,8.54,0.77,60.89,24.2,25.84,61.17,3.85,286
85.27,155.66,36.25,16.88,0.95,66.24,10.56,28.07,72.54,3.88,270
104.24,227.37,34.9,1.0,0.62,59.58,1.95,22.47,26.12,2.24,373
89.87,163.09,65.04,8.43,0.18,25.67,21.77,34.66,51.83,3.33,315
119.48,257.38,19.42,2.73,1.67,6.96,25.05,30.93,82.37,6.92,374
71.93,122.26,14.77,13.96,0.6,13.65,27.9,25.46,50.99,3.68,216
103.26,174.75,33.08,4.03,0.78,35.27,1.0,31.19,74.67,2.14,310
83.5,146.13,19.63,38.86,0.9,32.46,22.27,28.37,42.58,3.92,291
83.1,160.18,39.34,16.24,2.98,55.2,6.14,32.56,,1.76,325
18.14,29.58,60.01,15.04,1.75,28.84,25.93,21.01,99.18,2.99,147
28.94,60.11,10.71,9.66,0.12,4.3,19.13,28.91,73.15,2.66,59
76.94,102.05,13.64,5.36,2.04,112.19,4.8,22.3,71.51,2.5,248
36.46,61.82,56.29,2.95,0.21,11.21,7.68,23.76,67.19,1.22,156
61.66,108.51,24.09,17.44,1.27,38.46,33.94,26.52,52.1,5.53,183
43.65,80.6,24.79,3.05,1.4,18.67,45.27,31.41,63.09,0.84,186
44.96,69.61,49.89,9.13,0.39,146.23,22.35,31.18,46.28,7.63,214
66.79,112.52,22.02,7.72,0.55,70.66,9.49,9.66,19.64,3.81,218
53.12,92.23,43.65,23.92,0.66,47.55,12.76,26.66,63.58,1.09,216
153.0,293.49,11.55,19.29,0.59,27.5,1.0,28.0,100.0,0.91,424
19.89,39.71,17.26,29.89,0.31,49.91,26.93,24.57,20.93,4.43,92
94.62,185.83,67.25,4.67,1.49,47.26,22.05,22.26,26.75,3.63,369
107.12,172.19,24.4,8.6,0.33,44.71,10.86,33.21,35.26,9.79,324
159.69,351.23,10.96,21.34,0.75,13.96,28.25,21.54,79.38,2.0,482
67.92,140.17,10.62,15.57,0.66,50.04,17.28,25.78,50.92,3.78,248
100.21,153.72,22.57,7.09,0.68,60.14,22.81,17.34,46.05,9.16,319
151.76,223.94,44.82,55.85,0.83,79.91,8.04,18.1,59.54,1.07,444
41.01,64.9,2.0,30.28,0.97,50.26,29.08,28.49,52.93,2.28,171
32.19,54.95,15.54,16.16,0.1,52.77,3.86,30.6,65.12,5.05,124
70.11,144.82,35.01,1.79,0.37,27.13,11.77,27.09,58.4,2.47,259
55.08,110.19,28.75,12.31,2.09,74.89,38.58,24.61,5.0,3.69,260
101.55,209.82,32.61,9.21,1.58,74.79,49.82,27.91,66.26,3.33,371
21.03,32.49,12.65,21.48,0.11,10.63,11.88,29.19,36.04,4.13,90
145.49,266.85,26.43,4.64,0.46,9.44,8.55,30.9,34.84,8.2,425
77.38,120.32,51.25,8.13,0.87,76.82,9.7,36.96,50.19,1.53,303
53.9,75.36,16.85,22.72,0.37,18.37,9.6,24.34,18.54,1.43,176
64.93,124.4,25.4,17.33,0.88,45.27,6.42,25.18,59.61,1.76,225
123.99,177.14,34.54,3.31,0.42,24.14,40.13,33.24,64.84,5.24,343
91.01,173.0,13.04,25.36,1.95,56.38,14.14,24.78,76.92,0.8,306
64.04,120.6,7.46,12.62,1.68,46.6,29.99,14.25,52.57,0.43,226
56.09,113.82,15.45,8.2,2.58,30.66,8.08,29.38,37.0,4.53,264
57.95,82.61,35.9,30.14,1.54,40.75,22.75,37.44,32.35,7.65,233
98.75,198.01,13.33,8.46,1.36,9.62,26.58,23.63,66.12,3.86,350
52.83,116.18,8.97,19.99,0.39,18.22,2.34,6.43,45.65,2.46,201
93.8,193.79,40.28,36.55,0.54,75.99,34.93,16.42,5.02,2.38,349
33.01,65.24,10.67,19.94,1.43,2.36,11.07,20.35,47.12,1.08,136
37.55,71.19,93.21,13.05,0.66,73.32,28.69,21.1,77.05,3.29,231
63.53,106.7,49.78,15.13,1.62,26.6,22.78,35.46,81.0,1.49,249
55.77,109.17,67.49,1.0,0.26,7.34,13.69,33.79,37.65,2.53,226
39.29,76.69,27.19,16.51,1.04,38.07,11.2,39.5,40.76,3.52,232
26.09,48.75,12.86,11.49,0.91,36.62,8.36,36.63,49.34,1.72,128
34.98,70.54,52.32,15.27,0.49,3.9,5.31,29.35,43.68,1.67,154
168.36,286.87,8.22,3.02,0.98,86.25,8.71,26.46,79.78,3.95,475
39.19,55.22,3.62,34.49,0.37,59.28,22.07,17.9,55.09,0.57,147
66.99,120.8,32.69,3.24,0.89,48.93,21.98,15.23,61.56,0.7,236
39.18,60.28,6.65,5.15,0.24,36.85,25.61,24.0,36.66,1.64,119
51.92,85.45,22.48,19.59,0.55,43.71,20.2,15.33,49.05,1.31,208
114.41,150.53,21.4,7.98,2.12,59.05,40.11,37.46,23.23,0.14,338
54.86,90.22,43.63,8.69,2.09,63.01,30.71,25.14,62.22,7.41,201
50.31,102.01,7.73,7.98,0.84,36.12,14.16,27.42,58.09,1.82,163
40.98,73.29,5.61,6.96,1.14,22.45,13.24,33.17,61.76,1.73,154
53.31,69.77,20.07,21.16,2.44,13.36,9.13,28.72,83.77,2.64,184
83.41,143.7,2.0,45.63,0.8,26.99,4.58,15.32,45.93,3.88,271
13.43,20.99,30.88,12.22,0.28,55.37,2.12,23.56,71.4,2.08,65
22.91,39.63,28.77,11.06,1.26,69.25,13.11,19.56,53.6,8.6,102
84.74,141.03,29.17,5.62,0.69,146.51,4.5,31.38,75.06,1.15,288
66.21,141.61,19.74,15.71,2.35,96.9,22.49,27.34,45.19,1.47,285
42.62,56.99,79.86,10.21,0.48,9.68,20.6,25.1,36.44,2.46,180
87.98,168.49,33.42,24.8,0.58,48.78,13.2,26.88,29.81,2.2,298
48.46,100.12,40.3,3.78,1.08,33.82,3.32,25.36,67.84,6.95,191
113.3,245.09,14.41,9.57,2.13,15.47,8.35,20.7,45.19,4.49,347
41.28,60.27,20.36,20.32,1.61,25.86,7.93,23.47,22.82,3.1,184
32.37,57.56,11.17,18.61,1.09,20.91,41.83,20.38,58.92,5.42,165
265.41,355.44,26.46,12.23,1.54,101.91,10.88,29.71,44.34,0.73,500
99.03,173.23,11.35,6.85,3.07,27.47,10.21,32.34,18.75,0.63,340
35.89,50.71,41.12,6.78,0.91,29.03,17.93,18.09,16.21,0.8,156
48.72,100.09,23.38,18.99,0.33,22.02,22.74,38.35,67.24,1.31,185
41.43,58.11,2.0,24.43,1.07,50.36,32.03,35.59,57.95,1.82,161
16.46,29.0,10.38,26.05,2.36,17.29,30.84,18.46,49.09,0.6,111
50.96,90.15,63.13,9.75,0.47,40.0,26.76,26.71,58.58,0.62,235
70.9,154.18,66.17,7.57,0.38,74.12,10.78,20.31,86.03,2.1,280
148.22,280.06,36.63,15.27,1.85,14.95,28.06,21.93,87.98,3.48,483
59.56,92.85,20.29,10.26,0.38,79.06,22.83,10.28,44.89,2.13,238
45.55,69.08,57.36,7.91,1.3,77.45,23.4,9.21,80.89,3.55,210
159.82,226.21,21.55,9.34,0.87,26.37,15.37,25.77,60.12,3.67,411
138.86,275.06,55.34,18.2,1.53,6.81,9.22,30.32,43.45,1.97,478
70.61,135.69,26.31,7.87,1.89,36.28,7.79,21.58,,0.9,263
66.06,122.14,18.71,7.73,0.47,36.86,36.54,24.8,56.31,1.84,227
82.77,110.65,40.96,10.68,0.39,,29.26,27.65,65.85,1.04,255
40.89,81.23,9.16,5.06,2.0,61.78,11.59,37.09,23.18,1.16,178
64.22,120.59,11.37,17.15,1.32,57.32,13.03,31.11,59.82,2.37,230
39.7,86.05,6.11,5.43,0.65,26.08,12.76,29.41,29.43,2.51,143
,259.2,33.67,10.95,0.1,80.53,15.53,23.57,54.45,0.48,448
33.63,52.92,22.65,13.21,0.28,112.4,8.42,32.98,67.18,2.77,148
74.35,122.18,133.56,1.0,1.25,43.72,16.86,18.92,62.6,0.15,329
76.78,111.96,34.57,9.1,0.83,55.14,32.12,32.1,46.3,1.63,236
149.13,290.89,18.23,17.11,2.0,4.5,22.92,40.14,61.33,0.52,448
45.13,87.42,21.31,3.49,1.95,45.49,7.68,21.88,14.85,1.91,177
38.45,56.93,28.7,11.21,0.62,38.94,24.21,20.72,73.53,0.82,165
95.54,137.84,14.47,8.77,1.11,51.56,23.18,23.79,76.02,4.43,299
87.56,119.9,2.0,6.61,1.74,110.99,3.84,26.82,42.59,3.84,222
201.03,426.35,6.19,5.92,0.71,58.17,21.98,38.95,78.99,2.49,500
71.48,107.91,16.15,8.96,2.05,111.4,28.08,21.85,53.62,7.11,270
139.96,225.3,4.44,26.65,2.44,12.66,9.07,23.34,76.32,1.93,399
130.37,202.4,23.93,15.57,1.37,73.76,37.15,7.73,9.68,2.66,401
38.3,64.05,49.34,10.88,0.65,92.09,3.11,23.96,36.57,4.84,190
18.76,36.45,11.46,20.62,2.52,35.62,12.9,17.16,22.16,0.67,114
51.61,107.53,16.58,14.24,0.92,61.76,29.77,29.91,32.2,3.66,208
110.53,161.85,21.1,22.04,0.5,42.92,11.02,27.04,74.5,6.81,293
150.66,288.93,18.54,6.92,0.51,51.02,6.16,37.52,48.81,0.9,433
2.0,5.0,24.14,9.78,0.7,25.89,9.42,36.63,46.3,3.43,48
33.45,73.01,2.55,30.03,2.1,106.24,7.78,29.08,35.47,3.64,168
82.77,129.87,53.01,2.53,1.07,39.09,4.17,29.66,65.35,3.1,265
98.18,128.27,19.78,19.68,1.22,8.21,39.55,26.46,42.04,1.42,295
29.62,52.25,10.43,12.73,1.83,24.78,18.39,22.81,44.37,7.76,112
39.59,56.84,29.93,8.87,0.41,22.81,21.74,23.37,37.45,2.94,175
15.33,20.55,47.55,56.95,1.1,39.74,8.39,27.13,89.01,2.81,129
171.67,331.05,8.83,3.6,0.66,46.1,15.98,34.13,54.59,1.94,489
74.69,146.32,30.88,1.36,0.17,40.4,26.16,26.03,55.78,1.6,235
39.21,67.23,59.23,18.42,1.35,34.18,7.52,28.83,62.89,2.86,174
134.14,256.09,59.55,3.21,1.46,31.65,24.55,30.47,23.8,6.39,451
74.64,133.19,41.8,15.4,1.35,13.09,18.55,27.81,36.56,0.79,247
148.99,278.14,14.72,12.6,2.22,23.81,8.93,15.45,54.69,3.55,450
162.26,298.08,9.28,1.28,2.03,76.35,12.85,40.04,84.29,5.58,500
29.69,56.39,11.35,32.47,1.05,56.75,10.6,26.33,68.05,2.97,123
139.25,206.04,58.6,6.13,0.57,47.15,10.27,30.36,42.52,2.35,389
136.01,209.7,36.49,12.63,1.85,29.32,48.44,27.59,39.62,6.47,442
88.14,149.48,42.78,45.56,2.49,73.21,15.35,10.6,86.21,3.93,322
92.79,157.89,22.74,39.09,0.99,76.66,2.04,27.6,33.75,2.39,326
71.16,142.1,2.95,42.82,1.72,6.15,26.88,14.71,27.73,1.74,226
25.18,41.06,30.56,14.72,1.51,86.68,49.58,19.38,55.66,2.68,165
23.47,33.95,10.39,16.85,1.44,44.75,10.41,31.37,54.74,2.51,122
176.05,268.71,50.32,5.85,0.5,77.65,43.82,29.33,34.62,2.79,500
74.57,111.36,11.45,6.85,0.72,25.04,15.19,23.9,53.08,2.95,189
54.18,106.11,27.94,25.46,1.63,17.5,16.97,19.14,59.73,0.71,201
96.55,166.38,37.39,27.26,0.87,39.17,4.58,26.07,61.31,1.77,309
38.04,73.72,135.84,5.63,1.68,12.72,4.84,25.2,48.38,3.27,239
47.24,79.11,22.12,7.68,1.01,11.84,17.69,28.61,43.26,4.09,106
66.38,139.44,22.91,20.36,1.0,26.84,42.12,31.64,48.62,9.46,221
42.86,93.65,50.63,2.92,0.46,37.49,7.6,27.83,32.95,2.65,174
90.4,172.01,20.02,18.46,2.73,35.35,11.47,32.95,44.04,4.0,313
59.29,123.16,16.72,6.13,1.53,29.52,13.43,31.81,57.48,1.96,198
89.97,158.09,13.22,20.7,3.76,68.92,22.01,29.93,61.21,2.9,336
95.65,204.81,25.18,27.77,2.1,24.2,25.89,17.52,45.6,0.43,333
132.03,270.45,15.11,7.68,0.84,91.03,4.78,20.23,60.64,1.7,430
51.7,113.36,61.73,9.74,0.65,103.14,35.34,30.79,59.86,2.47,279
29.12,54.19,41.62,30.62,2.37,17.78,11.34,21.0,95.88,2.15,174
148.96,298.12,26.83,36.16,0.31,4.91,13.74,24.11,78.31,6.52,466
14.16,25.32,24.89,9.59,1.38,32.65,10.52,35.29,5.0,1.58,82
275.53,422.44,12.52,15.53,1.47,43.38,9.55,31.11,40.9,0.56,500
40.98,66.36,22.59,6.12,1.5,72.55,17.13,29.38,59.37,0.57,152
59.74,125.73,20.82,3.84,2.23,55.32,2.69,26.83,46.65,0.63,229
25.42,34.33,81.66,5.94,1.21,59.66,20.98,34.41,100.0,3.33,184
70.32,128.84,19.81,12.58,1.52,23.51,28.17,31.35,71.6,2.24,238
42.61,69.68,34.52,9.95,2.26,30.37,10.24,30.19,13.12,5.27,185
26.16,43.11,35.98,3.51,0.44,171.93,11.04,11.4,35.97,1.17,150
21.22,44.47,10.09,1.0,0.35,45.78,18.17,27.04,47.8,1.75,106
35.67,73.78,19.47,4.19,2.16,38.93,5.28,23.47,79.78,3.89,138
102.46,188.42,40.87,20.8,0.65,109.06,75.18,22.78,70.54,2.14,361
90.94,140.55,8.98,21.87,1.62,54.18,16.73,29.75,48.78,1.79,303
30.55,52.8,95.01,25.73,3.87,38.61,17.59,29.24,55.39,7.23,264
50.01,83.39,26.35,14.81,2.15,36.41,16.09,32.94,57.51,3.6,205
118.73,192.14,14.94,43.72,0.12,51.95,4.02,27.22,50.11,0.76,351
51.42,71.6,7.32,9.97,2.39,34.09,13.72,22.04,67.26,6.87,156
151.42,270.87,69.77,11.37,0.45,31.97,9.79,21.62,54.76,1.08,460
234.55,368.63,20.52,10.77,1.97,15.93,22.75,43.09,64.26,4.87,500
35.99,68.19,34.03,6.78,1.37,46.13,24.0,36.68,56.19,4.32,159
39.7,63.02,8.46,15.08,3.37,26.28,10.8,27.6,42.91,3.58,125
165.97,280.17,13.11,1.83,0.45,22.96,24.65,17.3,19.89,2.97,458
50.76,68.38,48.48,19.08,0.31,47.21,26.46,28.17,81.49,1.3,169
124.09,272.17,68.45,23.23,1.23,6.58,17.68,32.72,85.12,0.8,420
74.31,130.55,11.04,24.03,0.51,73.08,21.72,31.69,55.01,3.78,241
55.81,73.77,33.32,4.89,1.47,60.12,2.82,31.88,51.92,1.35,206
98.96,176.86,32.91,6.19,0.66,73.33,21.76,36.0,26.36,1.18,330
167.37,348.68,48.47,15.8,0.6,29.54,14.13,23.43,49.22,5.69,500
136.96,273.27,35.37,8.58,0.15,21.53,26.79,25.03,72.16,6.65,401
62.28,120.25,40.02,23.19,0.59,65.27,10.35,35.56,69.03,3.6,246
75.79,108.04,2.81,10.97,1.2,82.6,13.58,17.63,26.94,2.96,258
124.73,235.99,32.15,7.34,1.09,41.7,19.07,31.87,89.91,0.39,395
78.95,157.08,7.07,9.1,0.91,74.87,18.98,33.69,36.47,2.85,277
182.96,332.11,30.08,16.4,0.74,59.5,3.2,27.01,46.93,3.14,500
7.31,15.37,53.45,4.63,1.59,59.56,10.87,28.37,80.28,1.64,115
37.58,58.22,28.4,44.68,0.2,51.22,14.04,27.43,67.87,0.93,183
93.64,142.13,40.69,23.19,1.66,51.51,64.35,31.28,48.82,2.76,340
46.14,96.1,46.98,7.66,2.99,102.89,24.39,10.35,36.2,3.9,258
170.83,318.24,43.94,6.73,1.37,147.06,28.05,36.92,88.36,0.88,500
39.65,51.6,30.0,5.56,0.1,65.71,52.18,18.27,43.02,0.48,163
70.3,113.74,31.87,11.24,0.84,4.77,4.5,19.43,50.61,4.02,241
35.51,73.59,52.03,4.02,1.33,48.43,6.7,20.52,47.75,4.04,177
60.78,80.5,106.1,10.98,0.1,19.52,14.98,27.74,61.25,4.83,285
13.37,17.42,12.2,9.34,1.59,,26.98,26.35,56.98,1.07,62
20.24,31.44,16.49,3.24,3.63,57.99,23.67,22.6,71.44,4.08,141
226.55,480.87,44.45,8.31,0.1,17.43,17.43,25.93,73.37,0.65,500
66.14,139.63,84.06,6.39,1.08,49.05,16.37,27.57,40.81,2.45,267
49.38,87.25,5.82,12.59,4.7,35.15,4.04,24.2,32.66,1.07,212
25.48,45.81,7.13,3.06,0.26,38.46,12.99,22.27,74.65,2.13,91
29.4,47.0,25.65,2.74,1.38,14.01,6.44,33.98,37.85,7.31,98
210.18,319.34,46.45,8.32,1.75,12.79,23.65,15.79,53.57,2.37,500
69.13,140.59,25.8,12.0,0.7,40.46,17.49,24.53,46.82,1.96,248
134.38,187.55,28.41,9.87,1.96,50.25,4.75,30.68,44.5,2.97,391
2.08,5.0,11.18,7.53,3.45,13.26,17.47,30.84,63.04,0.97,72
41.63,77.89,24.11,13.32,1.23,50.96,14.01,31.92,55.88,0.72,193
191.05,266.19,14.72,4.22,1.38,13.65,30.95,30.32,64.42,1.44,500
44.11,77.96,31.09,3.15,1.24,33.14,9.04,25.7,63.41,2.05,159
27.86,50.7,20.58,2.56,1.33,33.19,26.06,18.71,43.68,1.19,172
88.06,173.32,12.11,14.76,0.71,24.75,18.64,27.64,97.23,2.22,310
17.51,26.47,70.95,42.37,1.62,89.48,13.31,27.49,32.4,0.41,182
13.74,21.49,40.57,5.25,1.15,48.02,28.98,29.96,52.5,3.35,113
171.0,309.95,31.49,3.45,0.77,38.59,28.7,22.64,96.88,3.23,464
35.36,77.24,13.07,20.14,0.51,68.81,40.64,25.62,57.3,2.69,175
99.84,149.34,40.35,23.14,0.91,65.94,5.29,24.13,43.62,3.39,321
215.43,471.22,10.23,6.62,0.3,9.52,24.98,20.01,74.02,3.98,500
67.46,131.07,12.57,9.5,2.66,55.2,21.35,31.17,85.56,3.76,228
97.52,199.28,24.01,12.19,2.42,77.72,19.75,28.84,37.18,1.17,365
13.57,18.74,27.29,39.52,0.8,8.64,38.48,35.64,71.15,3.77,67
32.64,51.26,16.78,3.72,0.53,32.9,13.89,42.51,67.53,3.38,69
189.26,255.87,5.67,4.93,1.21,12.45,50.39,25.09,49.22,8.15,500
49.62,81.1,19.27,8.69,0.94,32.44,15.43,31.92,74.97,2.93,134
20.79,45.39,65.44,1.0,0.2,24.5,1.0,29.16,64.46,1.56,97
94.05,131.18,3.72,15.49,1.56,72.05,15.63,25.16,53.54,2.18,263
154.0,278.15,36.02,15.39,1.98,89.61,13.28,26.77,68.09,3.91,494
44.22,57.72,21.09,4.59,1.34,36.47,18.7,23.93,20.64,3.77,114
94.22,182.92,7.38,11.75,0.6,3.97,13.81,25.24,69.49,1.88,248
121.12,178.95,59.4,15.32,1.57,10.56,14.86,25.35,51.64,3.09,356
56.55,80.11,14.13,10.4,1.02,60.36,36.31,28.59,79.62,1.18,187
50.39,80.79,74.41,2.67,2.54,31.43,4.31,20.25,65.24,3.15,267
210.29,419.3,28.49,25.22,2.38,6.4,59.58,24.3,88.91,0.35,500
22.51,31.42,31.12,6.54,1.15,32.01,6.1,17.17,30.65,1.86,111
71.99,108.48,20.16,17.41,2.44,73.62,25.56,27.53,57.2,2.02,248
60.28,78.82,50.63,18.11,0.53,83.81,25.74,26.62,43.86,1.67,232
59.94,130.16,22.02,14.33,1.22,84.89,11.66,38.18,65.82,1.59,237
116.61,213.73,52.66,5.39,2.5,29.63,30.26,31.48,35.05,3.87,407
99.0,192.83,31.62,11.77,2.14,32.71,11.86,26.96,41.64,2.84,342
80.74,152.3,19.75,6.5,1.9,21.74,15.89,19.86,68.28,1.31,264
13.84,19.78,4.52,33.26,1.24,39.38,23.2,16.3,43.65,3.75,100
30.3,55.61,62.69,1.0,2.11,36.56,29.62,14.87,53.98,1.4,182
53.6,76.02,27.52,9.83,2.2,69.25,17.95,34.02,40.47,2.26,182
69.98,116.25,15.13,13.42,1.04,49.46,23.41,28.26,66.41,8.95,207
187.73,340.18,41.31,5.94,0.93,12.52,6.46,35.86,57.42,6.43,500
68.65,123.77,31.53,25.73,2.06,56.89,48.97,37.64,81.32,1.81,298
112.77,158.69,31.59,18.16,1.12,38.58,13.66,26.97,74.58,1.42,353
62.04,82.58,124.66,23.84,0.63,79.2,8.22,32.88,12.03,4.88,304
106.52,215.01,12.8,19.14,0.95,14.71,50.64,35.31,69.89,3.56,342
65.69,128.31,42.63,5.04,1.58,18.37,13.08,23.73,81.96,1.97,239
26.03,35.75,61.87,3.95,4.57,40.04,27.11,30.82,35.56,6.23,196
97.12,137.39,20.57,2.56,0.59,58.35,57.62,41.64,84.17,10.93,301
90.31,189.95,12.28,4.76,0.52,44.29,10.39,12.5,32.63,2.68,292
18.01,35.88,20.26,7.63,1.52,34.91,13.06,18.91,97.4,3.63,91
62.04,136.28,31.13,19.07,1.35,70.62,8.48,26.94,90.94,1.51,251
61.59,94.14,55.4,5.53,1.49,39.07,41.34,26.22,34.08,2.46,248
40.23,69.97,13.63,14.57,2.93,56.4,22.73,5.59,42.84,3.18,168
24.67,37.32,20.36,9.03,1.66,110.12,7.81,24.44,79.62,7.81,147
77.05,143.35,42.29,16.85,0.48,119.67,34.97,19.97,59.94,8.63,315
175.95,247.02,47.67,22.0,0.27,48.24,1.99,35.5,67.36,2.51,493
103.5,146.41,51.1,12.93,1.38,22.4,5.11,34.35,69.02,0.23,345
15.69,21.41,6.27,3.25,0.82,58.44,16.8,29.64,65.54,0.52,85
166.98,321.3,93.48,13.81,1.76,22.25,15.18,37.05,36.05,1.62,500
151.21,263.81,17.04,29.52,0.93,29.99,30.0,35.47,40.68,3.09,434
42.34,78.59,91.6,4.58,1.51,64.37,8.01,41.23,32.28,3.57,260
16.82,35.19,102.31,27.93,0.82,59.55,6.83,31.29,37.55,3.56,197
43.75,86.02,5.06,6.12,3.18,84.29,13.62,28.33,76.05,1.22,193
46.34,79.49,41.36,10.74,0.46,11.97,10.21,32.51,84.65,0.78,181
18.2,39.78,18.85,5.08,0.54,95.1,28.88,20.01,76.32,2.02,118
76.16,130.29,25.73,9.41,0.9,34.41,38.95,31.2,51.69,2.44,270
33.76,47.3,47.84,31.68,1.45,68.61,25.14,22.6,28.85,0.64,187
21.91,48.05,9.94,2.58,4.15,49.34,35.44,31.65,8.07,2.23,141
52.66,69.55,18.0,26.86,2.49,115.75,2.88,23.77,65.62,3.58,217
172.64,309.86,40.25,7.81,0.43,66.99,11.46,11.38,79.0,2.98,500
117.79,185.9,32.85,8.75,1.99,15.71,22.58,35.6,89.41,5.39,366
87.59,153.56,47.45,2.49,0.43,24.94,31.18,21.51,69.07,1.52,329
42.54,76.7,17.38,4.72,0.42,36.67,11.92,19.07,60.62,5.95,147
18.35,27.82,9.3,17.8,1.34,62.21,3.91,32.13,61.24,4.04,73
25.12,45.25,100.3,15.38,0.56,10.33,50.71,30.24,48.03,0.8,196
113.05,223.88,12.76,27.01,1.83,50.49,5.33,35.56,73.63,0.53,375
33.5,51.59,10.83,4.12,0.48,17.39,15.06,28.24,60.03,4.36,111
71.39,117.45,13.76,15.18,0.82,40.92,11.44,27.41,78.19,2.13,223
88.31,136.13,29.06,9.41,0.64,31.42,35.42,24.48,35.78,1.79,274
14.74,30.04,30.84,19.7,1.15,29.84,8.18,26.4,64.9,2.94,116
64.27,125.49,6.54,1.0,0.66,41.85,21.44,27.49,30.4,0.92,216
83.18,173.35,11.69,10.31,0.39,50.29,22.31,21.57,88.93,9.88,257
202.29,293.93,51.66,12.48,1.5,12.51,38.51,25.12,40.05,5.51,500
70.46,96.26,19.42,11.05,1.2,54.06,17.19,26.95,46.35,0.2,254
109.37,153.93,32.03,5.28,1.52,37.77,17.39,23.05,97.1,2.71,348
43.26,62.5,12.35,16.83,0.21,29.04,34.56,31.08,87.49,2.19,150
128.22,228.21,37.48,11.8,1.17,61.75,15.48,28.59,83.04,6.72,409
20.58,44.74,11.84,2.85,2.36,55.78,13.52,19.35,42.5,2.28,75
90.4,146.58,8.55,1.73,2.63,8.09,15.54,20.89,51.6,2.41,270
72.89,157.63,3.28,12.45,1.03,34.34,68.82,30.7,48.25,0.55,244
143.75,191.81,24.75,3.61,0.42,20.78,7.51,28.02,50.66,5.67,351
88.56,189.0,38.8,11.52,0.41,26.45,5.01,25.83,100.0,2.17,277
54.63,79.93,39.52,15.07,0.7,10.38,17.0,26.04,18.14,1.21,202
127.85,271.2,28.29,1.0,1.69,34.62,18.75,37.11,65.59,4.65,389
87.62,118.35,50.99,8.0,0.34,5.7,36.19,24.67,72.36,1.04,260
27.82,59.9,7.2,6.45,1.56,15.0,19.45,37.44,84.6,4.12,119
57.41,85.01,7.69,7.12,1.48,11.22,7.03,18.29,91.21,2.54,209
24.85,39.07,10.83,4.26,0.89,33.23,9.17,28.37,73.85,0.57,97
82.8,144.23,18.22,21.15,0.92,34.4,19.66,37.06,53.64,2.21,256
89.43,146.91,24.06,23.97,1.57,74.49,14.07,22.7,26.84,0.6,331
182.68,347.24,54.29,5.41,1.49,66.27,12.08,22.31,66.12,4.34,500
56.49,122.99,19.47,5.02,0.57,38.37,26.0,20.27,39.7,4.58,204
49.73,91.79,41.36,1.01,0.94,24.11,9.9,23.22,83.08,0.77,181
16.17,31.53,36.09,4.71,0.86,14.85,15.97,32.81,94.26,0.91,117
56.45,77.86,54.11,7.78,1.1,36.84,44.77,23.04,72.64,5.51,250
51.79,96.6,34.21,4.22,0.34,8.88,40.08,38.56,79.38,0.9,215
69.4,118.57,56.59,2.43,1.2,31.07,38.98,32.79,33.41,1.7,245
50.65,106.23,3.37,26.21,0.93,46.28,4.23,33.46,37.91,3.29,189
50.73,83.67,19.91,12.39,0.55,37.61,10.95,29.85,29.55,1.12,171
69.25,132.38,4.85,20.09,0.75,33.57,11.01,20.68,67.55,0.63,204
59.73,89.92,10.79,8.09,0.89,11.98,7.44,28.71,29.61,0.78,148
49.99,76.66,10.14,5.62,0.82,33.51,52.14,35.05,31.13,6.49,153
49.59,81.25,56.44,17.0,0.69,68.54,10.0,32.89,54.29,1.07,244
218.54,343.91,20.95,15.61,0.76,126.54,9.6,22.01,51.09,0.19,500
48.5,74.13,93.21,3.76,2.32,107.06,19.2,24.89,57.73,3.04,259
54.21,72.9,19.47,15.82,0.95,89.03,12.46,16.47,71.46,1.1,140
12.93,26.55,4.45,12.29,0.47,65.2,15.66,23.96,,2.12,85
128.54,174.54,18.15,10.37,2.57,81.84,18.49,23.86,51.83,1.17,424
5.81,12.2,34.57,7.07,1.54,41.61,14.83,27.63,65.17,1.95,91
28.86,40.78,30.08,10.84,1.53,49.85,17.81,27.66,67.26,2.96,120
94.91,128.95,24.88,12.06,0.64,19.28,23.7,22.89,93.77,4.05,265
11.41,20.62,31.81,15.67,1.41,29.77,17.07,24.45,52.68,4.49,66
37.59,65.87,47.32,14.85,0.76,48.78,20.1,20.44,56.85,3.62,197
62.82,109.44,2.0,10.84,0.6,29.43,27.43,16.45,64.71,0.21,200
59.09,107.37,27.31,5.94,3.67,,16.37,17.52,75.86,3.5,234
36.67,57.15,10.03,1.07,0.39,22.27,14.51,12.8,61.12,2.79,123
109.77,208.19,38.19,15.73,0.7,41.82,18.1,39.5,45.26,2.66,335
114.37,200.39,11.4,10.25,0.62,38.33,20.99,21.8,43.21,6.46,326
96.83,155.05,11.64,10.0,1.74,34.11,8.55,33.51,50.32,6.84,311
44.32,90.58,6.99,1.92,2.68,18.66,16.05,28.28,29.61,4.95,145
71.95,140.66,25.79,22.9,1.08,156.67,42.9,18.84,50.3,6.03,325
40.23,66.55,4.41,6.56,1.19,19.55,3.36,11.69,47.86,2.42,125
265.24,547.15,6.92,15.41,0.23,56.91,22.15,23.81,34.1,1.48,500
80.82,172.01,26.21,4.9,1.03,22.84,6.12,32.28,29.97,2.81,278
44.53,79.4,20.06,2.52,0.99,3.57,40.84,25.42,44.05,2.91,184
234.55,350.29,19.88,13.51,0.91,46.48,46.39,22.81,32.22,1.71,500
48.96,103.99,3.09,10.89,2.21,4.84,20.51,31.1,48.71,3.85,192
78.64,115.64,26.29,7.58,1.44,74.54,10.27,38.06,54.67,2.58,275
110.98,149.11,28.02,2.72,1.03,39.28,6.42,24.52,61.45,5.93,309
41.62,66.38,50.4,34.29,0.94,23.15,5.9,32.26,30.63,2.09,206
39.22,76.65,35.65,3.9,0.58,25.04,9.64,27.23,82.52,6.01,166
124.63,265.58,9.67,7.81,0.69,12.49,15.54,21.86,46.81,5.22,346
110.91,207.79,9.49,34.33,3.84,50.16,22.79,30.02,50.16,2.1,368
110.67,238.69,53.21,7.39,4.41,39.0,27.68,34.36,61.54,1.93,431
89.87,124.3,47.49,26.2,0.3,21.58,33.18,24.93,83.97,0.1,309
217.12,294.12,22.35,12.23,1.41,31.94,13.75,28.73,67.56,1.11,500
67.46,124.37,39.18,23.47,1.01,14.45,7.03,9.29,33.25,2.92,280
33.29,72.23,43.91,24.07,0.29,13.78,21.46,25.74,39.65,0.83,178
23.09,40.47,5.58,3.46,2.88,39.09,19.41,24.74,41.42,2.7,109
47.92,64.52,8.09,49.8,1.95,44.7,28.04,21.57,54.68,4.37,163
2.0,5.0,17.15,26.1,2.04,75.48,20.44,33.46,76.71,1.85,91
156.45,237.86,53.83,8.68,0.7,34.13,16.01,14.55,86.06,2.12,462
86.19,138.26,75.03,22.23,1.02,38.5,12.52,20.13,58.69,3.61,329
33.04,44.25,27.79,7.82,0.1,49.02,18.2,30.15,22.92,3.07,137
130.71,276.38,9.04,22.54,1.34,34.92,36.38,35.85,52.45,1.38,408
23.05,40.66,10.48,7.95,2.76,7.61,19.46,29.48,69.02,0.67,135
28.51,54.27,18.12,20.34,0.38,18.86,26.96,25.17,64.29,2.18,103
69.13,94.05,17.83,11.56,0.37,29.37,30.75,26.79,78.51,0.57,229
170.48,229.93,10.11,22.02,3.28,39.47,15.21,25.75,65.47,4.53,460
85.53,156.33,19.7,9.03,0.65,3.55,37.1,25.66,54.74,3.92,265
2.55,5.36,3.51,19.85,0.19,46.96,9.86,36.94,45.29,4.34,54
29.17,51.8,20.72,11.28,0.17,6.02,22.48,29.96,42.2,3.97,118
33.68,70.4,12.38,13.89,0.76,134.71,40.05,25.45,52.58,3.8,160
75.55,153.37,11.89,4.42,0.21,24.41,60.77,30.48,48.46,7.2,225
18.43,25.21,33.49,8.53,1.77,61.64,16.52,40.99,27.04,1.86,99
20.15,29.86,34.76,24.77,0.7,67.57,8.56,18.03,35.47,1.68,105
52.65,99.61,16.94,8.56,2.46,51.96,39.66,17.82,86.28,0.21,191
101.14,171.85,7.96,11.65,1.96,132.58,25.72,19.72,73.59,1.13,370
106.21,165.86,26.09,9.41,1.06,58.84,9.01,20.08,78.78,0.4,358
69.1,115.87,16.44,13.07,1.6,,34.36,29.65,43.52,1.35,242
117.75,200.26,40.94,3.23,0.46,38.75,45.8,20.29,74.22,1.85,378
278.37,590.01,33.15,8.07,1.06,14.33,73.25,23.7,22.4,4.48,500
186.18,259.38,37.04,10.57,0.23,45.24,52.72,14.27,43.67,4.71,500
43.4,67.34,2.21,1.92,1.45,44.91,13.11,41.35,52.87,3.02,135
17.61,31.41,67.53,44.02,1.88,24.58,23.68,25.03,82.06,5.13,165
47.77,92.13,26.9,15.71,0.95,38.54,7.06,34.94,61.86,2.61,155
29.71,55.48,2.96,18.4,3.09,34.64,23.85,25.64,57.62,1.41,148
89.38,191.94,18.72,20.31,0.79,84.91,22.38,32.18,48.87,1.46,358
23.56,47.51,22.93,14.46,1.27,,17.67,27.39,9.49,1.01,130
60.64,109.23,56.46,39.72,0.66,42.57,14.92,32.44,58.09,8.92,248
29.73,44.39,35.19,6.26,0.19,14.98,7.56,34.62,41.57,1.0,127
50.88,86.79,29.62,2.21,1.61,20.75,28.62,15.07,74.03,6.27,179
63.36,121.91,23.38,7.74,2.97,31.38,14.29,22.0,23.49,4.42,223
99.09,203.54,20.12,2.41,2.16,105.39,28.98,29.4,41.99,0.19,345
63.65,137.73,5.29,10.53,1.4,29.81,6.94,36.13,48.43,2.78,242
40.24,74.23,27.67,5.76,0.46,10.31,9.63,26.15,73.43,6.79,135
110.69,196.39,10.17,24.2,2.4,,21.97,21.49,43.89,1.66,342
66.25,87.17,13.23,22.11,1.2,55.11,28.38,27.13,46.07,3.81,231
43.44,59.29,36.21,1.99,0.24,26.58,6.8,28.53,46.24,1.36,155
100.85,145.27,12.53,10.68,0.58,77.93,12.86,25.51,43.91,1.06,283
76.04,102.6,3.35,10.97,1.15,53.02,19.49,36.36,69.82,2.82,233
95.11,157.96,19.08,8.23,0.54,32.38,10.3,20.05,64.64,2.6,293
137.79,220.9,2.84,3.12,1.53,34.83,49.12,30.19,14.89,3.47,367
24.89,46.63,24.72,5.58,0.32,9.81,20.67,19.37,80.08,0.42,121
266.3,474.57,38.7,18.51,3.76,82.99,29.38,22.09,49.05,0.43,500
88.2,161.97,20.37,1.62,1.06,17.94,26.2,21.83,88.29,3.37,244
23.73,40.94,4.43,25.48,0.42,31.26,4.84,23.35,67.01,3.14,67
149.76,232.13,42.26,6.29,0.39,46.67,29.97,31.67,46.33,0.99,425
36.82,79.43,59.25,48.89,0.3,13.42,6.68,19.85,59.27,2.32,199
188.35,259.5,18.71,4.21,2.24,2.49,60.24,32.97,70.74,3.39,500
26.35,56.52,13.22,16.45,0.38,39.19,37.92,24.96,28.81,0.7,118
60.76,96.0,5.28,65.18,0.44,53.95,10.14,31.68,,2.64,189
112.22,197.66,25.4,6.78,3.96,66.97,4.33,25.42,47.88,4.0,408
101.93,142.5,52.07,10.18,1.11,79.87,29.03,31.81,79.1,3.62,364
82.36,112.32,5.5,26.21,0.78,43.84,26.7,32.08,69.1,2.43,249
127.07,214.31,2.42,20.6,0.48,67.9,18.27,22.23,29.43,1.67,361
45.6,89.73,19.19,25.22,0.57,52.32,6.35,39.02,52.47,8.12,172
131.97,203.56,5.61,29.43,1.04,76.67,11.71,22.67,72.26,4.6,353
38.58,69.67,22.69,2.37,2.18,,22.49,22.18,20.6,0.59,153
175.13,271.59,28.52,14.07,3.12,19.4,24.24,26.04,37.96,1.34,489
41.44,68.37,29.69,29.0,0.22,54.64,52.86,30.44,72.11,1.84,187
20.21,42.75,35.62,9.15,1.03,33.48,18.25,17.73,13.92,2.1,109
103.12,213.48,67.24,14.43,2.4,113.85,28.0,34.34,40.12,2.6,457
73.38,129.47,41.96,14.19,2.09,40.06,8.68,28.99,14.21,0.96,301
83.36,126.22,44.31,7.83,0.25,13.19,26.15,34.6,48.28,1.8,242
50.51,74.44,6.96,9.29,0.54,39.11,7.15,29.9,54.01,1.91,144
92.05,198.71,24.44,4.76,1.69,66.2,35.89,31.25,30.38,3.05,338
164.99,244.58,54.45,10.96,0.35,7.08,14.3,26.77,65.24,0.82,470
80.43,163.05,14.5,30.61,0.57,91.15,14.9,29.41,69.62,0.64,306
16.59,27.08,40.71,29.8,3.18,33.68,3.69,32.81,37.96,3.33,145
64.81,141.75,78.99,6.87,0.78,21.48,15.08,22.8,46.97,0.47,239
,144.71,9.99,1.56,1.29,2.93,38.67,27.19,51.46,1.77,250
182.76,295.4,5.44,11.37,0.91,19.71,8.04,17.94,67.68,2.97,479
106.56,199.67,30.29,1.71,0.44,7.3,17.64,19.9,18.18,1.94,323
33.84,73.27,21.56,7.39,1.11,15.09,37.08,25.46,41.65,0.73,162
62.61,136.39,63.2,24.59,0.35,23.46,10.12,32.27,46.35,3.97,278
110.89,214.73,8.25,7.56,1.32,29.29,43.93,29.41,66.03,3.76,352
93.52,185.09,52.85,18.16,2.34,11.58,15.97,27.69,39.2,3.16,341
97.69,176.52,20.79,3.63,0.86,49.88,14.09,32.29,71.15,1.29,308
20.56,40.72,12.62,26.65,0.85,42.15,5.88,26.81,66.71,3.2,96
102.36,212.28,24.57,7.63,1.36,13.61,29.81,26.21,50.63,2.6,356
76.86,133.55,17.07,23.33,0.24,26.66,25.73,30.41,85.49,2.03,237
105.45,195.91,23.31,26.79,1.68,12.8,34.68,27.36,73.62,1.8,346
73.4,130.92,51.13,8.08,1.65,20.32,24.68,12.95,32.36,2.38,239
58.43,105.53,83.71,3.16,2.17,21.78,2.7,21.68,,4.73,258
134.26,282.09,21.95,11.11,0.77,136.87,16.76,26.24,64.53,4.39,476
90.11,145.99,31.96,3.64,1.42,28.26,25.05,32.51,95.43,4.47,286
23.9,35.54,46.05,8.25,3.06,18.59,12.51,26.31,24.83,1.64,142
70.8,121.11,31.62,11.55,2.23,61.97,13.66,28.74,77.46,1.61,294
50.9,75.7,13.41,10.51,1.88,62.88,28.07,31.68,57.09,2.93,174
45.86,80.18,28.41,2.72,3.07,9.04,16.99,30.35,57.17,1.84,173
92.43,195.33,21.49,23.4,0.66,15.56,14.65,24.61,47.34,8.27,277
73.79,136.93,2.91,11.08,0.48,71.06,3.0,31.55,74.23,1.57,257
91.2,188.77,2.0,26.53,0.3,32.01,6.02,30.13,83.7,7.47,249
121.78,176.53,28.38,24.66,1.36,35.89,33.48,22.79,45.76,1.71,366
61.61,130.04,11.19,21.45,2.15,48.31,19.36,24.25,47.87,3.36,231
118.42,218.09,46.73,46.29,0.1,26.24,24.67,29.89,5.0,1.37,396
40.37,53.63,12.93,7.65,1.11,63.39,26.19,25.97,73.52,2.94,173
139.01,259.92,14.97,7.03,3.0,30.76,2.59,26.08,53.87,6.02,421
43.35,93.48,39.17,21.47,1.73,12.84,10.09,39.8,59.99,3.23,189
27.07,37.13,18.11,4.88,1.48,75.79,33.39,26.76,42.71,4.36,110
84.62,154.36,10.75,10.38,1.26,66.83,14.92,23.01,47.19,1.66,287
63.31,134.46,34.12,17.17,2.29,48.16,1.91,25.91,22.92,3.29,259
68.95,90.24,105.04,25.53,1.3,59.77,2.45,36.69,54.57,6.58,306
24.18,45.16,12.65,10.66,0.95,59.79,3.92,20.27,52.07,3.92,136
25.36,43.81,42.69,1.0,1.18,26.2,8.33,27.89,61.82,1.66,133
49.88,80.42,37.63,24.43,0.34,56.94,28.39,20.68,93.74,1.54,178
104.91,195.64,91.67,26.09,0.91,47.68,53.43,38.56,63.3,1.61,401
51.55,69.46,54.34,7.98,2.68,56.73,23.52,34.95,74.13,1.49,275
25.82,51.06,23.23,18.11,0.72,35.03,1.09,31.08,66.54,3.0,138
139.41,181.8,33.54,28.81,1.18,74.17,21.2,25.53,70.83,1.24,405
24.97,39.36,4.3,25.59,1.41,86.71,5.7,24.79,66.48,8.58,108
70.54,123.69,63.18,20.8,0.84,57.68,26.52,23.28,61.95,1.06,257
105.36,172.72,6.97,15.06,1.64,24.86,32.51,16.83,87.37,2.37,327
47.43,74.78,33.27,48.68,0.91,7.28,18.83,16.93,75.47,7.67,187
105.19,215.4,33.13,12.89,2.81,4.15,42.32,25.04,68.32,5.41,358
171.77,367.83,37.49,1.0,1.61,50.47,13.47,37.41,56.07,2.15,500
102.4,213.64,10.36,8.59,0.24,153.02,66.85,17.3,30.99,3.47,382
61.77,109.35,23.06,11.11,2.45,43.85,12.78,21.68,74.05,2.55,215
69.25,145.13,40.32,16.41,1.05,50.58,12.68,19.92,46.1,5.15,326
8.33,17.73,37.68,7.35,0.65,13.65,44.01,27.49,73.87,4.3,62
42.66,71.17,87.57,12.27,2.96,55.9,12.33,35.05,50.92,5.24,257
8.93,13.89,60.41,24.28,0.13,70.8,27.32,29.92,59.48,1.46,117
31.89,44.28,21.17,42.9,2.42,25.09,11.09,28.37,57.2,4.84,160
65.36,113.15,20.59,3.35,2.21,44.54,3.77,31.47,27.54,2.31,260
80.92,174.11,12.16,10.86,1.54,32.93,7.95,23.28,64.62,0.73,293
93.09,168.02,38.17,3.12,1.38,72.12,4.52,31.38,52.18,5.32,287
207.1,393.65,4.36,8.96,0.77,14.22,18.52,14.22,53.17,2.9,500
18.07,25.33,5.24,5.69,2.44,11.66,34.48,27.84,91.8,12.28,71
30.82,44.05,35.45,16.75,1.65,94.67,8.28,31.94,40.99,2.38,157
78.62,135.07,50.03,14.43,2.65,29.91,49.98,21.98,39.88,2.07,282
111.53,240.48,13.74,6.9,1.28,65.1,5.02,19.54,49.07,1.91,340
38.63,62.77,40.77,11.43,3.0,13.94,5.82,26.19,81.75,2.55,190
74.01,154.66,67.88,5.43,0.34,127.24,14.02,26.37,40.89,3.99,329
82.47,116.13,47.58,19.6,0.86,21.06,13.18,37.35,83.17,1.72,266
182.98,339.49,31.87,14.09,0.92,32.55,5.16,31.74,100.0,0.61,500
20.58,37.89,34.87,13.6,2.13,41.74,40.79,32.46,92.04,3.89,151
91.17,189.08,39.32,1.41,0.72,60.39,10.13,38.72,29.02,1.77,302
113.81,148.29,26.86,3.19,0.1,4.55,14.79,30.74,32.3,2.21,252
97.66,143.65,17.45,4.61,2.44,14.92,11.82,25.86,62.31,1.83,312
149.16,223.4,27.92,42.08,2.13,39.44,23.49,34.94,51.29,3.45,471
25.91,55.83,16.64,6.88,1.0,28.64,24.04,4.25,50.42,5.58,119
6.9,9.93,48.44,47.24,0.88,97.02,18.48,32.29,45.97,3.35,151
143.62,191.48,26.96,16.43,0.71,30.56,40.13,23.26,50.83,2.44,409
49.16,87.55,12.42,2.77,1.0,14.48,8.79,32.51,67.29,2.62,166
61.93,109.98,21.05,18.37,1.24,19.44,22.63,27.31,47.2,3.37,236
67.85,139.75,13.06,4.81,2.27,73.91,6.82,31.38,47.62,7.94,229
71.61,154.24,69.55,41.81,1.82,47.28,12.64,20.55,88.43,1.06,309
121.61,217.04,46.66,7.24,0.13,62.41,4.88,28.63,40.67,7.85,396
89.06,190.33,18.45,4.57,0.24,18.51,1.64,30.6,27.77,4.16,279
19.53,38.13,15.84,14.94,1.27,93.85,10.53,27.38,77.04,0.99,133
61.02,93.86,18.23,9.47,1.56,43.37,6.44,20.83,23.6,1.18,213
81.28,173.58,7.09,21.86,0.25,49.65,12.61,26.21,45.65,2.44,300
94.91,180.4,28.26,23.47,2.44,10.86,27.08,38.03,29.41,5.39,316
58.13,97.24,8.54,9.19,0.85,42.16,26.18,15.12,47.24,1.12,210
42.34,80.97,24.49,11.89,0.35,61.76,16.56,12.94,43.06,1.32,154
126.13,209.53,46.25,22.83,0.51,10.16,10.84,22.39,82.82,1.9,371
48.29,67.74,66.02,32.77,1.96,26.01,31.02,30.6,80.54,2.3,208
101.55,197.72,16.63,15.41,2.98,107.87,18.14,20.96,25.28,2.67,388
119.98,244.95,15.59,14.3,0.51,29.54,9.86,26.52,43.61,3.01,349
78.06,152.68,6.34,16.04,0.32,18.86,19.7,28.33,23.99,1.64,228
38.48,57.96,39.08,16.86,1.72,13.67,15.57,18.18,56.87,0.83,217
89.47,193.34,25.02,11.46,1.0,38.97,5.37,27.55,55.08,4.53,272
53.41,70.65,13.39,69.98,2.11,43.66,14.51,28.56,22.06,0.61,222
256.63,410.45,14.87,14.79,1.28,12.01,27.67,21.54,99.67,2.27,500
115.41,177.05,52.67,1.0,0.58,8.92,4.36,26.84,42.29,1.71,343
112.64,151.32,2.09,5.94,0.72,49.66,15.54,28.37,29.3,2.71,332
139.27,231.91,59.62,8.31,0.77,73.67,27.49,26.62,51.4,1.67,445
9.45,17.58,11.95,3.93,1.5,57.66,17.98,16.04,83.78,2.4,92
61.15,128.07,42.83,14.23,1.62,25.96,53.78,29.13,33.02,1.11,237
,294.09,9.08,3.46,2.6,50.88,5.02,31.66,79.65,3.22,456
42.35,85.85,33.0,7.29,3.77,9.36,14.9,37.57,57.84,3.33,190
16.52,28.44,21.45,6.18,0.88,22.19,29.25,33.43,26.89,3.04,106
72.58,141.62,58.78,5.61,1.17,21.24,11.65,24.48,38.86,1.57,279
31.48,64.83,20.71,10.31,1.27,72.64,12.38,19.63,48.92,2.06,167
34.91,60.01,63.1,8.44,2.54,59.62,2.44,23.43,35.26,2.0,188
57.94,116.25,18.08,4.59,1.76,41.69,26.02,23.57,19.48,0.22,198
23.39,40.57,41.1,34.01,1.4,55.29,16.31,23.76,44.43,6.01,143
55.56,91.55,47.39,22.32,0.39,8.1,23.56,18.8,86.9,2.22,216
,140.13,20.25,8.28,1.54,39.07,42.66,32.01,59.4,3.34,256
221.28,422.25,25.47,19.52,0.74,18.26,28.05,24.2,68.62,1.14,500
45.31,88.54,6.84,37.47,1.31,,13.91,24.53,50.61,2.96,191
58.88,95.45,30.82,3.73,1.78,9.48,3.71,22.05,60.51,1.3,167
98.86,179.35,43.04,10.01,1.87,55.64,20.3,32.65,37.39,0.88,343
50.7,107.42,67.38,5.65,0.53,14.61,10.52,32.84,79.29,2.13,207
40.2,87.59,45.55,7.63,1.09,164.18,17.16,36.41,75.42,3.51,247
135.36,203.65,28.61,33.01,0.77,35.14,45.88,28.24,29.56,5.22,441
175.78,259.02,19.47,10.75,0.5,25.29,3.62,10.08,68.36,1.8,456
50.2,95.83,23.71,34.88,1.2,34.15,16.34,26.37,43.7,1.69,235
39.39,65.9,20.76,11.4,1.4,67.7,14.23,23.53,37.54,2.6,176
34.73,45.9,49.43,10.7,0.8,90.32,36.69,24.51,88.91,2.29,172
101.22,163.19,59.57,7.08,0.7,22.98,21.54,39.97,37.59,1.07,332
148.9,301.68,20.51,11.85,1.67,11.35,5.66,34.32,82.03,3.13,453
86.67,174.88,36.36,19.22,3.13,69.94,21.83,23.71,20.53,2.75,362
103.67,180.93,22.59,1.51,1.34,20.84,12.92,38.62,57.3,0.87,279
128.88,222.36,5.25,25.46,3.51,42.35,13.88,25.75,24.26,2.74,412
178.85,325.79,8.4,1.06,1.69,69.59,39.64,13.07,33.07,2.05,500
88.77,132.94,12.7,7.7,0.8,69.28,24.78,17.74,26.07,3.39,283
48.5,86.02,22.64,3.37,0.51,44.4,8.97,18.87,55.73,5.2,170
108.38,141.97,29.48,7.57,0.91,52.18,5.29,27.75,66.62,3.33,318
138.67,239.62,68.1,13.14,1.71,68.24,43.27,9.13,44.57,4.66,471
54.29,87.0,26.1,24.07,0.29,26.65,4.9,24.35,40.07,0.91,187
9.03,17.22,27.0,22.94,0.58,29.32,13.09,18.65,32.46,4.23,92
47.49,89.02,42.92,3.17,0.88,63.13,24.35,27.24,97.35,2.41,199
23.19,38.1,9.07,13.17,0.79,52.0,7.34,26.22,52.82,0.39,79
4.41,5.76,29.81,14.06,0.59,31.95,5.62,20.97,28.3,2.42,36
49.36,75.37,40.09,19.4,1.33,76.68,19.72,13.62,55.08,0.54,225
61.97,115.88,18.19,7.51,0.38,53.91,7.96,21.87,96.37,3.49,210
92.66,126.5,24.26,9.83,2.57,30.19,39.94,30.53,37.16,1.48,312
102.94,143.79,20.04,1.0,1.24,86.28,7.99,36.61,44.76,4.08,294
51.82,97.55,18.25,7.81,3.43,136.09,48.7,26.73,41.07,3.6,238
96.69,191.47,28.14,7.46,1.48,38.63,2.9,33.04,26.3,7.97,334
91.63,145.64,49.67,4.05,1.88,17.69,23.25,36.59,58.11,1.73,313
90.6,157.7,35.02,1.63,1.23,135.91,17.33,27.39,58.14,2.52,323
36.33,78.15,57.18,19.99,1.8,11.33,13.3,37.03,37.6,0.49,191
109.38,235.28,18.08,32.15,1.85,46.95,14.21,33.78,86.91,1.3,368
75.79,119.49,36.94,11.83,1.96,57.17,13.48,30.35,73.45,8.33,286
63.2,128.24,30.99,7.4,0.62,29.93,43.17,41.92,45.28,1.56,236
39.0,71.55,49.17,7.44,0.6,36.37,24.05,34.7,67.5,2.92,178
50.79,110.62,38.45,38.92,1.82,29.73,24.85,31.54,64.79,4.17,250
120.25,208.02,55.4,13.36,0.43,29.29,12.08,28.29,67.74,1.96,372
96.38,192.5,15.15,9.89,0.84,56.53,23.7,20.87,70.38,2.21,344
42.18,84.0,69.3,45.76,0.1,45.56,3.92,26.33,66.46,0.48,199
72.71,127.07,18.13,21.51,0.61,63.87,29.46,27.28,65.38,0.9,248
93.54,188.57,16.51,26.22,0.18,48.01,12.92,21.45,96.41,2.1,334
44.48,68.28,35.88,8.71,0.51,46.93,8.81,24.58,48.49,2.58,170
108.16,152.5,3.35,24.28,0.97,32.72,4.1,30.56,52.01,5.87,292
13.31,22.4,24.3,7.44,0.43,32.26,17.1,32.01,52.13,2.39,80
107.52,231.09,13.69,11.59,0.53,40.75,1.91,24.13,37.06,1.53,360
102.89,180.12,10.62,21.43,3.14,,4.26,20.47,57.94,4.35,338
80.47,150.62,13.5,21.4,2.4,56.8,5.97,29.92,54.75,0.73,279
56.41,105.03,17.65,19.85,2.32,71.6,26.38,33.17,71.02,2.63,247
32.69,46.4,13.54,1.0,1.47,24.86,22.99,17.01,41.25,3.46,116
68.33,112.83,9.94,5.06,0.9,20.27,26.91,28.02,26.09,1.43,188
89.6,173.5,17.94,7.79,1.69,25.1,31.26,24.46,77.36,3.72,295
109.69,238.55,7.8,21.18,0.73,24.49,14.22,34.63,54.69,1.59,330
37.82,54.88,36.66,10.13,1.88,40.4,7.71,48.0,42.69,3.22,169
49.54,82.71,16.64,3.25,0.47,17.89,24.2,14.31,90.5,2.29,153
50.84,70.44,10.46,14.74,0.57,6.96,51.6,37.86,82.79,4.86,157
18.51,28.1,40.7,23.29,0.65,36.81,5.28,20.15,76.54,3.42,106
143.45,235.13,36.8,2.7,0.4,13.62,19.98,35.24,35.4,5.77,421
152.26,272.03,12.26,4.83,2.04,30.86,9.13,28.47,31.93,1.53,449
34.83,52.5,81.92,5.77,1.36,62.35,13.27,27.85,76.56,2.03,200
193.22,290.75,74.55,10.97,0.54,80.0,40.98,25.91,72.91,1.91,500
57.74,115.48,42.44,16.52,3.39,34.97,7.46,19.6,72.02,10.0,248
108.63,235.34,55.81,15.61,0.27,13.76,13.97,26.7,49.78,4.72,366
104.19,165.79,9.86,9.14,1.2,54.11,9.57,24.57,78.81,0.57,302
5.77,11.08,34.09,10.61,1.07,19.13,21.07,38.72,73.47,0.9,89
70.43,107.91,23.21,12.68,1.34,11.49,40.7,23.75,80.72,3.9,215
32.95,70.34,34.7,28.46,0.38,46.98,5.64,32.72,49.68,3.36,159
10.55,20.11,38.93,28.64,1.27,11.02,18.6,24.85,59.7,0.19,102
77.55,156.84,39.42,23.1,1.52,79.97,3.44,34.85,48.25,4.87,321
98.68,132.66,13.19,7.92,0.47,29.23,12.78,11.9,84.33,3.09,284
42.78,78.67,107.18,3.08,0.57,30.35,22.26,22.2,45.25,3.92,240
,131.27,26.16,19.76,0.45,38.54,5.46,23.64,32.68,1.09,265
147.98,231.4,9.09,8.47,0.72,32.01,34.99,20.58,56.56,5.83,415
57.53,88.38,46.46,33.54,0.74,42.9,7.4,39.77,63.19,1.55,229
22.61,41.19,14.21,2.07,0.77,27.97,5.13,37.15,40.54,1.11,122
116.0,224.55,25.95,9.08,2.44,,10.66,37.97,24.42,1.13,368
51.17,68.05,19.86,43.58,0.25,63.56,7.85,13.55,27.19,0.67,201
40.38,73.11,34.96,16.1,0.1,7.72,16.36,26.27,68.96,4.42,142
54.54,79.27,55.29,4.6,0.6,41.81,42.59,23.35,79.85,1.85,198
53.12,75.77,30.01,1.0,0.1,35.45,6.39,23.52,56.98,3.21,189
14.63,27.22,17.34,14.16,0.77,,5.01,14.06,61.76,3.53,82
82.28,129.99,76.28,24.16,1.91,35.76,24.85,29.37,88.14,1.72,355
81.27,137.89,62.21,37.57,0.29,15.94,12.47,36.74,44.8,1.94,317
55.68,90.42,108.63,2.88,0.32,71.45,41.79,28.94,68.26,1.96,281
76.98,145.0,16.31,21.2,0.92,44.84,4.92,3.35,48.12,9.1,258
103.09,177.63,9.86,3.1,2.35,31.76,11.12,27.16,71.81,6.54,357
80.46,174.36,5.88,16.07,1.08,95.69,10.44,26.03,41.82,1.5,289
39.03,63.11,20.15,3.35,2.33,43.92,1.59,30.53,33.69,5.08,122
32.42,63.74,31.7,15.79,0.53,67.18,9.41,30.42,59.7,5.59,179
211.24,323.52,13.33,1.54,2.14,2.0,15.96,17.33,62.97,3.51,500
81.86,143.89,9.66,22.05,0.64,4.38,9.62,25.08,53.76,5.78,251
60.2,108.19,35.27,19.35,0.7,18.64,8.17,35.39,25.28,0.91,215
95.27,152.07,53.97,17.36,0.61,28.7,31.96,22.13,39.94,1.75,320
43.13,74.37,2.68,7.1,1.29,22.74,12.21,26.55,36.65,3.45,147
116.72,181.08,2.79,10.64,0.34,15.16,14.24,35.32,59.15,0.22,309
51.68,67.46,25.38,19.37,0.88,45.56,70.52,32.74,43.86,2.57,217
11.63,17.37,39.59,19.0,3.4,12.29,8.41,35.2,95.75,2.15,146
63.05,121.69,11.02,39.74,0.73,54.4,27.41,27.69,63.2,0.28,220
29.18,58.18,6.73,18.31,0.85,20.6,32.01,31.6,74.31,1.72,128
57.89,89.86,50.61,37.27,2.1,46.08,3.19,33.82,48.28,1.04,228
52.42,87.4,25.1,32.14,0.85,108.49,19.51,30.32,66.29,0.85,252
87.65,116.9,12.07,9.14,1.6,21.54,33.18,22.71,55.76,2.89,247
168.86,255.55,79.52,3.29,0.14,5.49,14.01,24.29,58.5,12.12,489
109.34,218.81,41.41,8.2,1.09,31.54,5.68,35.42,79.96,1.62,382
81.71,150.8,23.03,1.03,1.39,10.66,12.98,35.7,89.04,2.25,244
73.04,108.48,47.9,7.45,1.21,31.11,1.12,23.37,69.07,2.12,252
83.6,128.05,5.69,12.23,0.66,41.48,34.03,32.85,55.6,6.79,225
155.71,316.9,17.95,17.07,0.59,32.88,21.83,29.24,38.29,1.34,475
94.34,140.39,14.93,8.51,1.03,14.6,24.22,18.43,65.68,0.9,275
11.86,18.98,20.12,22.84,1.73,30.11,25.32,32.49,35.75,0.43,60
30.47,57.82,62.5,31.67,0.59,12.52,38.18,17.07,63.15,1.02,189
130.04,234.72,70.67,20.86,0.69,36.71,5.8,17.07,45.05,0.86,416
80.38,137.83,29.81,23.59,1.0,19.56,21.97,22.03,32.55,1.93,263
153.78,324.44,15.62,12.0,1.36,40.37,8.9,23.08,61.77,10.87,471
104.89,157.09,8.76,31.56,0.3,32.35,1.91,21.66,34.67,1.87,273
71.42,140.5,64.98,19.91,0.21,58.99,17.44,27.28,48.01,0.64,296
70.56,101.83,36.5,7.54,1.2,25.22,5.69,10.8,49.03,1.52,231
42.67,79.11,13.55,31.28,0.79,43.71,11.06,18.53,59.43,3.6,145
56.9,118.55,14.72,2.9,0.98,37.72,13.44,23.75,93.71,4.02,225
24.14,41.33,28.87,14.12,0.1,47.68,46.51,25.37,88.14,4.5,172
35.36,69.02,5.46,20.85,0.96,13.39,19.36,34.58,43.18,0.99,125
28.8,58.7,21.68,7.34,1.63,36.42,17.74,38.62,39.29,4.63,125
65.09,92.59,12.93,5.38,0.5,30.49,10.59,28.56,61.12,1.58,176
46.35,89.7,48.82,34.27,1.01,31.44,35.84,38.75,59.35,7.56,215
16.16,34.4,28.01,1.0,1.47,69.18,8.82,15.56,41.18,1.37,124
95.45,173.6,16.12,1.5,3.12,119.76,11.32,27.49,17.45,2.26,330
49.82,73.11,11.6,24.19,0.6,34.05,46.68,32.76,42.72,6.11,187
114.17,161.46,76.83,5.84,0.77,34.87,4.12,10.68,59.58,2.6,364
91.42,140.22,67.35,7.01,0.91,49.28,5.61,28.43,37.38,1.43,323
226.75,315.9,2.0,5.37,0.85,31.6,11.86,24.01,58.98,0.6,500
65.49,115.39,71.17,5.52,0.78,66.85,44.89,30.54,43.21,2.03,251
43.31,59.02,10.53,10.47,0.24,44.17,38.75,30.58,62.79,6.97,152
34.93,52.43,32.5,39.34,0.95,33.5,11.18,23.59,91.68,1.66,181
101.82,172.68,29.05,16.75,0.94,44.93,33.02,20.37,49.2,5.34,355
108.3,186.98,8.85,19.44,0.16,35.92,12.36,28.58,71.25,0.56,313
66.32,119.96,43.72,17.68,0.22,73.22,16.78,22.25,72.64,1.24,220
79.12,153.1,11.97,1.0,0.1,33.92,58.94,39.8,32.54,1.49,250
132.4,177.75,28.82,7.93,1.65,31.17,21.15,22.4,42.29,5.61,371
105.06,144.2,92.29,18.46,2.02,80.05,46.36,24.85,59.46,2.64,417
82.1,111.23,20.57,11.12,1.31,32.39,33.79,25.75,67.9,6.75,227
25.07,42.14,23.94,3.0,2.17,59.72,8.2,30.43,20.14,2.11,122
36.16,48.38,23.02,2.1,0.6,77.76,11.4,31.0,60.24,5.47,126
51.05,100.63,13.67,5.25,0.15,35.12,30.21,34.22,26.42,0.72,167
53.4,80.13,4.03,7.55,1.8,25.93,8.4,26.29,31.22,4.27,166
38.89,83.44,20.78,12.93,0.53,55.16,21.3,22.78,43.74,1.67,150
35.37,61.47,6.66,2.37,0.38,47.69,6.73,18.19,53.38,1.48,138
54.99,93.58,39.89,1.0,2.15,79.54,17.66,25.07,79.44,2.43,261
73.68,147.55,20.96,10.27,0.69,22.6,14.99,25.8,56.41,3.7,200
92.77,180.14,67.68,15.22,1.99,61.62,36.93,34.31,64.33,9.83,373
14.97,27.64,17.62,4.4,2.25,44.68,15.89,39.2,31.03,1.07,144
46.67,99.95,24.35,10.93,0.51,26.45,18.3,34.79,42.56,1.42,180
16.74,28.13,25.27,29.54,1.44,33.8,53.41,25.8,49.05,1.55,108
65.72,133.26,52.07,4.23,1.51,28.18,13.62,5.94,49.34,3.36,247
64.97,106.68,23.59,25.71,1.87,20.88,11.82,24.32,72.53,0.25,254
61.24,125.81,18.5,6.2,0.7,20.32,4.13,25.92,68.0,1.25,194
54.81,84.05,16.01,2.78,0.25,40.17,9.75,27.42,78.41,4.47,186
47.34,73.87,14.37,5.33,0.97,7.9,44.82,32.5,46.51,2.18,154
61.43,117.33,7.37,21.43,0.62,14.19,18.49,23.35,30.06,3.64,188
94.3,140.64,17.31,5.7,1.5,20.28,33.35,28.38,95.1,3.71,301
49.99,75.29,20.21,24.27,1.25,74.3,23.53,25.39,40.51,7.04,241
26.36,41.51,52.21,9.46,2.43,73.85,29.03,35.24,28.95,0.53,188
78.96,150.89,50.8,3.0,1.1,74.44,15.48,30.68,46.56,2.73,314
108.76,228.45,16.35,5.2,0.53,63.27,20.55,28.54,66.05,1.76,378
25.28,48.2,6.77,12.42,1.53,71.51,7.96,23.83,70.17,2.25,119
22.02,45.03,11.3,5.98,0.51,60.72,34.34,26.34,65.35,2.07,110
24.53,43.88,29.63,7.54,1.34,69.0,37.28,39.4,67.33,0.7,121
60.82,82.84,12.89,1.28,0.19,86.8,22.45,27.31,77.7,0.77,204
176.78,245.8,25.57,9.31,0.62,31.38,22.18,19.19,43.99,3.25,452
159.46,286.87,3.55,9.73,1.73,71.71,2.05,37.03,53.03,2.02,487
79.14,126.23,57.26,3.09,1.28,45.24,30.48,36.73,78.5,3.05,276
24.01,35.97,22.79,15.03,0.51,8.76,23.68,21.32,55.4,3.3,108
158.34,272.28,19.84,21.53,0.98,64.07,11.64,30.86,61.44,1.87,467
163.62,310.85,40.03,29.78,0.63,26.7,26.31,29.48,100.0,1.65,500
34.16,56.25,17.89,12.67,1.6,194.89,9.36,13.97,70.62,1.54,233
66.3,134.07,4.3,19.77,1.1,15.83,20.6,29.09,40.48,6.33,228
108.4,212.98,21.4,19.55,0.29,20.33,40.2,24.59,83.03,0.66,334
145.37,285.12,22.94,16.77,1.75,87.79,10.69,31.72,57.16,0.77,495
59.63,130.39,27.77,15.48,2.63,17.18,24.12,34.38,72.74,1.42,268
115.58,180.96,80.63,2.47,0.73,76.27,16.36,33.08,24.12,3.84,370
84.4,158.69,35.97,2.63,0.51,17.18,4.89,14.5,46.5,5.82,277
81.31,168.31,25.89,22.09,0.24,40.32,14.75,36.02,83.77,6.77,289
76.35,139.08,42.3,43.23,0.64,20.22,37.93,17.59,31.01,1.12,280
182.03,365.99,4.61,7.91,0.1,34.13,15.37,23.3,56.35,2.36,500
69.01,115.45,54.61,20.95,1.69,26.76,16.93,24.42,62.79,2.27,249
91.62,167.79,39.79,13.24,1.42,31.99,14.25,38.63,17.42,1.15,323
182.71,246.67,57.41,9.69,0.34,56.28,20.5,26.83,61.99,2.53,498
95.98,209.94,18.12,19.84,0.36,7.63,11.63,34.19,58.88,2.92,319
44.83,90.56,31.95,7.67,1.34,64.08,19.13,24.8,69.29,2.42,203
63.98,133.2,18.79,17.21,0.23,51.05,13.88,27.85,39.48,2.55,202
36.74,70.73,77.01,14.81,2.62,91.08,5.17,28.75,72.36,3.43,230
63.23,92.78,19.78,14.25,0.1,58.89,2.85,28.67,48.92,1.99,226
59.68,79.25,9.83,26.61,1.3,43.94,10.67,36.46,39.72,1.33,180
50.54,105.03,11.58,4.45,0.6,30.2,28.57,23.54,80.6,1.45,163
76.42,126.6,28.17,4.49,0.79,175.51,10.55,27.57,66.41,5.06,291
17.96,27.62,38.78,9.9,1.12,32.85,21.03,41.75,41.5,6.59,129
207.83,375.23,11.69,5.92,0.15,68.68,11.64,43.45,33.37,2.33,500
60.54,101.64,36.88,10.67,1.18,46.89,18.34,16.65,48.61,8.7,199
66.49,125.42,54.35,8.01,0.29,60.3,4.33,29.22,73.64,3.17,274
156.63,271.82,49.64,11.74,0.56,65.63,31.66,30.77,76.44,3.4,500
95.1,183.31,36.48,22.79,1.83,19.84,19.09,26.05,32.08,1.21,327
49.64,102.67,39.45,5.13,1.73,48.88,17.95,25.93,31.34,0.93,231
54.69,80.72,33.83,4.52,0.17,75.12,19.55,35.12,65.52,1.11,183
129.41,206.61,5.12,16.99,0.52,33.76,19.34,36.77,94.42,2.79,380
140.96,238.66,44.47,4.02,0.25,20.18,19.61,24.19,47.73,3.12,437
45.85,99.29,17.45,34.19,1.22,26.02,15.58,38.0,87.82,3.9,205
154.28,251.29,52.4,27.5,4.05,89.71,1.0,15.86,65.45,2.66,500
19.36,31.81,14.33,34.76,2.3,46.31,27.32,25.26,13.91,3.52,152
167.34,315.96,19.18,3.45,1.04,65.38,35.62,29.1,32.06,6.07,500
85.36,143.18,30.04,13.36,0.89,34.07,31.92,23.39,51.39,2.03,243
153.04,329.96,95.27,4.57,0.56,27.15,32.24,39.72,75.04,10.55,500
101.69,214.06,31.08,36.6,0.3,60.09,11.45,27.53,63.53,1.76,346
48.01,84.6,31.07,10.43,0.79,8.48,21.51,17.58,77.34,1.48,168
62.73,117.96,10.26,14.06,0.82,22.79,41.95,27.4,40.56,2.38,218
49.32,66.7,8.12,7.93,1.99,63.06,23.53,33.9,43.93,0.71,185
39.42,75.93,16.85,17.55,0.34,30.81,9.84,27.74,57.97,2.52,122
,178.96,38.58,10.6,0.91,50.05,10.63,31.69,46.7,3.12,330
14.41,23.39,31.08,17.72,1.29,28.21,57.54,29.9,66.03,6.48,112
60.06,89.95,24.58,12.73,0.99,28.68,39.21,24.31,48.97,3.33,223
71.83,152.53,18.15,22.96,0.47,159.95,12.62,36.81,64.01,5.13,298
15.07,25.37,44.45,20.13,1.95,32.7,19.22,15.65,69.54,1.85,136
83.91,158.44,66.77,38.11,2.39,103.27,27.49,17.68,68.53,2.96,368
101.45,134.93,42.37,7.23,1.03,7.23,9.13,13.72,58.67,1.8,309
91.89,153.7,57.97,23.51,1.38,15.48,44.95,30.0,45.45,4.47,342
91.0,185.24,22.89,12.29,0.33,62.5,1.48,19.2,68.83,0.7,306
73.09,120.5,38.93,21.33,0.6,54.91,1.86,19.38,5.0,2.12,265
31.24,57.57,82.27,8.17,1.13,73.56,41.26,17.61,42.31,1.56,217
4.17,6.21,57.71,4.03,1.78,90.78,64.55,23.08,31.36,4.81,133
58.86,98.58,73.69,17.73,1.57,76.45,19.16,19.39,57.88,1.37,259
47.82,102.08,58.71,7.48,0.55,25.27,59.53,38.13,51.14,2.82,200
71.72,129.8,68.79,4.84,0.73,10.87,20.6,24.3,78.72,1.61,259
37.8,79.82,17.66,9.54,1.08,56.71,7.49,25.47,40.96,0.99,188
133.98,282.95,14.14,17.29,3.46,50.71,10.97,29.54,80.96,3.32,475
18.93,40.7,22.12,39.25,1.33,103.46,20.69,24.32,45.22,4.77,168
43.35,91.29,19.29,10.44,0.72,35.81,17.0,23.18,,1.35,137
56.92,74.17,15.92,11.63,0.73,28.15,21.34,24.69,63.19,5.36,186
92.61,198.25,68.98,10.16,1.07,34.29,23.13,31.64,63.88,3.82,371
92.92,132.29,8.5,9.98,1.15,51.19,40.77,30.73,42.48,1.52,283
121.3,162.05,58.11,10.03,0.64,88.37,4.59,27.21,70.04,3.44,389
110.4,149.03,41.01,14.44,1.27,36.51,13.91,11.27,55.96,0.84,346
59.56,96.13,2.0,9.37,1.15,25.27,5.13,24.2,30.46,1.07,187
116.19,215.97,18.38,24.16,0.12,61.91,22.33,22.99,50.98,0.46,367
60.05,99.81,16.46,14.64,0.79,43.54,7.15,39.07,92.38,2.08,184
17.68,23.4,13.11,8.49,2.99,55.66,25.55,25.97,32.17,0.65,117
19.49,33.7,12.91,15.69,0.28,32.24,8.98,37.35,7.13,1.89,52
55.67,94.53,14.61,28.84,0.13,,37.44,25.21,51.87,2.17,182
29.3,58.04,13.54,27.47,0.32,25.95,8.98,35.58,61.9,4.03,136
,97.59,18.32,18.08,1.35,29.06,9.05,24.73,100.0,4.36,189
112.55,168.35,14.45,36.22,0.37,35.85,17.0,19.28,54.98,0.7,314
51.78,79.24,16.23,37.7,0.74,22.09,18.1,23.67,44.66,1.93,161
12.17,19.15,90.57,6.51,0.13,53.4,33.17,16.55,44.9,1.7,183
96.59,177.66,38.08,13.78,0.35,34.1,17.2,29.76,51.14,5.7,335
47.84,82.49,63.25,36.9,0.54,10.38,19.12,21.74,51.05,4.52,207
56.89,91.2,8.75,8.36,0.64,55.63,15.6,35.2,67.92,1.05,229
245.57,401.97,15.68,18.77,0.95,61.86,9.77,30.59,71.95,1.35,500
121.41,198.36,12.29,9.38,0.5,31.21,23.87,22.53,78.89,3.85,360
140.62,305.86,96.36,4.65,1.23,18.02,9.78,17.52,48.91,5.24,500
52.79,79.69,48.42,7.76,2.47,26.63,31.11,19.91,78.89,2.57,236
212.34,432.38,23.15,8.09,0.34,25.5,9.28,39.05,84.43,4.56,500
34.17,66.21,53.57,26.3,0.79,58.61,19.42,16.08,45.24,9.34,163
17.97,23.46,22.5,31.34,3.03,11.64,7.57,18.73,100.0,3.33,128
236.16,518.11,22.98,6.94,0.28,101.78,30.05,8.8,55.01,3.66,500
12.44,24.64,14.3,1.0,1.64,10.01,10.72,26.34,49.45,3.06,72
48.05,91.97,20.55,32.54,1.14,55.27,16.26,29.04,87.93,5.29,217
97.6,162.49,24.55,2.81,0.3,34.2,12.34,27.2,68.17,1.79,311
53.29,95.91,11.73,16.84,1.14,7.59,7.4,37.8,78.45,1.7,155
41.1,62.8,59.31,39.3,1.08,41.51,5.77,26.43,59.9,3.99,190
69.07,92.0,56.2,2.62,2.76,5.92,3.06,31.57,80.2,4.16,245
66.02,135.51,15.86,21.17,1.34,27.44,1.0,40.48,68.37,3.16,250
74.86,157.71,3.76,10.14,0.89,23.39,33.03,32.39,31.76,8.43,232
149.13,215.67,22.17,12.9,1.89,22.16,22.79,36.37,44.13,9.85,401
101.35,203.55,23.22,10.28,2.52,66.23,15.32,27.5,38.33,1.64,364
58.25,114.58,48.89,4.61,0.63,78.24,12.5,26.12,41.57,0.17,203
81.8,119.47,27.85,21.53,0.79,25.6,17.75,32.59,92.25,4.42,258
2.16,5.0,4.96,12.3,3.92,5.43,17.42,25.32,75.25,4.19,111
61.25,102.94,21.67,4.27,0.74,36.83,8.19,25.28,47.98,0.34,209
86.38,171.37,28.92,53.91,2.15,33.81,13.05,21.24,69.63,1.96,317
37.89,77.82,15.06,8.71,0.1,39.17,30.19,29.65,64.95,3.11,146
49.24,68.21,51.17,5.36,1.28,45.06,2.97,15.04,49.09,2.16,183
121.81,220.07,51.1,13.74,1.67,21.81,14.36,15.32,60.33,1.6,378
28.88,57.35,26.75,1.0,0.88,23.53,5.73,32.6,59.12,2.24,115
123.95,248.84,58.52,4.56,0.5,46.33,6.48,29.23,68.56,3.27,399
183.35,262.77,2.57,16.32,1.63,9.7,10.47,15.88,45.85,1.14,500
50.3,89.17,33.5,9.41,0.4,30.48,20.2,22.7,35.24,2.4,219
29.26,60.63,34.98,6.81,0.65,13.34,15.5,23.73,16.78,1.18,130
39.48,62.64,19.22,8.07,2.08,28.67,2.24,21.14,62.68,6.67,147
175.11,294.65,2.87,15.0,0.47,12.12,4.54,34.96,57.46,2.11,471
27.81,56.29,20.6,17.88,2.91,66.05,46.64,32.97,100.0,4.32,160
29.33,40.49,16.72,15.79,0.36,15.33,23.98,26.24,71.97,3.86,105
12.21,25.33,65.9,22.75,1.13,20.56,22.82,40.68,50.91,6.74,132
48.46,76.58,42.41,12.17,2.26,72.07,13.18,18.63,61.09,2.67,207
76.57,99.64,26.05,5.13,0.12,19.74,11.33,25.31,76.06,6.27,192
160.3,242.18,23.29,18.28,0.52,18.97,20.58,26.88,53.91,2.99,445
51.89,71.63,68.9,2.68,1.07,16.5,31.37,23.44,39.26,1.56,220
95.58,132.2,3.65,19.63,0.32,14.94,70.17,9.38,29.28,4.85,249
40.14,77.2,3.85,3.14,1.18,54.8,56.87,20.73,78.04,1.44,167
24.87,37.12,90.74,9.14,0.53,32.36,45.03,38.2,80.19,12.29,168
146.29,313.26,20.41,18.48,0.62,70.36,5.08,29.51,44.7,5.65,459
75.04,132.43,8.2,5.42,0.99,27.75,30.32,32.87,60.1,4.32,199
101.11,173.31,4.04,32.96,0.99,,6.37,38.41,45.33,2.3,323
73.46,124.2,70.44,2.84,0.39,52.11,32.48,18.33,100.0,3.71,276
17.28,33.23,11.15,13.55,0.43,117.52,27.72,39.18,46.52,0.76,113
121.32,207.1,9.53,10.88,1.44,9.27,14.63,24.0,62.49,5.39,356
38.21,54.09,32.51,15.33,0.52,17.74,3.76,31.66,75.21,4.79,166
92.06,192.6,44.75,10.16,1.33,78.47,33.7,33.99,70.6,5.31,341
26.12,44.02,31.47,56.94,1.42,62.63,21.58,24.42,68.46,3.9,175
,38.03,31.5,27.57,0.48,24.21,17.01,26.3,45.63,5.66,157
40.66,72.23,12.45,15.96,0.14,71.36,20.4,26.21,70.89,4.88,161
32.74,61.64,32.67,34.71,1.56,25.1,3.01,19.13,76.48,3.54,159
23.9,37.0,62.11,17.83,1.11,66.33,49.72,21.1,65.11,3.57,206
232.31,469.33,34.57,14.82,0.66,20.88,39.04,28.24,25.75,2.53,500
67.1,127.68,13.68,4.51,4.31,34.3,47.37,14.4,20.52,0.49,273
15.28,28.82,46.14,33.16,2.65,82.47,9.13,24.82,58.86,1.62,156
25.08,42.1,14.37,1.32,1.12,28.0,45.65,25.63,27.37,1.77,122
34.61,74.96,26.68,22.73,1.57,2.0,41.34,22.97,51.77,7.13,171
45.69,70.67,27.66,20.47,0.52,12.71,5.3,35.82,81.02,0.75,97
106.06,193.02,91.6,19.17,0.6,23.9,7.55,31.26,61.18,0.52,406
76.59,120.87,35.48,1.73,0.58,12.24,19.53,27.45,29.97,0.6,244
65.84,129.72,10.84,10.09,0.18,18.96,14.19,38.25,29.95,1.76,231
18.65,25.05,9.87,10.25,0.25,41.04,20.23,28.38,78.35,2.39,62
94.32,126.51,27.57,8.25,0.32,63.84,10.58,21.17,55.02,3.69,274
17.54,35.6,67.66,1.39,0.57,16.37,6.44,26.29,76.18,0.35,138
,95.77,2.83,9.68,0.31,76.9,12.12,22.76,53.16,6.67,181
80.28,129.02,27.91,4.92,0.7,27.79,5.44,21.21,14.4,1.97,245
82.26,151.91,61.86,16.3,1.0,8.66,5.49,29.44,94.13,1.83,249
73.01,141.04,40.98,18.78,2.65,28.74,11.78,37.63,51.22,1.62,283
75.23,111.43,78.7,11.29,0.42,29.1,8.95,34.47,31.74,1.49,301
70.93,104.04,21.32,8.48,1.2,36.15,10.75,25.44,72.15,1.05,238
21.4,46.28,9.96,3.78,1.41,77.39,6.45,29.15,78.0,7.36,115
20.41,37.36,21.06,4.9,0.49,42.76,42.75,23.41,85.25,9.48,86
113.44,187.3,11.3,19.23,1.15,56.5,5.76,34.35,48.08,6.52,336
114.54,231.52,88.51,4.36,1.3,31.17,45.8,29.86,23.74,3.47,399
27.51,48.76,29.42,28.41,2.38,57.46,16.62,26.31,68.02,0.73,184
73.83,112.03,34.25,17.77,1.21,37.06,16.7,34.68,63.01,1.43,264
84.61,125.74,10.19,12.07,1.64,38.14,31.19,27.17,37.67,4.3,256
65.89,109.19,15.74,17.49,0.85,14.03,16.87,22.14,45.03,0.1,231
124.44,258.08,50.35,7.39,1.58,14.85,4.93,38.93,43.78,1.13,433
46.82,63.46,24.91,30.21,1.09,53.28,5.38,26.93,65.12,1.2,198
50.05,74.9,18.72,1.36,2.05,64.58,15.17,22.79,59.26,2.8,215
125.32,263.66,28.51,13.27,0.84,8.9,22.37,30.15,67.59,1.74,433
21.97,30.96,19.03,2.6,1.25,7.29,20.3,10.96,27.28,3.38,85
110.55,206.36,2.0,19.02,1.57,40.56,23.14,28.94,61.99,2.42,334
164.75,245.84,7.32,11.68,0.29,54.49,19.82,39.04,57.69,1.02,429
92.81,171.25,27.15,18.27,0.25,9.68,16.36,35.52,98.16,1.25,271
62.31,102.48,50.6,2.5,0.42,17.82,6.68,34.31,45.0,0.25,189
22.81,31.74,16.99,32.17,0.41,12.21,34.49,31.46,49.74,5.22,97
73.57,134.2,69.0,3.3,0.33,27.47,34.15,35.33,67.58,3.45,274
37.03,70.9,49.57,6.65,0.84,71.95,41.59,24.47,58.6,1.15,172
52.9,101.15,54.75,22.91,2.22,69.91,17.44,31.81,5.0,2.65,250
83.71,156.82,6.04,16.35,2.07,73.15,15.47,29.92,39.56,4.15,284
33.08,57.89,47.89,14.84,1.75,71.77,5.82,34.45,64.8,5.21,176
25.97,45.91,16.07,15.73,1.57,42.98,48.25,18.62,42.61,4.7,126
43.5,81.44,71.91,1.0,0.24,21.02,21.68,30.03,60.68,1.15,188
153.21,294.34,21.3,2.59,1.84,51.2,24.21,29.28,84.85,2.19,480
84.85,160.31,15.47,4.13,0.72,98.03,27.04,34.74,25.54,1.83,277
36.61,66.94,15.96,5.87,1.15,54.85,30.28,14.26,63.14,7.79,129
39.77,57.28,42.72,10.43,1.55,87.36,18.31,26.21,37.57,0.8,194
135.92,202.46,5.54,2.03,1.3,11.25,12.01,23.82,66.26,2.38,343
20.25,31.07,30.3,1.0,1.16,51.45,31.04,25.47,100.0,1.04,123
151.18,321.67,23.89,2.2,1.28,59.47,3.75,36.96,24.29,4.79,451
32.09,63.65,12.4,24.19,0.16,45.14,16.37,43.97,9.98,3.6,140
147.26,264.7,54.06,1.24,1.17,43.3,32.71,38.02,19.07,1.54,468
112.95,172.46,40.3,4.4,0.44,89.7,21.16,27.23,92.21,3.75,366
28.94,40.52,13.11,9.45,1.16,48.86,2.67,19.88,21.16,3.86,84
101.86,214.8,8.77,9.33,1.02,36.86,27.18,31.06,43.23,2.07,293
16.14,33.94,22.51,17.98,0.78,72.41,30.56,40.08,70.76,1.77,116
127.62,178.62,41.07,6.33,1.37,11.96,93.64,27.08,62.51,6.38,365
28.38,57.25,35.09,7.86,2.77,25.05,15.72,40.0,45.97,2.85,149
127.82,217.54,41.75,9.35,0.6,42.33,6.04,11.77,58.51,1.15,417
21.45,34.14,3.4,12.43,0.59,61.25,14.61,32.13,70.68,4.46,98
29.96,58.88,11.57,13.63,0.92,34.05,16.95,32.01,48.37,5.43,107
175.47,325.13,32.83,4.12,0.14,21.88,18.74,36.5,48.63,6.79,500
91.02,182.22,13.11,8.25,0.76,53.29,37.64,27.26,62.32,2.5,297
32.43,44.32,54.77,10.5,1.05,20.33,40.79,22.72,85.59,0.22,163
78.78,125.0,20.89,20.96,1.37,60.58,39.18,35.48,45.71,4.98,317
77.55,123.11,9.14,3.21,0.67,18.33,1.33,4.55,42.23,6.16,229
55.01,87.84,8.26,31.61,1.39,,25.89,18.89,60.95,4.04,158
77.04,135.0,28.83,7.48,0.54,30.32,16.38,26.51,47.97,1.41,296
136.92,212.87,10.12,8.29,0.8,63.42,24.81,27.29,56.41,6.54,376
110.91,188.53,3.79,2.59,1.58,51.8,61.57,38.12,60.73,2.11,339
93.78,152.95,13.42,9.39,2.69,59.06,14.7,36.6,10.19,4.32,280
31.68,62.16,90.07,1.73,2.32,15.81,35.23,26.33,20.63,2.56,206
21.22,39.11,2.19,20.92,1.5,58.12,45.18,14.73,23.43,7.41,102
61.96,117.0,16.21,36.72,1.24,25.4,41.59,26.86,53.73,2.93,226
112.54,167.63,15.92,16.01,0.28,81.28,12.11,24.85,35.21,2.06,321
10.05,16.01,13.62,23.8,0.26,64.28,21.05,20.91,64.96,3.95,102
45.61,60.17,22.87,22.75,1.89,49.03,18.48,22.04,73.27,4.88,186
89.61,125.23,31.8,15.88,1.75,22.29,14.16,31.41,58.92,1.23,315
149.31,229.73,46.91,18.48,0.1,43.64,12.93,24.45,100.0,4.94,433
61.67,83.8,112.73,11.97,0.32,31.16,47.21,28.35,67.66,2.21,282
43.22,79.63,41.92,16.8,0.51,49.66,42.57,18.84,54.24,5.64,195
65.9,144.86,54.57,15.59,0.88,88.39,10.22,28.02,65.59,1.97,307
93.94,130.65,16.75,26.7,0.66,39.43,26.55,32.59,50.51,8.09,301
14.61,29.79,23.46,11.09,0.84,40.96,30.55,34.37,65.64,1.42,88
30.48,42.88,21.37,36.85,1.2,22.61,6.4,35.42,55.76,3.82,123
33.58,63.9,14.23,10.72,0.58,24.4,18.75,20.74,5.0,2.08,122
49.99,93.92,26.22,8.43,0.44,33.22,24.18,35.07,65.04,5.24,172
131.66,278.13,6.66,24.42,0.73,15.01,13.25,17.1,59.09,2.56,371
28.29,39.68,16.03,11.33,1.57,19.7,8.98,7.57,62.87,2.29,117
38.65,61.22,60.11,7.32,3.26,10.4,6.49,26.52,86.52,1.19,207
20.56,28.41,28.97,5.47,0.34,17.93,16.86,35.06,76.28,3.08,96
50.33,83.89,60.78,10.79,2.08,30.34,17.16,18.82,46.89,1.21,224
53.94,114.37,29.4,7.77,0.67,59.49,10.2,22.07,40.12,1.79,219
57.12,114.43,21.42,24.54,3.33,49.33,13.11,21.64,49.93,11.62,277
253.75,494.96,10.36,19.12,0.54,66.87,17.47,39.13,62.34,1.69,500
111.9,199.15,24.8,15.21,0.97,40.79,8.67,34.08,28.71,4.27,339
63.61,133.26,14.43,51.29,2.33,54.79,54.18,28.56,46.77,1.28,289
92.89,158.33,7.9,27.18,1.12,61.64,41.25,19.35,55.86,2.63,326
41.6,59.68,11.41,6.59,0.84,53.02,12.65,22.51,20.73,7.76,154
222.72,457.43,36.35,30.78,1.11,45.28,61.61,38.56,25.32,0.58,500
115.3,178.9,58.87,19.09,0.71,86.03,1.0,27.13,56.89,2.67,377
104.97,141.53,38.59,6.62,1.28,96.87,13.7,26.83,46.43,6.3,340
152.52,215.57,10.84,4.36,1.57,63.39,30.96,28.54,73.29,5.18,462
188.66,348.66,29.0,13.79,0.43,35.13,31.0,25.1,71.58,2.28,500
28.92,53.39,19.71,11.99,0.78,13.19,14.0,35.01,49.92,2.88,102
140.9,216.16,32.82,8.47,0.43,70.65,7.88,27.04,26.55,3.34,401
88.25,172.49,16.0,2.16,0.31,54.45,24.31,20.2,48.03,3.89,312
79.76,159.23,44.78,6.84,0.82,6.12,18.39,23.74,60.03,3.04,275
173.74,369.79,44.79,17.52,0.99,67.05,24.41,23.59,42.47,6.37,500
31.11,56.83,40.85,26.4,1.74,14.05,20.96,25.86,65.95,2.74,155
64.4,128.89,27.75,25.7,1.0,2.88,9.43,27.85,43.62,1.66,213
58.28,115.27,45.76,4.65,0.32,47.66,13.38,20.49,55.43,2.61,204
87.39,133.88,6.43,3.27,3.53,58.83,22.97,17.25,74.57,3.26,296
90.16,142.37,18.84,3.13,0.6,64.3,45.82,28.48,40.16,4.66,319
137.21,237.46,55.29,12.78,0.91,54.44,3.8,32.5,57.93,3.68,443
68.55,90.28,10.79,51.25,0.68,73.5,20.07,26.35,68.01,2.09,248
182.91,286.74,47.27,4.5,0.26,2.91,28.23,25.68,60.01,5.51,500
94.16,162.57,30.33,24.48,0.1,39.29,5.55,27.61,75.15,1.3,284
28.43,39.73,23.15,5.65,1.15,73.03,25.4,25.88,44.23,2.34,125
42.45,60.01,19.1,2.6,0.25,51.98,16.97,22.88,52.18,4.28,125
104.75,179.84,10.84,1.49,0.86,46.26,31.09,22.45,35.95,6.06,304
89.9,176.02,47.52,8.64,0.17,17.01,29.94,29.54,41.81,5.98,290
86.45,177.26,28.72,9.77,2.79,22.69,4.61,21.89,34.67,1.56,312
200.24,358.76,55.4,20.98,1.14,12.59,17.24,14.9,38.71,1.48,500
127.97,221.04,39.19,61.17,0.63,79.69,6.83,27.93,57.04,4.44,458
49.15,80.89,25.85,16.01,1.47,15.18,18.85,29.67,19.3,2.35,180
59.52,87.72,17.28,32.93,1.25,29.55,11.61,36.51,41.16,2.62,193
47.16,67.53,9.92,15.44,0.26,8.81,9.17,25.16,60.91,5.59,147
33.97,68.38,7.87,11.05,1.41,89.96,17.46,22.44,62.39,4.18,120
209.21,359.52,53.76,73.54,2.57,28.74,11.54,26.16,51.34,5.61,500
89.38,179.77,20.63,2.24,0.59,74.53,1.0,25.61,62.04,1.88,267
24.66,47.68,36.54,13.81,1.96,41.45,19.98,27.97,64.3,3.87,152
171.78,253.29,10.74,16.37,0.54,50.03,22.03,13.35,64.1,3.18,481
37.94,66.74,13.68,9.18,1.27,19.8,22.5,21.83,55.02,1.66,157
78.78,133.9,19.25,22.91,1.74,21.13,6.63,24.96,34.47,4.59,282
70.78,119.01,23.46,7.44,0.1,51.55,16.3,34.27,58.72,5.26,222
18.11,32.38,5.2,2.29,0.83,17.16,11.36,35.63,97.82,2.16,75
10.77,23.51,5.91,6.8,1.17,3.18,7.99,29.13,73.28,1.42,57
112.81,229.19,12.97,28.38,0.53,6.72,41.66,23.51,67.74,1.55,363
146.89,310.44,28.99,11.38,0.93,4.17,18.16,29.76,89.1,1.78,431
82.29,109.17,34.86,2.84,0.31,13.39,4.85,35.07,54.14,3.14,232
295.5,421.47,36.07,8.45,1.04,74.7,12.32,19.14,48.3,2.02,500
40.48,55.71,48.5,26.48,0.82,4.87,3.82,23.61,33.18,5.9,171
13.86,21.29,6.69,4.06,0.52,71.27,11.06,21.0,44.37,5.13,60
91.25,154.91,25.83,3.57,0.49,39.03,18.53,39.11,45.84,1.55,302
30.41,57.11,30.48,9.27,0.46,38.29,6.88,23.34,82.26,9.89,130
64.16,112.33,79.51,19.07,0.94,25.13,11.28,11.29,6.29,5.76,276
129.74,274.12,50.99,19.11,0.73,14.08,34.35,30.06,46.34,4.74,416
44.42,95.33,21.36,5.82,2.21,53.68,7.0,34.22,33.9,2.21,180
64.21,92.92,19.6,8.2,1.58,68.51,16.66,13.79,38.2,2.39,218
142.45,294.54,9.57,10.46,1.98,24.8,17.26,31.05,58.28,0.94,471
58.3,101.06,15.78,1.0,1.57,6.1,15.15,16.07,32.35,3.91,200
91.24,155.84,34.57,14.82,0.55,27.46,11.55,25.85,37.66,5.1,318
99.05,198.75,29.77,10.96,0.51,73.0,22.86,33.65,,0.76,321
58.66,81.18,12.74,23.73,0.39,12.33,62.41,32.88,65.38,3.66,224
60.04,125.73,10.24,9.69,1.74,100.3,27.66,35.89,13.81,3.32,254
66.05,125.75,39.23,12.58,0.37,46.01,16.07,23.27,53.55,6.71,259
40.65,84.86,32.15,18.28,0.54,114.42,18.96,27.89,56.03,1.44,176
88.17,193.54,13.69,5.6,1.38,18.04,11.95,27.99,77.38,2.71,263
41.37,73.07,39.79,4.79,1.17,33.71,26.57,20.79,63.86,1.78,166
45.8,63.38,23.35,17.27,0.23,66.3,5.05,25.44,70.04,1.66,174
30.87,44.76,21.09,15.36,0.74,43.56,23.54,26.81,66.93,2.6,145
149.84,238.44,4.24,8.6,0.55,17.77,42.16,33.89,35.78,0.73,405
21.59,30.07,27.28,13.96,0.61,47.59,36.82,28.77,28.22,2.95,99
203.36,413.6,13.68,15.48,0.61,84.42,14.94,33.76,62.66,6.94,500
61.51,96.39,22.25,11.44,1.27,18.27,25.16,32.59,54.71,1.74,214
49.32,107.44,32.65,13.65,0.62,21.74,24.07,14.47,61.01,3.45,175
30.93,59.76,13.9,19.35,1.07,25.01,49.05,27.83,78.96,2.06,109
33.57,48.88,10.75,25.02,1.25,48.1,4.41,30.13,55.4,2.62,128
41.19,71.19,9.05,11.91,0.36,27.75,4.77,29.06,41.59,0.96,120
345.28,593.94,66.57,13.4,1.93,81.41,8.63,28.78,59.24,1.69,500
41.13,71.7,15.65,5.17,1.25,95.45,4.53,19.36,49.53,4.25,176
92.82,165.42,17.76,25.49,1.23,38.93,9.29,24.58,93.64,2.17,294
56.22,74.66,29.11,15.47,2.78,75.2,17.07,31.18,99.53,5.02,238
214.05,410.48,44.52,10.26,2.53,47.57,6.45,27.87,55.68,2.46,500
77.78,135.22,31.89,8.11,0.97,47.43,45.05,37.83,50.2,1.59,249
25.03,50.35,12.64,19.29,1.54,13.97,22.77,36.95,69.83,1.75,112
46.77,95.12,11.87,40.06,1.94,62.12,60.71,34.77,76.32,3.31,223
265.37,400.03,17.9,21.09,0.63,21.36,29.79,30.09,61.02,1.54,500
115.44,155.11,54.92,5.53,1.63,17.78,28.55,19.1,39.35,2.58,360
64.67,125.01,28.52,5.53,1.95,73.89,19.1,19.2,47.25,1.65,299
32.08,69.93,23.92,8.21,0.25,20.42,51.84,21.05,51.18,2.12,166
35.05,59.66,18.35,8.06,0.8,32.99,50.13,21.99,50.64,11.08,153
28.14,43.15,35.18,12.73,1.01,,4.17,35.04,24.32,1.59,171
16.99,24.49,29.89,16.42,0.91,130.34,52.73,26.45,74.97,5.65,155
110.59,172.37,50.3,28.8,2.12,37.02,14.75,34.82,84.35,1.81,382
97.73,155.89,3.32,46.37,1.1,41.47,7.23,29.25,61.03,1.39,303
73.65,123.84,60.86,6.2,0.51,15.19,32.33,20.08,70.77,2.59,283
163.03,308.11,32.93,68.08,0.77,,33.15,33.94,59.0,1.6,500
107.96,166.9,27.26,16.07,0.9,163.59,23.32,28.75,41.07,3.02,350
20.33,27.36,20.05,1.75,1.91,44.33,23.97,40.54,54.55,0.97,99
,109.13,2.61,11.84,0.15,29.52,18.32,29.25,30.84,2.44,226
119.58,247.54,27.44,14.02,0.77,26.78,8.45,18.55,74.1,1.52,379
67.17,117.45,27.32,3.05,1.13,82.95,13.39,26.77,93.56,2.26,249
71.76,155.59,83.29,5.88,1.24,8.02,19.98,20.2,31.57,1.71,290
16.57,29.06,9.94,29.55,0.62,2.58,30.36,17.04,64.15,3.99,106
42.17,65.3,16.17,6.93,1.32,101.81,21.28,17.19,90.87,2.46,187
93.32,137.55,30.98,50.21,0.16,105.04,12.36,30.93,55.01,3.07,323
59.74,115.0,58.95,5.89,0.86,10.88,24.39,27.14,85.53,2.47,245
18.91,33.72,29.84,55.51,1.41,131.95,32.59,12.75,85.19,2.58,175
118.39,218.26,21.82,11.86,2.09,15.3,10.9,22.32,44.92,3.97,361
57.82,114.45,8.0,8.24,1.6,61.01,9.1,36.45,17.87,5.92,187
71.0,138.68,26.55,31.23,0.39,52.87,32.25,29.0,62.97,8.38,271
20.54,27.5,11.93,3.11,0.61,105.23,14.08,14.93,63.83,0.81,130
14.72,29.76,13.63,13.66,1.69,58.71,12.11,21.83,44.34,3.1,111
73.77,131.27,27.82,7.64,0.74,25.01,25.66,31.91,88.3,6.48,231
150.15,248.12,21.81,17.31,1.28,127.77,19.44,22.36,87.48,4.72,471
116.01,206.94,30.16,22.57,1.98,77.26,22.64,26.78,99.11,5.54,427
105.21,194.77,17.68,23.75,1.81,,15.82,20.68,59.83,0.73,357
78.35,112.4,26.37,20.61,0.8,24.35,9.45,37.14,50.43,1.37,210
23.91,40.07,11.18,5.94,0.8,72.19,10.88,17.32,66.38,4.37,102
8.58,13.75,12.62,8.36,0.85,58.02,9.06,12.57,79.61,1.05,38
288.45,465.95,50.4,17.24,2.45,19.37,33.56,31.03,66.77,2.26,500
57.59,79.6,82.16,17.4,1.46,23.17,54.63,26.46,68.1,5.87,258
43.12,62.26,75.5,47.73,0.31,59.21,10.84,41.09,38.4,3.79,238
70.08,101.31,14.79,3.65,0.78,20.05,13.3,31.29,76.55,0.91,208
30.82,50.41,34.3,37.0,0.58,40.25,29.31,28.82,47.53,3.38,146
47.15,99.26,16.94,5.52,2.17,119.54,3.89,27.26,75.79,1.09,243
200.25,297.46,26.63,10.5,0.53,43.87,21.01,23.77,32.92,3.92,500
85.14,142.57,26.7,25.63,0.25,9.0,17.36,21.25,88.3,4.41,234
99.23,156.82,21.65,6.42,1.98,15.35,8.51,22.58,56.42,4.77,314
61.45,123.43,20.84,18.28,0.79,33.01,52.57,32.82,50.81,0.87,247
137.73,185.26,3.05,20.02,2.04,10.62,7.39,23.0,58.46,0.89,371
135.34,199.89,15.88,16.25,1.14,48.59,5.09,35.88,37.2,4.58,398
56.46,84.11,34.8,28.86,0.65,37.45,4.92,31.16,37.6,7.35,188
66.97,146.9,44.57,51.86,2.26,11.05,9.29,14.76,25.66,1.44,279
152.75,277.05,21.68,26.99,3.01,86.63,29.75,26.99,61.07,1.89,500
69.85,99.55,64.37,2.86,3.4,38.03,6.78,16.63,79.79,0.67,256
51.63,79.77,27.52,10.72,1.74,35.4,12.57,25.84,59.93,2.23,219
54.46,79.02,56.78,11.27,0.37,83.35,6.58,29.96,63.72,0.67,223
46.88,66.21,27.86,23.36,1.01,27.6,44.87,20.45,35.0,1.37,164
69.23,139.68,2.0,1.0,0.45,9.64,2.91,32.55,57.65,0.33,171
48.06,83.93,58.43,1.08,0.68,74.85,20.84,11.65,52.35,4.33,204
69.1,129.09,20.35,36.95,1.69,30.7,9.13,20.03,66.38,2.56,259
38.52,61.55,19.5,7.75,0.46,31.61,10.01,34.56,26.84,3.38,119
86.33,155.25,7.84,5.3,0.58,27.17,18.8,29.03,47.38,3.1,258
95.17,145.78,46.13,10.02,0.12,29.34,45.33,21.85,58.12,3.29,297
106.54,168.03,8.66,5.64,1.25,47.25,18.27,24.58,28.96,0.43,322
96.36,181.82,58.0,11.8,0.94,41.86,7.91,32.28,70.94,5.17,314
130.92,187.91,19.92,11.16,0.59,34.13,5.12,22.58,63.77,2.41,328
73.14,135.71,44.39,10.91,0.56,38.06,4.41,24.97,5.0,2.77,275
68.67,141.95,10.82,1.28,0.7,16.46,14.38,29.06,30.39,1.35,203
42.62,60.03,61.15,22.96,1.57,58.02,30.69,34.27,57.5,7.01,258
113.32,238.84,37.93,24.94,0.86,18.31,16.53,26.25,99.4,1.37,361
44.78,61.41,19.28,10.67,0.49,84.47,3.85,22.86,66.48,2.27,187
14.17,22.87,52.68,14.31,1.02,38.45,15.07,28.24,5.0,2.17,147
41.04,75.91,27.54,12.66,0.5,7.18,43.43,31.23,38.89,2.01,148
119.08,214.76,76.62,40.73,0.94,46.13,23.73,38.06,63.17,2.29,446
103.71,143.81,14.34,7.27,1.17,89.52,24.46,34.09,26.78,4.37,309
80.19,161.91,49.35,11.48,0.34,44.21,20.85,18.82,70.18,2.43,311
252.45,549.29,40.94,59.64,0.12,45.3,11.74,23.64,56.7,1.87,500
86.62,126.73,5.83,9.55,1.46,48.88,13.83,22.44,83.51,3.58,264
35.82,75.41,7.73,2.25,0.1,53.59,14.9,26.97,36.14,6.77,118
33.27,59.92,18.48,11.19,1.13,31.42,4.19,30.92,68.03,1.88,173
96.26,206.23,32.56,36.55,0.88,20.27,17.35,29.45,67.65,1.12,357
167.79,244.72,43.68,25.24,1.24,20.86,25.52,17.25,94.87,1.92,483
68.02,136.91,32.02,10.11,1.2,30.79,19.98,41.24,75.96,0.47,272
88.42,119.71,48.72,21.49,2.11,45.62,18.58,17.12,57.61,0.54,300
91.61,191.91,21.03,41.68,0.65,69.01,4.15,26.49,25.23,3.55,333
258.57,493.02,44.6,6.04,0.37,52.5,8.73,35.65,39.14,1.7,500
126.01,205.81,27.19,8.32,1.3,36.78,5.77,23.52,66.42,1.97,382
146.46,215.5,18.44,5.98,0.94,67.65,4.59,17.53,55.8,2.97,415
34.66,70.52,7.94,22.07,0.32,24.98,5.28,27.07,77.0,1.95,111
,82.3,3.67,29.42,0.71,73.14,33.09,29.64,34.17,0.5,199
42.03,68.28,20.6,24.24,0.59,25.09,13.09,33.37,47.73,3.44,142
57.3,97.38,28.61,13.42,2.33,21.07,2.05,29.8,83.49,0.66,227
71.84,146.83,13.9,31.77,1.69,41.72,36.58,27.59,60.93,2.31,289
84.24,135.21,17.32,11.26,0.52,34.65,20.89,29.95,54.25,0.68,284
64.62,89.22,18.77,24.53,1.52,31.91,20.76,28.77,15.34,1.82,244
41.29,87.53,9.99,8.3,0.22,73.68,22.12,21.8,43.9,5.21,138
28.99,47.8,13.16,7.6,0.85,22.11,37.39,23.53,40.06,1.46,142
90.25,145.62,39.08,1.38,2.15,13.89,45.34,15.45,86.31,6.68,308
108.63,161.2,22.5,15.59,0.26,39.96,15.66,24.74,81.79,0.69,295
59.15,124.68,32.0,14.81,1.11,19.95,58.13,23.6,52.81,1.78,213
16.51,24.69,4.78,4.24,2.52,35.58,9.27,18.53,57.62,8.86,52
125.17,234.44,55.13,2.43,3.62,43.56,41.99,22.64,61.61,2.47,410
57.33,119.97,25.99,8.88,1.41,7.15,25.41,19.02,60.79,4.82,190
22.02,29.32,43.38,11.91,0.68,72.05,10.86,21.54,58.16,1.29,96
67.41,137.92,8.61,13.36,1.13,121.07,16.75,26.95,69.47,3.49,258
130.83,218.42,35.53,11.48,1.46,,13.26,25.3,53.55,2.6,395
,94.73,18.78,19.75,1.37,72.26,6.83,27.86,24.45,0.98,217
5.97,9.76,87.98,8.95,0.53,45.61,50.25,26.54,39.14,11.92,157
55.16,106.23,14.75,17.58,1.65,74.73,32.15,28.59,57.58,1.4,219
39.69,60.68,26.95,6.05,0.77,39.27,34.48,19.54,89.53,4.38,125
76.29,100.69,9.38,13.18,0.58,15.7,20.96,19.34,81.72,4.63,196
68.55,147.58,26.61,14.0,1.63,22.02,13.49,22.23,19.64,3.81,248
46.86,61.61,23.78,10.0,1.28,14.02,14.88,23.19,48.93,0.75,194
44.72,91.3,51.64,13.52,2.76,15.76,15.67,25.95,37.62,3.76,184
156.05,226.61,27.9,2.21,0.64,6.89,6.84,35.91,63.89,8.01,426
95.9,158.52,19.27,10.11,0.64,40.19,36.45,26.75,58.13,3.79,320
93.85,191.47,23.44,1.0,0.99,118.86,76.56,22.66,50.55,0.79,371
120.54,179.05,4.6,4.24,2.23,28.99,33.17,34.73,60.4,1.52,320
56.98,118.47,29.34,10.89,3.02,27.93,5.48,29.36,61.24,5.83,231
182.88,319.66,46.61,12.63,3.96,58.67,21.05,21.57,48.45,6.65,500
84.83,138.23,27.33,8.45,0.37,38.59,9.69,42.45,66.43,1.92,239
73.68,139.72,5.68,6.01,2.54,32.61,11.21,25.47,82.35,0.69,262
84.11,135.18,31.92,25.4,4.24,58.12,18.32,38.01,86.3,4.15,327
55.02,88.72,32.93,8.71,1.93,42.32,3.61,31.48,44.97,3.24,206
41.16,80.68,35.04,42.33,0.16,4.39,21.86,15.51,87.71,3.66,150
139.08,219.58,23.46,19.78,0.95,24.16,1.34,8.03,84.29,1.62,376
26.85,39.75,28.86,25.28,1.18,66.23,4.41,44.56,41.27,5.29,127
28.84,58.46,32.8,5.28,3.58,19.39,6.25,29.89,77.02,7.52,154
62.9,127.36,11.48,14.03,0.79,70.94,13.3,24.42,55.06,0.79,265
34.94,61.06,13.18,3.95,0.73,131.54,20.34,28.7,87.81,4.93,135
16.56,29.37,35.53,9.11,1.52,36.8,35.84,29.24,55.28,2.48,148
28.02,53.97,12.94,5.03,0.64,50.15,45.38,20.07,82.05,1.78,135
35.74,62.85,22.35,17.57,3.84,45.69,9.75,20.64,64.61,2.19,171
87.44,146.49,35.13,9.43,0.29,19.17,16.14,30.94,49.06,1.26,289
59.44,130.49,48.78,6.8,2.06,57.98,24.41,9.5,39.06,1.7,227
124.04,177.73,15.21,13.92,0.67,92.68,19.29,31.64,38.17,3.81,331
26.72,48.99,12.64,7.94,1.12,86.47,15.93,25.06,49.24,3.99,111
30.71,64.41,35.24,46.89,1.94,24.8,33.63,31.47,49.11,3.0,185
78.54,150.68,50.52,6.59,1.09,38.54,6.5,27.7,64.98,0.81,292
39.81,83.32,5.57,2.69,0.61,10.48,15.61,21.22,53.5,6.12,126
52.96,84.89,25.18,12.73,2.75,43.16,20.27,30.25,85.58,0.74,219
28.31,43.74,65.9,9.43,0.15,14.98,23.11,34.41,61.56,2.11,129
26.7,55.16,11.77,10.2,0.34,12.4,15.29,27.0,66.08,4.06,154
38.65,63.96,36.17,5.19,0.21,19.53,8.39,15.87,53.35,4.52,139
128.8,249.71,23.01,9.26,1.05,83.52,19.5,22.67,87.5,2.42,372
21.56,30.89,23.54,10.34,2.72,45.87,18.94,28.38,41.75,4.04,145
138.56,274.38,21.11,26.99,0.27,12.42,9.88,31.64,8.37,1.46,406
120.97,217.03,30.18,26.01,2.21,107.2,29.99,21.86,40.86,5.71,409
46.76,72.09,51.97,4.48,0.65,49.47,12.32,31.4,54.66,2.52,196
68.36,119.3,12.2,37.69,0.85,5.6,39.91,40.5,48.65,2.7,242
82.95,159.87,13.18,21.61,3.34,49.3,36.53,20.04,43.13,3.01,311
104.92,137.52,29.43,28.15,0.37,39.2,17.99,32.84,41.14,3.95,320
30.68,57.49,30.62,24.77,1.85,19.68,9.36,35.79,52.23,4.05,143
113.06,202.08,20.94,5.24,0.61,59.98,21.68,32.81,100.0,1.53,373
72.28,108.3,46.94,13.82,1.34,68.95,50.32,37.52,42.18,2.65,286
,64.38,14.34,20.65,2.12,62.71,55.87,28.44,67.14,4.2,151
72.83,114.58,13.46,27.16,1.31,43.49,2.48,17.4,71.25,3.23,251
32.26,49.98,27.14,7.69,2.25,36.16,8.37,24.58,68.25,3.82,148
66.66,114.92,11.91,1.4,0.85,92.43,60.64,16.29,64.43,2.76,222
48.37,92.31,104.41,7.95,1.85,54.76,7.59,25.68,56.93,2.57,245
75.54,161.36,7.27,30.67,1.45,57.75,51.4,22.34,61.39,2.22,252
78.61,112.19,61.3,6.43,0.92,27.14,38.84,35.67,42.46,3.92,302
150.76,249.78,13.77,10.78,2.51,154.61,31.68,24.76,28.19,1.04,497
100.95,137.32,7.07,4.96,0.8,132.19,17.4,28.16,60.65,0.88,303
89.45,177.35,29.05,18.35,1.07,44.79,16.35,35.48,90.61,0.68,342
15.65,26.64,20.69,4.7,0.34,30.11,10.17,14.99,46.52,3.38,122
126.13,244.21,84.79,25.94,1.47,30.45,4.87,39.67,48.85,1.61,474
49.9,79.34,32.14,2.76,0.72,13.86,14.09,26.98,97.11,3.21,179
28.34,58.37,20.14,11.23,0.6,48.96,8.14,24.95,61.34,2.4,134
227.12,404.59,23.19,4.98,0.7,61.46,17.94,23.17,25.55,7.82,500
39.78,85.49,2.88,26.86,0.57,34.31,21.14,23.58,100.0,0.19,155
161.23,221.03,2.16,9.73,1.68,60.96,23.99,36.62,56.4,1.82,398
83.68,147.51,5.39,11.24,1.19,65.15,7.81,25.53,48.2,1.1,258
96.29,191.6,21.09,13.86,0.31,2.21,18.5,26.38,18.72,1.1,288
67.06,123.4,24.64,25.93,1.45,80.11,15.84,23.37,58.49,2.17,250
33.27,43.94,32.94,7.56,0.2,71.73,27.19,28.58,67.84,10.62,153
108.79,236.64,39.71,22.86,1.68,109.37,26.81,22.92,74.77,5.07,371
79.65,124.92,3.04,13.79,0.82,146.45,10.41,22.35,55.02,3.12,233
78.86,120.21,30.03,23.49,2.13,11.85,9.88,28.25,64.54,1.11,268
71.3,123.86,54.88,17.77,0.62,76.62,55.35,31.33,58.62,1.48,292
56.11,100.33,17.71,19.27,0.37,32.88,7.55,13.0,54.69,3.11,191
109.31,217.48,100.17,14.94,1.05,22.98,24.15,27.74,5.0,3.53,411
94.58,156.44,23.36,4.78,1.56,39.88,60.62,25.38,56.93,2.44,314
117.35,199.02,14.57,6.6,0.11,51.46,10.21,27.94,61.01,1.93,328
57.96,103.25,43.72,8.8,0.59,56.9,18.35,34.38,38.41,1.74,238
54.61,90.38,32.89,28.22,1.14,145.97,9.78,34.33,61.48,0.32,197
45.22,96.01,56.66,4.01,0.26,19.93,6.44,37.24,55.42,1.52,190
72.71,150.24,39.43,14.41,1.47,39.51,30.31,25.86,31.29,2.81,284
16.36,27.97,24.79,24.09,1.01,50.54,28.76,24.18,50.42,2.48,85
296.9,386.02,40.62,4.66,1.14,83.82,17.61,30.06,72.7,2.96,500
41.71,88.05,4.89,11.82,2.91,86.8,5.75,30.67,42.25,1.48,192
147.47,208.22,34.81,15.89,1.32,16.15,5.95,28.97,27.81,4.14,391
49.08,74.6,22.57,19.76,0.58,15.98,16.97,12.12,37.07,2.88,152
100.02,143.74,7.8,9.93,0.51,34.95,24.48,22.61,44.57,2.91,286
192.9,281.99,38.68,16.12,0.76,92.07,24.48,32.98,60.48,1.96,500
96.35,194.87,51.36,1.41,2.35,107.33,16.94,33.85,69.26,3.52,393
185.93,338.69,18.93,19.05,0.83,68.09,17.09,30.28,68.98,3.46,500
141.95,306.68,11.76,17.7,0.87,41.01,14.72,27.82,32.91,7.17,452
31.47,47.46,46.46,4.44,1.34,20.85,8.24,21.52,65.74,3.44,173
109.93,190.96,11.5,9.88,2.99,72.28,25.48,28.4,44.57,7.44,351
86.47,188.48,24.89,5.44,2.39,21.98,1.94,30.81,55.0,0.82,272
39.13,79.97,24.03,1.0,0.83,67.46,14.48,37.16,71.48,4.11,136
134.17,262.41,10.99,2.2,0.37,21.96,14.51,19.43,31.53,3.16,353
26.01,38.23,7.2,2.6,0.93,100.01,19.91,33.18,34.31,5.26,133
128.63,256.29,42.77,10.89,1.43,44.87,16.56,36.73,46.63,7.96,469
110.88,178.83,31.24,5.56,1.81,10.73,40.03,22.42,60.22,0.93,330
73.78,131.15,16.97,5.46,0.94,9.98,21.2,29.83,47.25,2.84,186
43.32,80.06,17.49,17.83,3.02,74.66,38.54,13.46,39.07,8.04,208
108.91,201.31,32.99,8.77,1.19,54.23,33.96,29.85,80.92,3.03,356
11.97,23.38,15.59,51.13,1.64,14.36,8.56,29.75,36.88,3.54,82
37.13,70.38,20.68,20.44,1.67,28.58,3.1,22.02,47.07,2.41,174
67.8,92.31,14.47,3.74,1.44,22.04,13.38,24.83,54.03,0.4,191
73.83,126.36,19.1,10.45,3.03,50.55,48.72,35.03,91.63,1.55,281
37.87,71.86,20.35,4.77,2.58,22.66,6.81,22.64,43.82,1.62,169
,60.48,33.96,13.02,0.79,52.27,2.09,30.88,71.11,5.88,161
98.4,155.65,13.88,30.01,1.77,37.34,40.29,10.07,49.39,3.11,310
32.22,45.5,48.42,24.73,1.4,44.24,8.65,21.8,12.87,2.21,168
52.25,87.62,33.31,6.2,0.41,88.38,11.22,35.66,69.89,4.16,188
25.9,56.67,22.75,2.29,0.25,24.21,30.92,30.15,63.52,1.63,116
70.46,109.69,19.42,14.64,0.35,111.26,49.87,34.75,67.12,10.07,260
58.66,104.31,17.2,15.88,3.93,60.36,25.67,26.19,46.42,0.7,227
10.94,21.54,42.64,36.92,0.55,49.22,13.47,21.2,44.67,1.93,100
21.59,28.33,15.6,13.28,1.0,113.69,20.48,33.39,69.67,3.81,123
153.45,323.84,3.2,35.55,1.02,44.58,24.23,35.26,38.66,2.8,469
40.38,66.55,15.21,10.22,2.59,16.7,34.0,27.77,55.16,2.45,147
87.99,183.22,57.85,43.74,1.29,29.01,14.74,31.93,47.82,1.62,349
30.46,40.66,9.24,46.96,1.34,125.51,11.06,30.89,36.42,3.15,179
167.97,240.38,67.99,15.3,1.51,4.52,4.37,32.81,60.44,0.15,448
15.34,24.39,16.44,24.14,1.06,9.7,27.59,21.98,68.63,2.6,94
143.75,231.57,15.66,14.62,2.49,83.52,22.63,30.44,65.67,2.68,463
73.65,151.94,76.44,18.76,2.13,11.28,28.79,26.3,57.46,3.51,294
107.05,140.24,27.31,15.58,0.85,15.93,24.92,33.65,27.52,3.46,326
154.91,290.76,40.58,3.66,0.93,47.6,10.59,26.43,51.4,3.31,487
81.48,115.55,10.87,4.43,1.22,21.81,55.65,30.63,19.8,3.11,222
196.41,400.85,17.97,6.95,0.34,173.1,30.86,28.37,19.82,1.49,500
153.29,306.69,2.25,17.42,1.81,47.62,8.69,16.36,40.33,5.67,466
104.81,183.41,14.56,22.27,2.28,73.56,5.36,29.67,72.37,1.65,340
137.89,205.64,18.43,18.26,0.58,83.95,24.64,18.16,6.25,1.23,390
68.69,128.52,17.11,31.82,3.32,50.47,28.37,32.53,70.12,4.73,316
33.52,48.29,20.54,18.71,0.6,67.85,3.75,32.28,36.51,8.47,158
270.81,398.36,17.91,1.72,0.4,60.36,24.07,22.16,52.88,0.93,500
72.06,134.32,2.89,54.11,1.4,31.55,24.17,18.91,94.72,4.52,262
84.21,184.6,14.02,6.58,2.52,9.26,27.02,25.05,74.09,4.45,293
22.58,47.46,25.26,12.74,1.47,64.43,6.37,26.89,52.13,1.45,147
161.06,295.35,29.61,30.93,0.85,46.09,1.0,28.22,40.77,4.59,487
82.66,147.52,55.41,12.89,1.7,31.45,48.13,11.76,72.46,1.85,340
98.34,216.21,2.31,23.03,0.76,17.67,8.28,24.73,37.35,1.36,339
107.4,192.53,14.72,37.25,2.16,23.05,24.39,30.79,56.0,1.69,352
39.5,66.29,41.98,29.09,0.2,12.16,74.98,15.29,70.5,1.21,189
158.29,335.35,24.08,15.55,0.6,32.05,1.0,26.83,71.58,1.02,500
88.85,134.23,15.15,3.03,0.27,2.23,5.48,30.14,14.84,2.0,236
11.69,16.22,45.26,11.12,0.38,10.54,8.67,23.71,61.75,4.82,79
138.24,258.61,23.53,10.84,1.3,84.89,43.86,27.59,47.18,4.11,456
64.16,88.94,37.97,33.17,0.67,45.12,19.1,22.78,46.24,2.41,237
42.87,70.12,21.41,13.93,2.35,45.41,10.1,30.01,55.84,2.79,208
16.97,28.52,2.48,18.94,0.93,44.91,12.96,30.67,100.0,3.12,92
52.28,93.73,56.38,1.0,1.77,28.05,18.01,26.23,54.01,1.02,255
48.03,105.31,19.42,28.43,0.46,74.01,10.43,14.08,48.15,1.46,182
148.05,221.91,5.33,26.69,1.38,30.84,4.18,20.35,34.23,2.37,399
45.19,74.03,14.32,6.35,1.85,21.1,24.98,36.79,52.8,8.29,153
20.4,28.95,9.94,21.97,0.66,35.46,20.77,10.67,19.24,3.46,91
99.05,182.93,2.0,6.38,1.01,92.94,5.18,34.77,75.82,1.16,304
152.89,298.89,17.47,19.64,0.87,13.1,42.61,24.73,53.5,5.28,430
54.91,95.21,2.62,24.35,1.15,23.19,8.62,30.18,48.18,4.22,202
221.08,336.32,17.36,18.05,0.68,84.3,9.28,27.29,66.54,3.41,500
137.12,254.88,27.05,35.11,1.02,14.98,25.05,28.28,43.07,2.33,425
161.64,288.57,26.6,15.26,1.02,14.08,51.64,29.58,62.9,2.4,478
97.15,141.27,12.68,6.21,2.9,35.55,82.37,27.54,26.85,2.38,315
89.96,149.8,7.12,15.52,1.04,10.76,3.34,26.35,26.77,0.95,252
43.66,73.85,40.57,6.86,1.84,35.06,11.76,44.12,5.0,1.25,159
190.45,416.02,30.59,16.51,1.52,20.55,33.11,26.12,68.26,2.15,500
170.69,352.36,14.92,8.26,1.34,18.39,20.61,29.04,75.06,4.11,500
193.07,378.6,4.42,15.62,0.63,45.96,18.92,29.59,60.22,3.55,500
68.96,144.8,8.78,8.1,2.18,15.94,7.77,25.86,78.75,1.45,217
55.6,109.09,69.22,11.68,0.78,58.57,38.44,23.14,69.42,2.87,263
116.1,245.33,38.29,7.16,1.42,143.53,12.49,26.48,67.11,5.04,378
49.83,67.23,27.35,14.86,0.6,11.2,13.68,28.7,52.2,2.41,203
69.5,118.88,9.92,12.34,0.44,16.59,17.89,31.36,77.68,1.44,223
13.18,25.99,10.08,6.19,1.92,15.97,9.0,32.83,41.07,0.83,66
84.52,154.24,41.77,3.64,0.47,20.9,12.97,16.32,65.87,5.64,316
104.6,152.47,60.61,5.29,0.53,52.92,5.3,25.33,73.99,1.58,330
163.98,263.42,42.21,9.18,0.34,110.73,36.39,19.48,,0.91,473
119.05,188.81,16.98,1.59,1.36,56.26,21.61,19.72,63.51,1.63,320
132.56,203.52,11.53,21.41,0.35,24.53,10.33,17.04,58.02,4.26,340
211.91,340.92,9.1,38.34,2.38,13.28,40.75,36.73,35.43,3.33,500
37.63,66.35,15.83,35.42,1.39,74.53,33.21,24.19,72.89,2.47,187
32.47,67.2,10.04,10.49,0.43,73.08,3.45,32.21,47.09,3.13,161
80.55,158.5,23.47,18.22,1.31,15.66,5.32,34.49,68.74,2.24,294
29.29,60.1,21.31,5.52,0.38,68.4,17.01,14.44,32.29,6.11,162
88.39,185.21,81.83,1.96,1.78,48.42,16.25,28.74,41.66,3.37,348
30.23,50.61,42.33,5.59,1.09,42.51,5.64,11.26,44.68,2.57,143
35.6,57.37,23.76,8.32,0.24,,7.35,38.05,42.67,0.1,116
17.17,23.22,81.32,13.81,0.28,57.35,27.83,28.08,37.11,1.44,165
83.65,178.8,30.54,15.56,0.69,38.98,2.62,31.43,,2.19,266
23.67,32.18,9.48,3.39,1.93,16.39,9.68,26.48,56.11,1.6,107
100.27,197.23,40.26,16.29,0.48,16.43,14.68,24.96,48.86,3.96,311
111.52,182.92,7.22,12.7,0.77,18.14,7.87,22.41,59.77,1.24,317
41.09,88.51,3.13,12.54,4.02,25.89,16.08,31.05,61.87,3.05,151
121.85,204.43,29.79,12.46,0.74,16.56,23.74,37.39,26.62,0.76,355
112.98,229.9,33.79,21.61,0.26,56.06,13.36,28.29,60.56,7.04,353
141.91,220.58,40.36,35.98,2.31,33.52,48.55,25.45,65.65,11.31,437
38.37,60.21,33.58,21.65,0.26,27.5,42.27,33.37,40.03,0.52,160
37.13,68.17,28.82,57.16,1.51,29.41,23.08,39.45,71.21,6.55,157
107.64,236.61,13.23,17.07,0.67,186.43,21.93,30.27,45.01,2.81,380
79.77,140.85,26.03,13.88,2.21,57.27,24.66,13.59,72.23,5.48,274
85.04,182.2,40.47,10.05,0.79,32.34,22.44,19.79,5.0,2.3,317
167.52,336.32,28.78,33.5,0.89,30.81,21.14,15.9,79.44,6.75,500
127.36,256.8,35.79,5.69,1.36,40.72,10.05,27.46,82.42,2.67,408
113.07,191.36,34.96,31.81,0.68,93.19,25.17,14.6,54.06,0.63,368
104.74,172.61,44.36,5.76,1.8,53.31,12.3,26.3,78.79,10.43,334
134.62,198.27,4.79,14.41,0.73,68.24,18.42,37.08,49.37,4.29,384
61.94,134.25,29.23,17.43,2.29,60.17,4.4,24.76,48.96,3.21,272
28.47,61.6,79.02,6.08,1.29,51.39,3.98,17.34,85.49,4.6,200
45.06,88.88,25.07,14.26,3.36,24.96,10.74,26.68,46.05,4.53,239
40.75,63.85,25.28,19.26,0.68,8.87,10.82,24.43,79.69,0.1,163
4.84,7.36,18.02,5.24,1.65,18.97,30.91,16.84,36.62,7.17,75
104.86,229.62,16.99,5.39,0.8,12.65,9.08,20.96,59.78,2.69,308
56.1,76.29,66.01,51.14,1.52,66.11,3.77,28.26,18.65,2.21,257
62.75,129.22,2.45,21.32,0.43,44.46,31.48,30.1,57.17,6.16,221
47.2,76.46,27.76,21.44,0.76,41.85,37.11,26.52,84.71,3.42,201
69.73,116.94,18.48,7.9,1.69,84.4,19.32,32.95,53.44,4.14,273
183.37,375.69,3.67,15.96,0.45,34.73,34.71,31.58,72.85,0.76,500
16.9,23.35,40.3,12.95,1.59,70.24,36.86,27.16,42.28,1.3,155
204.9,331.68,21.0,4.73,0.69,47.66,4.17,23.58,61.58,3.29,500
83.03,179.07,27.39,67.65,1.1,39.51,21.9,26.69,60.68,0.4,342
49.59,95.67,15.86,17.53,4.79,57.26,14.8,19.02,45.13,6.85,203
54.19,107.27,30.98,16.72,1.01,56.14,30.37,30.84,58.01,1.14,252
35.1,69.55,34.13,17.83,0.76,34.92,7.78,22.33,72.2,2.22,174
11.75,15.92,8.66,5.08,0.61,13.46,48.19,23.75,51.28,1.34,54
30.39,45.07,8.63,8.17,1.52,50.72,23.52,21.89,37.49,4.65,138
69.93,121.82,15.81,8.2,0.73,73.72,40.5,24.83,36.81,1.14,256
58.99,96.23,60.16,18.11,1.68,50.2,17.23,16.64,59.93,0.78,283
96.15,160.55,16.51,7.86,0.92,18.89,38.26,20.15,55.85,0.81,283
47.54,95.24,16.14,11.86,1.53,33.34,6.91,31.64,80.75,2.11,165
42.74,56.12,13.42,15.3,0.89,47.03,14.65,37.1,68.8,2.77,160
249.47,472.62,69.07,14.85,0.75,63.43,6.31,26.29,62.39,2.12,500
35.83,46.59,25.49,10.72,0.66,53.51,25.92,40.99,30.99,0.79,174
37.67,51.11,47.23,5.31,0.44,68.83,21.85,24.22,53.97,2.43,163
133.18,222.07,50.34,23.29,0.87,26.96,23.75,33.71,30.68,1.72,425
112.8,232.01,9.49,30.94,1.89,33.61,12.7,21.13,85.83,4.57,361
52.25,74.75,12.03,5.62,1.71,93.87,59.21,25.58,45.98,6.08,209
118.96,214.04,27.16,28.19,0.89,52.26,9.77,27.06,41.97,2.91,381
75.93,145.08,9.15,6.53,0.54,16.37,11.74,15.03,50.98,2.58,206
47.93,72.21,11.74,18.35,1.04,33.86,23.68,34.9,63.23,2.94,171
107.84,189.91,17.13,16.06,1.91,31.28,27.61,29.02,7.73,0.85,316
70.79,150.09,12.16,23.03,0.41,41.54,26.52,26.09,40.6,0.8,264
12.52,22.05,7.41,3.59,1.13,33.86,12.97,20.13,91.64,3.28,93
107.92,155.57,13.7,15.95,0.27,63.2,16.73,24.3,62.98,7.23,295
63.66,118.73,23.4,9.18,1.51,17.76,18.09,30.68,61.18,1.13,238
174.28,319.45,10.12,23.97,1.7,82.65,19.13,28.25,65.18,4.23,500
122.54,162.27,14.26,18.54,0.96,13.19,11.05,17.53,29.29,3.9,338
80.09,110.65,18.36,15.66,0.9,30.47,30.88,29.24,100.0,4.39,247
53.37,76.91,70.42,6.66,2.78,19.32,68.21,31.22,70.79,1.4,244
69.43,98.78,11.39,19.23,0.63,75.63,29.95,22.69,46.11,2.25,206
34.39,52.74,55.07,6.49,1.25,87.19,3.24,32.19,70.48,1.82,209
80.08,136.83,2.38,3.26,1.27,49.12,51.93,30.39,76.27,0.93,278
182.63,298.52,39.12,7.24,0.21,6.91,11.91,10.62,35.32,1.59,500
220.73,463.88,34.05,7.92,0.12,14.63,10.4,36.3,100.0,5.11,500
149.85,277.36,39.01,9.2,2.16,14.64,30.26,22.12,57.97,4.26,476
76.94,160.69,35.74,13.0,0.16,100.22,6.31,34.05,43.25,2.24,284
20.4,36.19,44.63,13.01,0.97,59.35,16.64,16.16,80.57,3.88,113
66.46,91.77,16.73,15.96,2.91,151.98,8.48,31.19,38.74,6.26,282
127.79,219.41,55.78,12.88,4.18,52.32,4.19,36.38,20.51,2.19,452
118.64,242.0,11.88,6.32,3.22,47.16,16.71,15.17,28.12,1.46,391
62.01,91.45,2.83,20.89,0.44,45.95,25.72,35.84,18.63,1.58,181
58.48,80.82,3.66,6.67,2.41,53.5,25.32,12.4,42.29,5.04,199
91.12,145.47,25.34,13.99,0.35,8.3,7.26,29.76,67.29,1.24,265
72.47,119.57,31.81,25.45,0.1,39.93,12.94,22.98,60.76,3.56,252
66.2,104.31,40.61,9.28,0.14,44.28,8.19,17.81,48.85,2.22,230
63.93,90.89,24.58,4.71,1.54,53.11,6.07,19.6,38.75,5.66,228
163.27,249.11,12.8,4.1,2.26,38.38,11.75,24.91,51.05,3.02,419
30.73,58.81,39.86,6.05,1.28,20.01,7.09,42.85,49.07,2.13,148
56.0,92.25,22.54,4.55,4.18,,9.29,25.67,55.23,2.01,233
58.36,109.1,12.25,26.82,1.57,104.17,46.16,27.53,19.78,1.62,256
78.39,139.75,30.33,10.7,2.44,53.63,10.94,20.3,96.64,4.32,309
70.87,127.15,22.02,46.87,2.84,43.51,11.56,16.72,29.05,5.19,269
67.59,102.99,126.1,11.35,1.61,67.41,15.36,23.35,34.7,7.27,337
32.35,57.24,100.37,1.85,0.77,19.76,7.81,37.57,55.87,2.06,176
70.8,93.54,11.32,13.66,0.51,30.99,42.97,18.47,80.8,3.85,246
106.07,179.1,3.43,10.63,0.56,16.51,12.6,44.08,74.81,0.91,285
80.26,145.69,9.23,21.82,1.57,11.33,24.42,23.29,31.85,0.98,253
30.25,44.29,4.22,10.3,0.65,39.96,3.05,38.46,22.08,4.75,116
74.99,114.81,33.85,10.38,0.41,23.73,21.07,32.63,73.05,0.58,225
71.72,107.41,51.98,18.84,3.56,32.85,12.54,28.38,42.8,4.02,264
54.41,74.19,9.29,7.46,0.4,13.38,32.27,30.9,60.78,1.67,186
80.85,130.42,49.02,9.07,0.93,21.79,37.02,25.87,59.61,1.83,300
43.76,95.45,6.72,21.67,2.58,31.61,35.63,18.31,33.41,4.65,200
109.11,176.6,47.89,2.89,1.21,29.09,27.18,24.7,53.67,1.6,341
212.33,364.04,10.83,10.31,1.85,167.39,13.71,25.05,72.1,7.46,500
115.31,217.69,23.8,1.0,0.59,39.35,2.84,22.32,57.3,1.74,320
38.48,72.47,40.72,34.04,0.31,25.2,40.39,30.32,32.29,1.3,154
105.25,226.8,16.81,11.39,0.75,22.27,7.28,27.84,57.07,2.14,312
122.78,254.37,6.19,6.48,1.23,52.99,39.94,37.57,68.11,1.63,382
90.14,181.6,86.88,21.81,2.6,145.68,24.83,34.15,,4.14,430
96.43,207.95,6.22,14.45,0.42,78.21,18.12,25.54,57.09,3.22,308
66.3,99.95,69.94,5.0,2.17,41.31,16.94,25.9,58.66,2.1,263
26.41,49.01,33.29,23.37,2.17,22.48,24.79,28.54,26.27,0.33,145
63.12,132.46,52.52,18.57,0.78,24.79,53.48,30.13,41.33,2.22,274
34.07,63.42,36.07,22.73,0.99,9.42,7.79,35.87,51.99,2.47,149
59.26,129.17,6.47,10.06,0.34,16.95,6.13,15.75,48.63,0.9,182
46.81,65.09,4.41,18.57,1.35,42.03,37.38,26.84,46.36,4.11,138
32.25,54.68,12.76,41.91,0.71,53.44,5.57,28.79,42.72,4.17,137
159.2,347.0,2.12,33.95,1.15,52.09,23.13,28.42,61.88,3.53,498
69.85,114.67,24.61,19.46,1.48,13.43,7.58,20.49,61.34,0.39,200
48.02,94.39,25.68,3.51,0.6,58.45,42.79,33.67,84.52,3.63,185
17.74,23.55,18.67,17.64,0.69,16.94,34.85,26.73,52.23,1.24,88
118.7,228.54,9.18,26.71,1.23,15.32,70.68,21.55,83.33,5.09,361
82.06,175.71,28.43,25.48,0.43,51.0,5.2,21.01,5.0,3.84,295
231.31,380.37,10.85,14.1,1.71,41.64,7.8,18.2,68.02,2.61,500
41.1,54.21,23.03,19.97,0.89,22.39,7.42,19.37,30.91,6.16,186
151.12,200.25,10.39,4.08,2.11,81.98,17.35,22.51,86.8,2.83,417
63.11,132.71,16.08,14.91,0.63,46.05,20.63,26.01,15.4,2.3,212
35.53,69.29,116.89,2.52,0.87,30.27,33.18,17.27,47.88,9.56,213
52.2,72.87,43.44,25.3,0.13,20.33,19.11,32.34,47.07,0.79,199
75.78,102.24,6.82,22.26,0.24,26.5,35.1,14.61,20.51,1.23,184
48.07,97.3,71.09,20.9,1.77,15.64,26.28,23.4,37.08,0.64,264
27.22,55.23,35.67,16.16,0.92,41.69,20.05,26.58,51.98,2.76,128
34.54,48.65,17.73,32.09,0.98,31.02,5.9,26.15,40.29,2.9,155
99.2,155.87,20.22,10.77,0.24,48.58,2.92,38.56,45.72,3.28,264
31.09,62.24,28.45,9.74,0.91,92.74,9.31,30.07,57.01,1.23,180
43.38,76.9,70.28,21.68,1.9,92.78,1.56,17.66,14.63,1.54,252
32.04,69.23,32.95,3.59,1.39,15.26,29.86,28.28,79.53,3.75,148
83.48,144.67,12.64,14.74,0.81,36.26,7.11,17.72,59.99,2.81,257
302.93,578.37,17.66,9.85,0.2,26.93,39.81,35.44,26.81,1.71,500
96.48,169.69,12.89,13.84,1.16,37.14,24.97,9.9,53.82,1.15,306
39.6,85.1,29.15,18.3,0.88,50.82,12.1,23.24,67.01,9.43,145
83.42,138.38,35.07,8.53,1.85,19.34,21.97,27.6,53.97,4.11,285
41.5,62.54,35.35,51.65,2.21,27.14,25.88,17.19,63.59,3.04,208
78.2,124.65,56.68,18.01,0.44,14.53,16.08,33.72,69.97,3.76,248
171.32,354.2,33.92,12.55,1.49,39.78,10.4,35.14,23.72,1.69,500
67.26,117.57,8.68,38.17,0.42,66.02,30.73,22.22,41.13,1.62,255
87.4,141.48,58.81,14.91,0.96,25.83,29.12,23.33,94.97,1.24,297
,124.02,20.47,5.26,0.93,24.64,14.43,19.76,44.56,0.9,240
125.47,178.15,22.66,15.94,1.76,43.57,8.79,30.05,67.52,3.88,370
107.24,139.93,16.83,4.97,0.64,67.09,13.98,24.79,80.68,3.67,308
53.91,83.69,11.46,7.86,1.16,59.05,23.56,17.66,58.68,1.21,173
107.28,197.88,12.28,8.38,0.95,96.83,45.66,40.62,43.24,0.57,376
78.65,152.63,44.86,2.54,1.13,44.25,20.95,38.17,68.08,3.9,281
50.76,103.74,24.56,14.5,1.51,128.04,24.69,40.42,64.5,0.21,230
51.39,109.66,17.28,8.38,1.84,86.79,18.56,15.14,46.42,3.57,234
77.04,128.73,57.46,17.34,1.99,32.35,17.2,34.13,53.82,1.25,297
86.54,170.18,33.95,2.88,0.15,24.99,29.18,28.82,47.48,2.66,278
62.02,84.8,18.98,12.56,2.11,55.18,45.53,29.5,33.66,6.45,244
87.95,118.89,62.3,6.6,2.06,70.68,19.27,17.09,56.55,0.81,323
38.77,54.75,53.49,11.73,1.04,8.65,14.37,19.53,94.72,3.41,174
29.99,51.09,17.39,3.95,1.31,16.32,20.38,22.08,72.94,3.23,118
20.15,30.03,14.05,16.16,0.89,62.16,5.76,26.63,93.07,5.65,88
98.14,152.92,37.39,13.51,0.34,68.63,12.0,24.18,66.56,2.08,310
18.53,34.89,16.53,13.67,0.4,55.69,12.8,26.36,73.57,4.61,78
87.35,141.74,24.85,6.27,1.49,24.57,20.65,23.33,51.02,0.79,293
48.58,87.52,21.3,4.6,0.9,9.05,4.77,20.53,43.1,0.31,149
55.19,92.23,25.49,20.99,0.6,15.36,21.17,28.3,43.03,2.09,215
55.76,80.97,66.05,3.38,1.14,127.04,51.41,27.39,74.52,7.15,261
270.23,369.3,25.11,33.42,1.27,31.38,20.35,26.96,71.24,3.98,500
,67.06,40.8,39.05,0.56,59.83,9.66,32.65,60.4,4.83,214
33.76,45.65,26.5,9.81,0.73,34.74,20.19,25.3,60.16,1.0,166
205.01,380.65,24.61,21.67,3.02,52.23,39.15,27.4,81.02,1.77,500
22.09,44.54,9.2,12.35,0.83,34.01,6.84,27.41,25.42,2.04,108
26.8,43.03,4.28,12.47,1.11,92.99,35.08,12.61,56.57,4.43,137
120.16,198.07,12.19,16.88,0.46,73.96,7.54,32.52,87.99,2.19,348
89.35,181.78,3.02,33.86,2.34,30.54,15.0,22.66,71.18,4.62,318
51.23,76.87,12.75,5.82,0.45,40.03,92.36,30.52,27.17,1.22,174
30.63,43.1,24.91,20.98,0.29,26.8,10.24,27.83,66.6,1.05,130
11.11,19.45,15.4,15.55,2.2,47.07,15.0,21.21,57.27,5.35,71
177.21,333.43,3.68,9.85,0.78,8.69,36.24,30.3,77.3,0.44,500
107.48,197.72,136.05,6.73,0.36,13.64,12.17,18.54,46.42,1.95,407
165.2,320.9,22.03,8.94,2.7,33.57,47.29,27.55,71.01,0.22,500
134.67,181.96,21.57,4.06,0.93,23.92,27.89,24.17,28.68,3.86,369
92.39,155.71,54.24,5.05,0.27,84.3,43.44,33.03,100.0,2.61,330
43.42,65.77,48.44,1.0,0.48,20.53,38.84,34.36,92.32,3.64,164
30.73,60.94,21.58,30.69,0.44,43.43,16.76,25.76,57.69,2.7,134
143.13,298.5,23.36,4.4,0.47,30.26,25.23,24.98,33.99,1.43,422
48.66,75.58,78.55,9.95,0.53,48.48,15.45,15.14,77.77,5.21,233
32.17,44.57,21.85,23.13,4.16,44.59,7.87,22.99,75.11,4.79,178
41.09,62.79,46.37,2.59,3.26,10.51,11.59,24.71,91.16,1.44,204
148.79,207.35,14.3,2.58,1.85,53.31,18.45,22.53,49.83,5.53,420
34.82,55.38,10.3,6.61,0.64,10.63,41.06,30.1,55.38,2.25,122
51.44,91.79,34.35,11.66,0.28,60.51,4.16,26.19,49.45,5.04,183
63.15,137.44,45.88,9.1,0.53,5.44,6.31,30.12,52.11,1.59,262
80.0,132.76,7.4,70.89,2.55,49.79,2.63,16.36,28.58,0.52,285
32.69,48.97,33.23,10.36,0.8,11.16,20.85,28.12,84.44,5.87,138
61.68,89.44,14.8,14.51,1.9,9.81,10.05,23.75,44.89,0.74,222
121.65,177.09,2.0,8.44,1.14,31.14,16.45,31.28,44.8,1.0,344
231.54,341.13,7.94,8.75,1.87,6.8,15.48,30.7,15.48,2.26,500
28.1,55.82,16.88,7.08,1.43,124.32,21.49,26.84,35.12,1.75,147
31.91,43.23,45.62,44.44,0.92,40.78,40.16,30.1,65.37,1.94,210
35.8,78.67,37.49,29.52,1.83,6.59,8.53,3.37,39.65,7.3,172
102.89,182.15,6.98,1.02,1.99,43.37,11.67,33.61,27.07,7.91,290
29.79,53.32,34.72,29.93,0.34,5.7,13.22,33.0,65.64,1.59,142
60.15,97.55,11.1,8.12,1.06,10.6,33.11,36.23,83.19,1.08,187
55.79,107.19,32.31,19.38,1.59,87.38,19.8,17.27,54.22,2.67,233
244.24,421.15,12.01,2.26,0.1,86.87,18.69,20.72,80.67,2.16,500
44.05,70.31,74.51,4.52,0.26,44.84,11.05,18.71,54.12,2.34,223
42.09,64.76,13.09,46.65,1.33,14.11,7.89,33.32,61.23,3.82,184
102.83,219.34,17.84,15.68,1.4,24.66,27.05,24.57,55.94,0.45,314
83.25,130.02,11.1,1.0,1.77,34.73,13.99,28.19,89.0,4.17,268
39.94,67.61,35.06,67.11,0.57,87.91,36.21,29.3,60.07,3.3,218
155.42,251.05,10.69,8.31,0.38,54.78,60.05,31.11,41.67,1.55,418
21.51,29.62,3.69,15.6,0.7,25.37,26.63,20.61,41.33,1.02,81
64.59,94.77,30.63,14.78,2.09,16.97,52.16,22.61,30.69,2.9,246
53.21,78.24,29.67,25.21,1.21,13.02,23.87,24.0,42.62,5.22,170
60.69,116.78,8.85,6.46,0.81,142.13,15.05,33.5,96.61,8.58,230
39.67,66.08,11.37,8.26,1.41,77.26,13.41,27.17,52.87,2.76,134
61.66,123.54,19.36,42.58,1.35,40.42,5.68,37.08,28.26,0.59,239
76.99,149.21,36.41,13.99,4.13,67.95,25.75,17.79,59.77,5.13,318
6.9,10.17,87.84,7.03,2.6,27.59,1.94,31.47,57.69,0.95,159
47.19,85.26,36.23,9.56,0.85,17.04,31.93,30.21,51.97,2.42,191
36.04,70.95,39.45,16.13,1.19,32.98,8.9,27.04,40.63,2.68,160
196.64,367.66,66.0,6.84,0.58,37.65,16.51,22.87,70.5,1.33,500
90.34,166.23,41.04,33.9,0.82,62.94,8.75,24.86,95.76,0.28,357
34.45,67.71,72.44,7.16,0.64,19.06,2.73,31.12,59.84,3.39,177
45.34,61.26,25.56,11.19,0.68,8.87,15.09,25.61,46.42,1.33,139
54.69,107.09,29.89,9.49,1.15,31.16,8.78,22.41,92.4,2.44,204
44.59,68.91,11.25,10.13,1.35,30.24,52.9,32.15,8.81,5.7,190
94.93,172.27,9.19,5.92,1.16,94.21,8.75,27.76,5.0,3.79,313
175.77,266.84,15.25,16.67,2.17,61.42,18.34,38.77,30.26,9.34,500
2.71,5.57,42.1,11.88,0.14,21.69,5.49,24.19,100.0,2.29,47
52.28,90.57,43.74,14.17,1.91,15.65,21.81,33.96,81.69,4.87,217
230.78,433.55,23.68,37.74,0.8,25.75,38.14,28.16,53.65,2.79,500
53.82,108.42,51.38,2.55,0.66,16.63,7.65,32.43,51.36,5.7,234
80.05,168.57,16.71,6.72,0.93,148.02,14.12,23.53,26.33,0.52,324
9.03,17.69,8.24,23.57,1.04,18.38,23.37,22.83,64.63,0.99,84
154.27,221.21,36.46,10.58,2.05,19.97,6.83,36.48,92.6,1.04,438
27.69,57.29,28.8,13.37,0.67,40.79,19.1,29.32,43.26,2.35,164
88.85,164.96,29.46,7.72,2.15,11.41,4.37,27.13,49.04,3.22,289
32.08,59.29,74.41,6.4,1.8,20.77,10.4,17.81,79.73,1.85,203
4.72,10.04,29.32,6.22,0.56,55.49,43.08,23.15,74.5,10.25,109
83.37,127.05,47.18,15.38,0.71,38.5,11.37,20.29,57.59,2.72,297
109.1,165.35,2.0,56.15,0.94,39.46,46.04,30.68,49.94,1.34,343
63.21,111.37,28.69,30.99,1.18,31.08,13.3,29.19,55.82,1.99,208
24.85,49.1,6.3,9.82,0.42,22.13,8.23,30.1,59.47,3.66,113
259.58,441.93,20.25,1.28,1.0,9.22,24.73,31.12,55.69,1.35,500
106.35,198.93,15.84,27.76,1.26,19.01,32.36,30.92,61.87,3.99,330
74.77,127.66,64.25,14.39,0.1,25.62,20.6,35.74,79.0,0.89,275
138.55,256.23,66.92,51.57,2.14,38.92,28.43,26.61,77.21,3.57,498
44.57,90.92,71.21,17.7,0.24,21.52,5.02,29.16,72.18,1.19,228
208.95,305.58,27.38,10.44,1.61,35.53,6.91,29.43,70.11,1.72,500
107.65,207.31,2.3,8.71,0.38,16.53,4.66,31.78,84.96,2.33,303
130.12,261.37,33.23,3.51,0.89,14.08,27.54,30.8,62.15,3.15,399
51.5,87.67,17.34,11.34,1.06,50.57,20.15,27.37,,2.66,183
27.08,43.08,26.38,24.26,2.05,20.27,26.12,19.82,21.53,0.81,196
75.54,99.13,10.0,1.67,2.54,60.9,7.85,22.42,49.4,2.83,237
46.06,92.92,63.37,41.08,0.43,38.54,17.54,26.37,29.98,1.62,220
224.49,358.1,41.44,2.83,0.95,105.49,47.33,27.13,48.38,0.72,500
20.91,33.91,20.17,6.51,0.6,5.82,38.75,28.87,53.44,8.32,72
162.87,260.99,12.2,16.35,0.9,59.85,17.46,25.19,74.52,3.26,481
15.01,26.26,45.22,2.66,0.97,41.55,5.31,35.49,33.98,2.62,114
31.97,61.78,51.61,10.43,1.62,51.56,59.09,28.29,70.92,3.89,203
14.69,29.3,17.3,13.77,0.92,35.57,9.38,12.98,53.22,1.51,79
44.65,73.83,12.63,15.84,1.48,47.29,14.52,24.85,35.18,0.75,171
56.87,107.87,27.51,8.36,0.3,13.29,26.97,24.57,8.85,3.84,206
40.35,78.63,32.22,3.81,2.01,38.55,42.17,29.15,52.91,2.99,192
88.79,139.15,8.47,33.65,1.03,25.39,9.12,27.19,56.4,0.18,273
57.19,79.32,48.21,17.88,0.65,131.03,18.67,28.44,54.79,5.58,279
9.35,19.68,20.79,15.82,0.89,92.06,12.07,35.85,71.18,1.65,52
30.54,58.32,56.69,7.83,0.32,24.12,19.71,29.19,72.83,1.9,158
51.09,96.22,57.35,20.88,1.0,9.96,18.82,48.0,75.45,1.28,250
134.72,182.27,54.03,3.18,1.9,21.26,16.16,33.62,49.17,6.64,407
72.14,146.89,5.91,41.15,3.45,11.97,22.63,26.83,42.66,0.24,262
46.42,83.99,7.74,7.43,0.92,26.29,41.52,30.13,52.04,1.83,168
18.66,38.5,43.52,22.77,1.06,49.88,1.8,41.91,59.15,2.26,172
74.4,161.98,43.42,28.52,1.11,12.39,15.95,16.19,57.54,1.97,259
155.53,336.17,9.13,14.05,1.63,3.88,11.01,33.68,50.05,3.01,462
52.8,109.31,23.05,15.17,0.42,19.36,11.07,35.94,40.08,1.7,191
33.08,43.33,50.15,11.98,0.31,42.76,22.82,21.4,23.63,0.44,174
98.09,205.7,36.04,26.81,2.19,37.15,2.46,23.23,93.34,3.08,365
138.22,189.02,42.79,7.32,1.71,48.51,19.23,23.66,43.81,2.76,439
58.28,120.42,32.0,20.08,0.73,9.96,8.9,38.89,37.72,2.26,215
105.88,164.34,37.22,13.05,1.79,14.43,21.55,27.93,79.33,3.04,337
48.28,89.26,24.01,34.36,0.81,26.62,4.37,21.78,52.62,1.35,187
109.27,145.79,20.46,32.35,0.82,65.9,40.62,15.1,58.36,3.78,327
160.61,320.26,26.85,7.74,0.85,65.91,2.21,33.87,71.07,2.93,500
120.16,168.29,48.27,26.54,0.49,26.48,3.86,27.88,73.63,7.28,366
95.4,159.28,15.88,17.54,1.62,69.11,41.53,34.04,64.59,7.15,327
195.18,397.32,18.55,12.41,0.84,21.23,8.84,29.5,55.46,1.71,500
54.78,105.49,8.51,25.31,0.64,77.8,4.9,36.57,77.79,4.47,201
95.37,124.5,20.62,21.83,1.64,30.05,18.03,14.62,52.97,2.19,285
56.14,93.35,8.67,8.41,1.6,37.16,19.41,31.67,52.04,5.65,203
95.41,127.63,53.59,4.19,1.78,126.18,20.91,28.7,42.22,7.1,308
106.55,203.1,22.46,5.19,2.4,4.01,17.94,24.29,64.39,6.76,311
125.32,272.21,10.26,6.69,1.34,49.02,19.95,29.35,47.5,4.52,426
68.53,129.51,48.68,10.31,0.48,71.49,34.97,24.35,74.57,3.38,252
12.36,18.56,10.53,16.05,1.74,51.61,37.3,28.02,5.0,1.21,99
57.0,92.32,7.32,13.13,1.1,29.9,2.38,19.78,35.51,2.25,186
104.09,226.82,3.35,2.84,0.1,37.49,19.95,30.89,89.12,4.41,333
82.97,124.59,4.26,9.04,5.23,13.67,39.09,31.9,26.89,3.57,276
91.52,165.22,21.94,42.79,1.12,32.19,9.92,34.07,31.17,3.09,321
111.05,184.38,23.92,8.42,0.43,55.13,9.65,17.98,78.77,4.31,316
27.04,53.85,37.5,2.52,1.76,3.8,25.54,17.34,31.17,1.11,126
114.85,238.96,27.25,21.65,0.73,60.35,15.36,19.62,29.65,1.72,377
201.32,323.48,26.13,18.35,1.05,10.1,9.47,37.14,61.26,5.58,500
51.09,96.79,9.72,17.54,1.5,16.26,35.51,26.04,95.95,2.2,173
127.03,227.92,50.24,16.04,1.09,29.59,22.96,29.45,66.54,3.17,409
,110.9,30.88,5.36,0.1,58.41,30.17,33.24,16.24,1.31,240
89.81,138.73,20.89,11.96,1.33,15.05,50.18,21.42,50.82,1.42,297
119.1,212.56,28.32,5.89,1.79,15.01,4.8,28.03,74.94,0.58,344
82.64,118.88,40.33,5.51,0.4,3.31,34.65,20.49,42.59,1.98,229
48.8,99.05,8.71,50.96,1.04,20.93,5.24,16.57,16.48,5.36,173
85.22,116.08,13.26,21.96,1.57,59.78,48.43,33.7,45.46,2.46,278
32.95,45.64,2.49,15.69,2.5,21.53,16.46,26.25,44.99,1.56,141
19.0,30.56,23.26,10.89,1.33,34.12,43.57,31.04,38.19,3.55,104
167.24,235.18,34.09,20.7,1.4,53.93,8.17,33.7,60.81,3.59,500
92.97,160.66,31.44,12.94,1.17,84.86,7.78,19.01,20.29,3.31,326
107.33,178.13,40.62,21.34,0.97,25.11,29.01,23.16,70.23,1.11,353
79.4,154.8,38.32,34.53,0.68,33.54,11.1,38.62,30.2,0.29,307
15.08,32.55,24.39,17.16,0.44,33.1,25.35,30.26,51.33,0.68,115
159.85,316.21,36.27,5.5,0.61,10.2,10.19,19.11,30.79,2.32,488
48.87,71.43,67.51,27.96,1.2,37.1,16.17,21.42,59.86,2.02,202
56.49,120.99,47.43,10.77,1.32,28.88,2.48,21.94,24.94,0.98,276
147.52,243.84,44.98,14.79,2.15,3.83,27.18,28.73,58.77,6.89,438
32.53,56.18,17.43,9.36,2.57,40.5,16.26,27.28,37.62,1.6,181
52.89,88.82,18.98,3.33,0.77,48.22,30.04,33.67,47.49,5.52,145
50.11,77.79,51.41,23.63,1.04,167.99,22.8,31.14,88.8,1.8,252
31.72,66.78,8.29,30.71,1.3,31.82,11.29,20.99,37.16,3.61,138
72.43,115.81,26.1,14.57,0.52,25.04,42.79,37.05,46.62,2.67,256
35.42,64.48,47.19,25.45,2.16,53.71,4.8,29.87,45.35,1.25,206
164.33,249.13,26.57,7.03,1.19,43.99,5.99,40.26,48.16,5.92,469
17.7,35.71,22.1,13.52,1.1,36.7,9.61,21.7,64.25,4.4,139
24.09,48.11,40.45,6.09,1.3,44.59,13.28,12.45,52.73,2.32,173
52.84,82.78,34.03,16.94,1.39,91.41,21.1,30.64,44.27,0.33,243
66.64,127.51,44.67,16.12,0.39,122.92,24.77,25.36,67.44,0.92,272
39.9,77.14,87.85,13.06,0.52,56.38,5.21,30.25,14.83,4.77,218
112.21,202.69,20.06,14.46,0.51,20.41,14.37,25.73,100.0,2.91,314
58.49,107.65,37.76,7.35,0.85,28.7,67.34,35.5,55.91,5.31,241
96.65,175.62,20.33,5.39,1.59,12.62,43.55,25.57,59.3,4.13,292
156.71,215.26,8.63,17.86,1.53,27.07,13.63,29.16,66.91,4.51,411
191.13,363.76,22.47,13.28,1.0,43.8,26.57,31.3,58.57,0.4,500
53.78,92.66,6.24,1.05,1.23,24.98,29.85,28.43,54.53,0.88,179
72.0,122.01,10.17,4.91,1.2,50.88,32.57,31.95,30.12,1.56,231
82.34,170.77,36.77,1.0,0.79,10.3,8.83,29.97,70.04,4.82,267
55.11,72.8,34.26,39.92,1.09,40.07,5.18,26.82,86.35,1.72,210
30.04,45.85,58.56,5.28,0.2,43.69,11.88,29.8,56.09,1.96,163
132.21,186.33,51.71,18.95,0.23,45.6,10.03,26.36,34.97,1.68,413
30.06,40.03,13.12,10.0,3.08,56.53,11.79,24.67,64.69,0.42,150
140.85,218.05,40.86,3.19,2.19,24.26,36.62,30.69,35.84,0.39,428
91.82,201.06,34.02,7.23,2.84,14.45,11.83,43.35,69.74,3.55,333
80.2,123.76,16.91,18.57,1.61,93.04,13.96,29.17,39.33,1.49,240
37.78,71.69,28.75,8.23,1.27,89.18,4.03,28.48,71.16,5.25,183
11.15,15.68,12.29,21.33,1.62,30.67,7.42,22.8,19.89,4.27,44
130.04,239.48,55.35,4.57,0.95,21.98,18.37,25.95,100.0,0.51,422
37.39,81.73,35.45,11.87,0.17,44.45,44.74,24.69,74.08,2.81,203
95.73,149.6,59.48,16.73,0.7,21.42,21.48,31.61,74.39,3.54,303
99.24,204.76,25.19,6.33,3.49,46.02,14.68,28.07,67.03,9.34,336
67.42,148.17,12.33,11.31,0.75,101.78,38.16,37.96,74.17,2.1,263
80.86,147.95,4.03,6.32,1.43,34.55,25.19,20.38,38.15,0.89,229
90.92,143.51,14.35,14.66,0.51,62.39,10.46,25.26,59.34,2.9,259
76.3,145.43,14.07,5.28,0.7,44.56,18.61,23.34,45.91,2.17,273
34.39,70.86,40.81,9.15,0.88,38.91,7.19,10.01,27.35,3.9,161
17.86,25.98,29.74,12.4,0.97,21.32,52.07,18.06,76.34,2.28,80
40.18,68.59,46.27,11.68,1.11,41.42,20.92,25.19,34.11,1.86,203
50.43,80.05,16.21,14.01,1.19,26.09,6.81,28.24,64.9,3.56,160
162.12,252.1,49.62,2.56,0.82,29.85,3.42,28.69,69.28,6.67,488
25.02,51.92,21.7,23.65,0.7,44.29,10.08,30.59,62.48,0.72,113
177.27,297.73,13.17,12.48,1.26,20.08,6.9,19.31,58.62,1.47,500
214.53,344.35,4.27,10.51,1.45,11.6,40.75,22.72,55.89,2.31,500
41.33,76.17,8.05,2.8,2.85,23.64,21.65,33.52,66.02,7.01,168
209.7,314.02,14.75,19.51,0.1,45.68,2.15,34.58,58.16,6.1,500
60.42,91.04,28.24,23.79,0.4,85.58,26.37,33.86,83.23,1.84,226
53.34,94.31,12.64,60.69,2.72,10.04,7.0,28.84,49.05,5.53,234
162.21,270.63,91.58,1.32,0.83,61.15,5.28,15.99,77.84,3.3,500
78.32,122.61,39.2,34.28,0.93,43.32,1.3,36.03,51.37,3.88,248
70.38,94.91,9.72,14.29,0.55,47.52,17.71,20.85,36.29,4.02,185
39.72,70.25,16.93,30.03,0.5,60.41,18.69,32.51,39.32,5.95,121
42.59,86.66,18.86,16.68,0.25,41.37,73.63,24.02,38.93,2.9,201
72.17,149.11,31.26,18.28,1.24,38.64,4.14,27.74,72.58,3.3,249
162.16,245.17,4.48,32.86,1.67,87.92,27.11,21.43,32.9,4.1,490
25.15,46.27,72.08,23.62,1.71,35.4,23.8,26.03,62.09,6.6,220
62.77,129.96,87.55,26.34,0.83,26.7,23.5,19.49,76.35,11.61,325
20.87,34.81,34.2,10.55,1.04,20.43,19.13,20.76,10.02,1.56,101
38.06,81.41,58.27,1.0,1.69,13.82,27.41,23.04,69.36,2.82,194
105.34,222.55,29.16,12.77,1.85,63.88,23.48,13.96,96.07,2.4,381
32.42,48.21,19.26,6.4,1.48,83.85,19.55,21.82,59.32,5.47,165
136.28,208.93,10.2,21.73,1.53,20.91,13.55,17.14,73.92,2.07,361
32.28,47.21,33.45,13.66,3.2,43.31,3.94,19.95,65.69,2.42,204
43.66,64.46,25.24,11.46,0.67,16.36,19.3,19.42,48.32,1.53,161
12.42,26.3,41.81,8.79,0.38,9.45,12.47,36.91,46.45,0.93,138
136.42,291.66,11.49,19.75,1.69,105.43,14.24,17.07,66.02,1.59,458
123.61,166.46,38.22,10.95,1.31,52.0,11.65,27.54,41.82,5.04,377
21.4,39.26,16.08,12.83,1.11,78.44,17.72,29.9,44.01,2.88,129
53.61,96.91,11.25,11.61,1.82,82.02,15.24,25.66,67.06,3.56,199
50.19,82.9,15.03,10.58,2.01,46.91,27.01,32.06,38.88,12.72,173
46.94,87.7,13.13,1.32,1.9,19.73,7.21,23.45,68.09,6.96,167
215.54,463.98,31.84,10.7,0.47,80.41,17.39,28.02,44.69,1.52,500
46.46,67.51,41.1,5.03,1.23,39.0,24.14,26.41,44.34,3.75,179
33.8,47.61,6.42,11.01,1.52,79.1,9.83,23.42,55.66,3.24,161
13.9,18.48,14.2,13.46,1.0,60.08,21.28,31.12,64.69,2.53,78
35.23,57.33,37.79,7.89,2.74,2.0,16.2,26.52,51.21,2.31,145
161.81,259.53,42.59,1.0,0.65,18.68,9.54,25.71,83.64,1.23,444
77.71,131.15,29.8,8.23,2.22,18.09,12.0,18.07,34.71,4.81,254
77.84,136.44,23.3,7.77,1.47,68.76,54.68,24.42,100.0,2.43,268
36.98,73.3,11.89,9.33,0.89,18.68,54.47,25.88,75.07,6.02,100
145.67,240.78,7.42,3.0,0.66,10.87,4.88,36.8,59.73,3.19,408
96.84,154.71,19.1,13.55,2.69,147.57,9.85,23.22,66.83,3.25,382
47.46,97.02,19.48,14.54,0.21,29.57,10.01,32.95,21.25,3.15,148
29.77,61.47,22.77,9.66,1.01,17.3,27.38,26.26,27.89,1.03,124
62.89,94.93,32.35,22.4,0.7,37.72,14.76,19.94,49.75,1.68,231
31.85,50.43,30.95,11.51,0.87,41.18,13.95,35.97,50.54,0.32,167
57.62,117.69,36.82,9.6,0.97,27.01,8.75,27.71,91.29,1.64,196
72.77,99.8,24.26,10.88,0.33,5.0,23.65,21.5,62.72,2.56,200
38.32,61.05,11.58,24.49,0.56,42.07,29.0,31.63,73.69,3.28,167
6.53,11.13,75.53,17.5,1.3,73.68,20.47,37.61,54.52,1.49,163
89.09,130.81,8.74,5.74,0.99,32.79,13.34,18.44,40.12,4.92,217
39.25,57.38,11.83,4.53,0.82,9.39,10.84,32.82,65.8,0.38,112
72.33,121.69,30.62,9.68,0.57,70.87,34.08,17.13,57.62,7.59,257
59.5,117.76,15.95,22.99,0.65,132.76,12.11,14.9,62.69,2.14,252
192.28,395.37,59.18,21.02,0.49,24.14,13.81,17.22,50.33,1.13,500
66.87,145.85,24.46,13.87,1.78,120.93,20.54,25.49,29.91,2.14,270
122.79,167.81,36.32,6.82,0.73,76.78,34.56,29.68,98.31,1.6,364
49.39,73.83,21.29,18.09,0.27,66.64,5.28,23.53,41.28,2.61,184
32.32,64.02,5.66,1.92,1.83,45.37,34.14,19.5,52.54,2.3,108
91.79,163.98,99.98,7.58,1.03,33.16,3.57,29.28,65.11,3.12,327
37.06,59.11,29.4,19.09,0.77,15.15,8.45,28.24,,3.43,151
108.61,161.28,11.56,2.24,0.83,38.0,10.68,26.99,82.51,2.69,302
23.62,36.68,23.19,28.87,3.4,32.75,13.09,33.1,37.4,2.68,147
83.65,141.07,41.9,27.93,1.55,52.32,19.26,27.39,72.67,1.08,317
65.58,95.71,4.35,11.71,2.49,33.85,14.98,36.07,27.03,5.92,222
168.95,366.24,24.57,20.34,0.45,69.34,5.14,12.51,68.4,2.88,500
89.6,125.16,18.97,7.89,1.08,19.87,25.46,17.7,16.83,2.04,256
60.19,131.65,8.96,4.65,1.04,97.32,16.07,33.66,80.68,0.68,218
114.24,235.08,42.64,32.01,0.1,46.16,14.98,13.48,,1.92,384
6.41,10.78,12.28,25.73,0.74,39.49,29.27,33.02,59.88,5.13,73
97.39,191.45,55.69,20.39,0.22,87.96,29.4,34.65,72.59,4.9,368
103.29,196.7,16.29,1.57,0.78,50.31,12.84,24.29,36.01,4.54,280
111.31,166.08,38.05,10.73,1.6,29.7,18.17,30.08,41.72,4.71,338
106.04,170.21,30.21,37.52,2.73,60.04,12.93,26.45,31.42,5.34,376
94.65,166.75,27.79,17.75,0.53,12.24,17.9,28.98,33.31,2.66,288
51.11,95.79,23.47,11.25,2.8,48.98,19.64,15.66,62.24,3.5,244
73.91,132.2,26.7,11.03,1.42,20.88,8.56,32.29,52.47,6.07,241
41.04,70.83,37.85,11.06,1.96,30.31,20.06,22.99,23.58,1.21,184
34.35,58.36,57.19,1.0,0.84,8.84,4.35,18.84,54.98,0.83,165
52.74,92.22,15.93,15.42,0.28,39.47,24.53,15.01,61.53,2.46,175
57.8,97.74,89.53,17.21,0.7,75.43,49.02,25.39,67.73,3.28,325
86.52,154.63,46.26,1.97,1.29,73.55,32.16,24.1,81.92,0.92,310
152.23,319.56,33.96,13.21,3.09,31.34,9.79,24.8,41.48,2.75,479
121.28,226.74,32.2,8.7,2.61,32.23,3.61,23.88,69.23,2.4,371
81.81,159.56,2.78,3.48,3.51,38.35,6.91,18.94,53.27,1.28,276
140.12,257.51,86.98,1.0,2.84,21.55,5.49,37.81,61.68,1.76,492
67.33,126.49,39.86,6.84,1.27,69.84,8.39,24.83,87.16,1.61,245
95.63,174.09,11.06,11.09,1.23,37.36,1.0,33.59,33.99,1.25,316
51.26,67.88,6.09,17.13,0.63,15.87,12.79,20.63,81.26,2.94,165
66.1,145.4,40.55,21.0,0.56,20.51,15.84,45.85,78.28,4.71,256
54.9,73.04,16.65,12.46,2.3,43.89,23.65,32.23,45.17,1.6,212
16.49,27.3,22.81,4.07,3.11,15.94,26.72,38.23,69.1,1.28,134
16.85,23.49,22.08,30.76,0.49,23.61,15.65,35.44,52.27,7.58,85
21.62,29.99,22.74,12.64,0.38,19.42,10.18,30.29,23.99,2.55,93
82.22,165.6,5.16,7.65,1.09,78.53,19.91,29.09,42.32,0.77,256
154.42,259.94,51.83,11.7,0.34,46.42,6.23,24.98,49.97,4.84,500
139.79,282.53,16.11,26.36,1.29,40.98,8.96,29.09,67.1,2.15,432
96.31,148.85,19.83,33.17,0.84,47.49,8.45,21.96,29.24,1.62,266
44.83,68.63,13.25,8.8,1.79,30.11,50.82,31.01,45.04,2.91,163
33.51,51.13,43.57,44.67,1.8,32.27,10.28,18.75,38.85,1.71,174
72.29,134.06,13.01,25.04,0.61,50.27,18.37,29.44,52.75,6.47,257
56.91,117.11,26.93,6.43,0.6,51.78,28.12,34.37,58.27,5.12,220
35.32,55.14,49.48,9.05,1.42,64.62,24.0,19.76,57.31,3.13,197
117.31,225.19,3.5,12.14,0.14,26.24,9.12,30.7,67.78,1.67,324
36.46,61.82,56.29,2.95,0.21,11.21,7.68,23.76,67.19,1.22,156
111.31,166.08,38.05,10.73,1.6,29.7,18.17,30.08,41.72,4.71,338
45.42,70.35,120.09,11.02,1.6,39.56,18.16,19.1,28.75,1.95,301
61.86,123.45,7.91,7.31,0.7,13.03,25.98,33.59,65.27,2.68,202
58.13,99.63,36.54,13.31,1.68,60.63,24.23,29.91,67.35,0.1,249
11.84,20.6,27.8,20.56,0.63,22.98,20.81,36.69,60.56,9.25,133
73.88,125.95,29.45,11.75,1.53,41.64,16.98,26.35,49.95,2.9,244
175.52,269.79,63.85,26.24,1.94,39.97,10.97,26.37,87.94,3.01,500
47.7,64.78,47.84,6.63,0.53,103.52,1.34,27.25,89.92,3.38,217
29.37,57.66,23.51,18.49,1.27,127.88,4.04,21.01,77.66,1.69,174
64.69,134.01,28.44,18.02,0.28,90.13,14.23,11.61,59.84,1.25,251
79.07,164.76,10.52,31.84,0.93,41.56,43.55,17.6,46.97,2.89,268
61.54,115.47,9.3,15.91,1.17,67.44,12.74,23.6,61.26,6.05,235
95.4,159.28,15.88,17.54,1.62,69.11,41.53,34.04,64.59,7.15,327
70.46,96.26,19.42,11.05,1.2,54.06,17.19,26.95,46.35,0.2,254
49.9,79.34,32.14,2.76,0.72,13.86,14.09,26.98,97.11,3.21,179
121.85,204.43,29.79,12.46,0.74,16.56,23.74,37.39,26.62,0.76,355
44.35,73.96,13.78,10.96,2.09,25.27,18.94,24.79,70.0,1.88,149
82.72,135.7,20.22,6.91,0.54,18.95,18.81,30.8,34.29,2.93,233
33.84,73.27,21.56,7.39,1.11,15.09,37.08,25.46,41.65,0.73,162
31.74,55.87,3.0,37.03,0.13,58.49,8.81,17.28,59.89,1.66,148
43.21,64.85,4.36,13.54,1.08,25.65,36.79,29.12,36.64,2.1,157
58.36,96.62,28.54,8.14,0.47,5.57,2.46,28.36,48.94,3.0,215
146.22,289.0,2.0,8.53,0.47,10.77,30.88,22.17,12.72,2.34,407
62.73,117.96,10.26,14.06,0.82,22.79,41.95,27.4,40.56,2.38,218
109.33,155.23,48.22,4.44,0.76,30.41,11.54,18.21,30.5,0.4,350
245.38,346.03,6.85,12.33,0.57,94.75,43.49,26.36,72.61,6.91,500
39.51,81.01,23.34,5.43,2.68,29.83,31.95,22.46,60.18,5.63,205
56.53,80.44,16.36,2.32,1.97,27.99,41.12,31.67,65.12,1.23,199
167.52,336.32,28.78,33.5,0.89,30.81,21.14,15.9,79.44,6.75,500
61.97,115.88,18.19,7.51,0.38,53.91,7.96,21.87,96.37,3.49,210
53.12,92.23,43.65,23.92,0.66,47.55,12.76,26.66,63.58,1.09,216
126.91,211.59,61.52,9.44,2.13,30.05,9.45,9.61,62.81,1.43,420
19.79,39.58,23.51,8.69,1.04,27.44,13.33,34.15,57.64,1.42,106
41.66,78.32,103.01,12.68,1.99,63.62,25.5,17.76,67.38,0.93,287
62.3,135.83,80.82,12.38,1.73,7.5,31.24,24.45,85.34,5.17,281
18.8,27.0,31.55,13.96,1.85,31.95,8.82,16.1,55.72,1.48,139
