date,City,No. Stations,Air Quality,Index Value,Prominent Pollutant
01-05-2015,Agra,,Moderate,179,PM10
02-05-2015,Agra,,Moderate,135,PM10
03-05-2015,Agra,,Satisfactory,84,O3
04-05-2015,Agra,,Moderate,104,O3
05-05-2015,Agra,,Satisfactory,88,O3
06-05-2015,Agra,,Satisfactory,91,PM10
07-05-2015,Agra,,Satisfactory,65,PM10
08-05-2015,Agra,,Satisfactory,62,O3
09-05-2015,Agra,,Poor,294,PM10
10-05-2015,Agra,,Satisfactory,56,O3
11-05-2015,Agra,,Satisfactory,78,PM2.5
12-05-2015,Agra,,Moderate,102,PM2.5
13-05-2015,Agra,,Satisfactory,69,PM2.5
14-05-2015,Agra,,Satisfactory,71,PM2.5
15-05-2015,Agra,1,Satisfactory,70,O3
16-05-2015,Agra,1,Satisfactory,87,O3
17-05-2015,Agra,1,Moderate,158,O3
18-05-2015,Agra,1,Satisfactory,93,O3
19-05-2015,Agra,1,Moderate,140,PM2.5
20-05-2015,Agra,1,Satisfactory,76,O3
21-05-2015,Agra,1,Satisfactory,80,PM2.5
22-05-2015,Agra,1,Satisfactory,78,PM2.5
23-05-2015,Agra,1,Moderate,102,PM2.5
27-05-2015,Agra,1,Satisfactory,99,PM2.5
28-05-2015,Agra,1,Moderate,187,PM2.5
29-05-2015,Agra,1,Poor,212,PM2.5
30-05-2015,Agra,1,Satisfactory,92,PM2.5
01-06-2015,Agra,1,Satisfactory,71,PM2.5
02-06-2015,Agra,1,Satisfactory,66,O3
03-06-2015,Agra,1,Satisfactory,66,O3
04-06-2015,Agra,1,Satisfactory,66,O3
05-06-2015,Agra,1,Satisfactory,63,O3
06-06-2015,Agra,1,Moderate,147,PM2.5
07-06-2015,Agra,1,Moderate,127,PM2.5
08-06-2015,Agra,1,Moderate,118,PM2.5
09-06-2015,Agra,1,Moderate,105,PM2.5
10-06-2015,Agra,1,Satisfactory,62,PM2.5
11-06-2015,Agra,1,Good,49,PM2.5
13-06-2015,Agra,1,Satisfactory,61,O3
14-06-2015,Agra,1,Moderate,111,PM2.5
15-06-2015,Agra,1,Satisfactory,73,PM2.5
16-06-2015,Agra,1,Satisfactory,72,O3
17-06-2015,Agra,1,Moderate,145,PM2.5
18-06-2015,Agra,1,Moderate,120,PM2.5
19-06-2015,Agra,1,Moderate,112,PM2.5
20-06-2015,Agra,1,Poor,259,PM2.5
21-06-2015,Agra,1,Good,47,PM2.5
22-06-2015,Agra,1,Good,43,PM2.5
23-06-2015,Agra,1,Satisfactory,51,PM2.5
24-06-2015,Agra,1,Good,46,PM2.5
25-06-2015,Agra,1,Good,29,CO
26-06-2015,Agra,1,Satisfactory,84,PM2.5
27-06-2015,Agra,1,Satisfactory,58,PM2.5
28-06-2015,Agra,1,Satisfactory,69,PM2.5
01-07-2015,Agra,1,Good,42,O3
02-07-2015,Agra,1,Good,48,O3
03-07-2015,Agra,1,Satisfactory,77,PM2.5
04-07-2015,Agra,1,Moderate,107,PM2.5
05-07-2015,Agra,1,Moderate,124,PM2.5
06-07-2015,Agra,1,Poor,229,PM2.5
07-07-2015,Agra,1,Good,37,PM2.5
08-07-2015,Agra,1,Good,46,PM2.5
09-07-2015,Agra,1,Satisfactory,58,PM2.5
10-07-2015,Agra,1,Satisfactory,64,PM2.5
11-07-2015,Agra,1,Satisfactory,81,PM2.5
14-07-2015,Agra,1,Satisfactory,54,PM2.5
15-07-2015,Agra,1,Satisfactory,59,PM2.5
16-07-2015,Agra,1,Satisfactory,96,PM2.5
17-07-2015,Agra,1,Satisfactory,75,PM2.5
18-07-2015,Agra,1,Satisfactory,55,PM2.5
19-07-2015,Agra,1,Good,40,PM2.5
20-07-2015,Agra,1,Good,34,CO
21-07-2015,Agra,1,Satisfactory,88,O3
22-07-2015,Agra,1,Moderate,103,PM2.5
23-07-2015,Agra,1,Good,40,PM2.5
24-07-2015,Agra,1,Good,40,PM2.5
25-07-2015,Agra,1,Satisfactory,59,PM2.5
26-07-2015,Agra,1,Good,19,CO
27-07-2015,Agra,1,Good,26,CO
28-07-2015,Agra,1,Good,24,CO
29-07-2015,Agra,1,Good,28,CO
30-07-2015,Agra,1,Good,32,CO
31-07-2015,Agra,1,Good,34,PM2.5
01-08-2015,Agra,1,Satisfactory,54,PM2.5
02-08-2015,Agra,1,Good,44,PM2.5
03-08-2015,Agra,1,Good,45,PM2.5
04-08-2015,Agra,1,Satisfactory,70,PM2.5
05-08-2015,Agra,1,Poor,262,PM2.5
06-08-2015,Agra,1,Poor,277,PM2.5
07-08-2015,Agra,1,Good,40,PM2.5
08-08-2015,Agra,1,Good,46,PM2.5
09-08-2015,Agra,1,Satisfactory,57,PM2.5
10-08-2015,Agra,1,Good,35,PM2.5
11-08-2015,Agra,1,Moderate,151,PM2.5
12-08-2015,Agra,1,Good,31,CO
13-08-2015,Agra,1,Good,44,PM2.5
14-08-2015,Agra,1,Satisfactory,77,PM2.5
15-08-2015,Agra,1,Good,46,PM2.5
16-08-2015,Agra,1,Good,33,CO
17-08-2015,Agra,1,Good,34,CO
18-08-2015,Agra,1,Good,34,CO
19-08-2015,Agra,1,Good,30,CO
20-08-2015,Agra,1,Good,37,PM2.5
21-08-2015,Agra,1,Satisfactory,54,PM2.5
22-08-2015,Agra,1,Good,49,PM2.5
23-08-2015,Agra,1,Good,43,PM2.5
24-08-2015,Agra,1,Poor,249,PM2.5
25-08-2015,Agra,1,Good,37,PM2.5
26-08-2015,Agra,1,Good,50,PM2.5
27-08-2015,Agra,1,Satisfactory,78,PM2.5
29-08-2015,Agra,1,Satisfactory,70,PM2.5
30-08-2015,Agra,1,Good,50,PM2.5
31-08-2015,Agra,1,Good,48,PM2.5
02-09-2015,Agra,1,Satisfactory,93,PM2.5
03-09-2015,Agra,1,Satisfactory,96,PM2.5
04-09-2015,Agra,1,Satisfactory,93,PM2.5
06-09-2015,Agra,1,Satisfactory,66,PM2.5
07-09-2015,Agra,1,Good,48,PM2.5
08-09-2015,Agra,1,Satisfactory,99,PM2.5
09-09-2015,Agra,1,Satisfactory,58,PM2.5
10-09-2015,Agra,1,Satisfactory,96,PM2.5
11-09-2015,Agra,1,Satisfactory,87,PM2.5
12-09-2015,Agra,1,Moderate,101,PM2.5
13-09-2015,Agra,1,Moderate,174,PM2.5
14-09-2015,Agra,1,Satisfactory,59,PM2.5
15-09-2015,Agra,1,Satisfactory,93,PM2.5
16-09-2015,Agra,1,Severe,404,PM2.5
17-09-2015,Agra,1,Moderate,113,PM2.5
18-09-2015,Agra,1,Good,35,PM2.5
19-09-2015,Agra,1,Satisfactory,67,PM2.5
20-09-2015,Agra,1,Satisfactory,77,PM2.5
21-09-2015,Agra,1,Good,34,PM2.5
22-09-2015,Agra,1,Good,45,PM2.5
23-09-2015,Agra,1,Good,26,PM2.5
24-09-2015,Agra,1,Satisfactory,63,PM2.5
25-09-2015,Agra,1,Satisfactory,69,PM2.5
26-09-2015,Agra,1,Satisfactory,84,PM2.5
27-09-2015,Agra,1,Satisfactory,87,PM2.5
01-10-2015,Agra,1,Moderate,130,PM2.5
03-10-2015,Agra,1,Moderate,144,PM2.5
05-10-2015,Agra,1,Moderate,171,PM2.5
06-10-2015,Agra,1,Moderate,166,PM2.5
07-10-2015,Agra,1,Poor,266,PM2.5
08-10-2015,Agra,1,Poor,252,PM2.5
09-10-2015,Agra,1,Poor,261,PM2.5
10-10-2015,Agra,1,Moderate,152,PM2.5
13-10-2015,Agra,1,Poor,242,PM2.5
15-10-2015,Agra,1,Moderate,155,PM2.5
16-10-2015,Agra,1,Moderate,144,PM2.5
17-10-2015,Agra,1,Poor,202,PM2.5
18-10-2015,Agra,1,Poor,231,PM2.5
19-10-2015,Agra,1,Poor,251,PM2.5
20-10-2015,Agra,1,Poor,253,PM2.5
21-10-2015,Agra,1,Poor,210,PM2.5
23-10-2015,Agra,1,Poor,284,PM2.5
24-10-2015,Agra,1,Poor,261,PM2.5
25-10-2015,Agra,1,Poor,239,PM2.5
26-10-2015,Agra,1,Poor,209,PM2.5
27-10-2015,Agra,1,Poor,262,PM2.5
28-10-2015,Agra,1,Moderate,155,PM2.5
30-10-2015,Agra,1,Moderate,137,PM2.5
31-10-2015,Agra,1,Poor,221,PM2.5
01-11-2015,Agra,1,Poor,259,PM2.5
02-11-2015,Agra,1,Poor,260,PM2.5
03-11-2015,Agra,1,Poor,274,PM2.5
04-11-2015,Agra,1,Poor,292,PM2.5
05-11-2015,Agra,1,Poor,255,PM2.5
06-11-2015,Agra,1,Moderate,183,PM2.5
07-11-2015,Agra,1,Poor,279,PM2.5
08-11-2015,Agra,1,Very Poor,304,PM2.5
09-11-2015,Agra,1,Poor,287,PM2.5
10-11-2015,Agra,1,Very Poor,309,PM2.5
11-11-2015,Agra,1,Very Poor,354,PM2.5
12-11-2015,Agra,1,Very Poor,388,PM2.5
13-11-2015,Agra,1,Very Poor,367,PM2.5
14-11-2015,Agra,1,Severe,412,PM2.5
15-11-2015,Agra,1,Very Poor,377,PM2.5
16-11-2015,Agra,1,Very Poor,347,PM2.5
17-11-2015,Agra,1,Poor,293,PM2.5
18-11-2015,Agra,1,Poor,265,PM2.5
19-11-2015,Agra,1,Very Poor,363,PM2.5
21-11-2015,Agra,1,Very Poor,377,PM2.5
22-11-2015,Agra,1,Very Poor,382,PM2.5
23-11-2015,Agra,1,Severe,413,PM2.5
24-11-2015,Agra,1,Very Poor,392,PM2.5
25-11-2015,Agra,1,Very Poor,336,PM2.5
26-11-2015,Agra,1,Poor,294,PM2.5
27-11-2015,Agra,1,Very Poor,320,PM2.5
28-11-2015,Agra,1,Very Poor,359,PM2.5
29-11-2015,Agra,1,Severe,423,PM2.5
30-11-2015,Agra,1,Very Poor,398,PM2.5
01-12-2015,Agra,1,Very Poor,384,PM2.5
02-12-2015,Agra,1,Very Poor,308,PM2.5
04-12-2015,Agra,1,Very Poor,333,PM2.5
05-12-2015,Agra,1,Very Poor,369,PM2.5
07-12-2015,Agra,1,Very Poor,390,PM2.5
09-12-2015,Agra,1,Very Poor,359,PM2.5
10-12-2015,Agra,1,Very Poor,360,PM2.5
11-12-2015,Agra,1,Very Poor,309,PM2.5
12-12-2015,Agra,1,Very Poor,352,PM2.5
13-12-2015,Agra,1,Poor,278,PM2.5
14-12-2015,Agra,1,Poor,279,PM2.5
15-12-2015,Agra,1,Poor,207,PM2.5
16-12-2015,Agra,1,Poor,287,PM2.5
17-12-2015,Agra,1,Very Poor,341,PM2.5
18-12-2015,Agra,1,Very Poor,370,PM2.5
19-12-2015,Agra,1,Very Poor,379,PM2.5
20-12-2015,Agra,1,Severe,401,PM2.5
21-12-2015,Agra,1,Severe,403,PM2.5
22-12-2015,Agra,1,Severe,427,PM2.5
23-12-2015,Agra,1,Severe,431,PM2.5
24-12-2015,Agra,1,Severe,420,PM2.5
25-12-2015,Agra,1,Poor,253,PM2.5
26-12-2015,Agra,1,Very Poor,320,PM2.5
27-12-2015,Agra,1,Very Poor,317,PM2.5
28-12-2015,Agra,1,Poor,287,PM2.5
29-12-2015,Agra,1,Very Poor,314,PM2.5
30-12-2015,Agra,1,Poor,273,PM2.5
31-12-2015,Agra,1,Severe,412,PM2.5
01-01-2016,Agra,1,Severe,417,PM2.5
02-01-2016,Agra,1,Severe,421,PM2.5
03-01-2016,Agra,1,Severe,403,PM2.5
04-01-2016,Agra,1,Severe,418,PM2.5
05-01-2016,Agra,1,Severe,442,PM2.5
06-01-2016,Agra,1,Severe,414,PM2.5
07-01-2016,Agra,1,Severe,407,PM2.5
08-01-2016,Agra,1,Severe,449,PM2.5
09-01-2016,Agra,1,Poor,298,PM2.5
10-01-2016,Agra,1,Poor,262,PM2.5
11-01-2016,Agra,1,Very Poor,323,PM2.5
12-01-2016,Agra,1,Poor,274,PM2.5
13-01-2016,Agra,1,Very Poor,315,PM2.5
14-01-2016,Agra,1,Very Poor,400,PM2.5
15-01-2016,Agra,1,Very Poor,389,PM2.5
16-01-2016,Agra,1,Very Poor,329,PM2.5
17-01-2016,Agra,1,Very Poor,399,PM2.5
19-01-2016,Agra,1,Very Poor,397,PM2.5
20-01-2016,Agra,1,Very Poor,385,PM2.5
21-01-2016,Agra,1,Very Poor,372,PM2.5
22-01-2016,Agra,1,Severe,403,PM2.5
23-01-2016,Agra,1,Very Poor,360,PM2.5
24-01-2016,Agra,1,Very Poor,383,PM2.5
25-01-2016,Agra,1,Very Poor,346,PM2.5
26-01-2016,Agra,1,Very Poor,400,PM2.5
28-01-2016,Agra,1,Very Poor,387,PM2.5
29-01-2016,Agra,1,Very Poor,389,PM2.5
30-01-2016,Agra,1,Very Poor,371,PM2.5
31-01-2016,Agra,1,Very Poor,391,PM2.5
02-02-2016,Agra,1,Poor,234,PM2.5
03-02-2016,Agra,1,Moderate,188,PM2.5
04-02-2016,Agra,1,Moderate,191,PM2.5
05-02-2016,Agra,1,Poor,276,PM2.5
09-02-2016,Agra,1,Poor,259,PM2.5
10-02-2016,Agra,1,Very Poor,309,PM2.5
11-02-2016,Agra,1,Poor,286,PM2.5
12-02-2016,Agra,1,Poor,290,PM2.5
13-02-2016,Agra,1,Poor,237,PM2.5
18-02-2016,Agra,1,Poor,263,PM2.5
19-02-2016,Agra,1,Poor,293,PM2.5
20-02-2016,Agra,1,Poor,299,PM2.5
21-02-2016,Agra,1,Moderate,180,PM2.5
22-02-2016,Agra,1,Satisfactory,76,PM2.5
23-02-2016,Agra,1,Moderate,159,PM2.5
24-02-2016,Agra,1,Poor,202,PM2.5
25-02-2016,Agra,1,Poor,224,PM2.5
26-02-2016,Agra,1,Poor,227,PM2.5
07-03-2016,Agra,1,Moderate,144,PM2.5
11-03-2016,Agra,1,Moderate,174,PM2.5
12-03-2016,Agra,1,Satisfactory,85,PM2.5
13-03-2016,Agra,1,Satisfactory,61,PM2.5
14-03-2016,Agra,1,Moderate,166,PM2.5
15-03-2016,Agra,1,Moderate,149,PM2.5
16-03-2016,Agra,1,Moderate,143,PM2.5
17-03-2016,Agra,1,Moderate,174,PM2.5
18-03-2016,Agra,1,Moderate,110,PM2.5
19-03-2016,Agra,1,Poor,210,PM2.5
20-03-2016,Agra,1,Moderate,196,PM2.5
21-03-2016,Agra,1,Moderate,153,PM2.5
22-03-2016,Agra,1,Satisfactory,57,PM2.5
23-03-2016,Agra,1,Satisfactory,73,PM2.5
24-03-2016,Agra,1,Moderate,194,PM2.5
25-03-2016,Agra,1,Poor,220,PM2.5
26-03-2016,Agra,1,Moderate,164,PM2.5
27-03-2016,Agra,1,Satisfactory,82,PM2.5
28-03-2016,Agra,1,Moderate,156,PM2.5
29-03-2016,Agra,1,Moderate,150,PM2.5
02-04-2016,Agra,1,Moderate,157,PM2.5
03-04-2016,Agra,1,Poor,214,PM2.5
04-04-2016,Agra,1,Poor,206,PM2.5
08-04-2016,Agra,1,Moderate,192,PM2.5
09-04-2016,Agra,1,Moderate,130,PM2.5
11-04-2016,Agra,1,Moderate,157,PM2.5
12-04-2016,Agra,1,Satisfactory,96,PM2.5
13-04-2016,Agra,1,Satisfactory,67,PM2.5
14-04-2016,Agra,1,Satisfactory,95,PM2.5
15-04-2016,Agra,1,Moderate,151,PM2.5
16-04-2016,Agra,1,Moderate,154,PM2.5
17-04-2016,Agra,1,Moderate,118,PM2.5
19-04-2016,Agra,1,Moderate,105,PM2.5
20-04-2016,Agra,1,Moderate,149,PM2.5
21-04-2016,Agra,1,Satisfactory,81,PM2.5
22-04-2016,Agra,1,Moderate,139,PM2.5
23-04-2016,Agra,1,Moderate,109,PM2.5
27-04-2016,Agra,1,Poor,270,PM2.5
28-04-2016,Agra,1,Severe,500,PM2.5
29-04-2016,Agra,1,Very Poor,396,PM2.5
30-04-2016,Agra,1,Good,35,NO2
01-05-2016,Agra,1,Good,30,NO2
03-05-2016,Agra,1,Moderate,158,PM2.5
13-05-2016,Agra,1,Good,39,O3
14-05-2016,Agra,1,Moderate,159,PM2.5
15-05-2016,Agra,1,Moderate,185,PM2.5
16-05-2016,Agra,1,Moderate,123,PM2.5
17-05-2016,Agra,1,Satisfactory,94,PM2.5
18-05-2016,Agra,1,Moderate,183,PM2.5
19-05-2016,Agra,1,Moderate,135,PM2.5
20-05-2016,Agra,1,Moderate,145,PM2.5
21-05-2016,Agra,1,Very Poor,313,PM2.5
22-05-2016,Agra,1,Moderate,108,PM2.5
23-05-2016,Agra,1,Moderate,163,PM2.5
24-05-2016,Agra,1,Satisfactory,92,PM2.5
25-05-2016,Agra,1,Satisfactory,84,PM2.5
26-05-2016,Agra,1,Satisfactory,95,PM2.5
27-05-2016,Agra,1,Poor,288,PM2.5
28-05-2016,Agra,1,Good,25,CO
02-06-2016,Agra,1,Good,39,O3
03-06-2016,Agra,1,Moderate,177,PM2.5
04-06-2016,Agra,1,Moderate,149,PM2.5
05-06-2016,Agra,1,Moderate,155,PM2.5
08-06-2016,Agra,1,Severe,500,CO
09-06-2016,Agra,1,Satisfactory,99,PM2.5
10-06-2016,Agra,1,Moderate,116,PM2.5
11-06-2016,Agra,1,Moderate,106,PM2.5
12-06-2016,Agra,1,Satisfactory,84,PM2.5
13-06-2016,Agra,1,Satisfactory,95,PM2.5
14-06-2016,Agra,1,Satisfactory,85,PM2.5
16-06-2016,Agra,1,Satisfactory,96,PM2.5
18-06-2016,Agra,1,Moderate,128,PM2.5
21-06-2016,Agra,1,Satisfactory,66,PM2.5
23-06-2016,Agra,1,Moderate,154,PM2.5
24-06-2016,Agra,1,Moderate,129,PM2.5
25-06-2016,Agra,1,Moderate,134,PM2.5
26-06-2016,Agra,1,Moderate,143,PM2.5
27-06-2016,Agra,1,Moderate,109,PM2.5
28-06-2016,Agra,1,Satisfactory,74,PM2.5
29-06-2016,Agra,1,Satisfactory,79,PM2.5
02-07-2016,Agra,1,Satisfactory,74,PM2.5
05-07-2016,Agra,1,Satisfactory,100,PM2.5
06-07-2016,Agra,1,Satisfactory,90,PM2.5
07-07-2016,Agra,1,Moderate,103,PM2.5
09-07-2016,Agra,1,Severe,500,O3
10-07-2016,Agra,1,Moderate,107,PM2.5
11-07-2016,Agra,1,Moderate,109,PM2.5
12-07-2016,Agra,1,Moderate,102,PM2.5
14-07-2016,Agra,1,Moderate,181,PM2.5
15-07-2016,Agra,1,Satisfactory,82,PM2.5
16-07-2016,Agra,1,Satisfactory,64,PM2.5
17-07-2016,Agra,1,Satisfactory,66,PM2.5
18-07-2016,Agra,1,Satisfactory,75,PM2.5
19-07-2016,Agra,1,Moderate,140,PM2.5
20-07-2016,Agra,1,Moderate,133,PM2.5
26-07-2016,Agra,1,Moderate,149,PM2.5
27-07-2016,Agra,1,Moderate,121,PM2.5
28-07-2016,Agra,1,Moderate,142,PM2.5
29-07-2016,Agra,1,Moderate,101,PM2.5
30-07-2016,Agra,1,Satisfactory,73,PM2.5
31-07-2016,Agra,1,Satisfactory,90,PM2.5
01-08-2016,Agra,1,Satisfactory,84,PM2.5
02-08-2016,Agra,1,Satisfactory,79,PM2.5
03-08-2016,Agra,1,Satisfactory,77,PM2.5
05-08-2016,Agra,1,Moderate,106,PM2.5
06-08-2016,Agra,1,Moderate,108,PM2.5
07-08-2016,Agra,1,Satisfactory,73,PM2.5
08-08-2016,Agra,1,Satisfactory,63,PM2.5
09-08-2016,Agra,1,Satisfactory,78,PM2.5
10-08-2016,Agra,1,Satisfactory,53,PM2.5
11-08-2016,Agra,1,Satisfactory,52,PM2.5
12-08-2016,Agra,1,Satisfactory,58,PM2.5
13-08-2016,Agra,1,Moderate,118,PM2.5
14-08-2016,Agra,1,Satisfactory,97,PM2.5
15-08-2016,Agra,1,Satisfactory,67,PM2.5
16-08-2016,Agra,1,Satisfactory,75,PM2.5
17-08-2016,Agra,1,Satisfactory,76,PM2.5
18-08-2016,Agra,1,Moderate,119,PM2.5
19-08-2016,Agra,1,Satisfactory,95,PM2.5
21-08-2016,Agra,1,Good,37,PM2.5
22-08-2016,Agra,1,Good,49,PM2.5
23-08-2016,Agra,1,Satisfactory,66,PM2.5
24-08-2016,Agra,1,Satisfactory,61,PM2.5
25-08-2016,Agra,1,Satisfactory,72,PM2.5
26-08-2016,Agra,1,Satisfactory,65,PM2.5
27-08-2016,Agra,1,Satisfactory,72,PM2.5
28-08-2016,Agra,1,Moderate,114,PM2.5
29-08-2016,Agra,1,Moderate,146,PM2.5
30-08-2016,Agra,1,Satisfactory,56,PM2.5
01-09-2016,Agra,1,Satisfactory,63,PM2.5
02-09-2016,Agra,1,Satisfactory,60,PM2.5
03-09-2016,Agra,1,Satisfactory,66,PM2.5
04-09-2016,Agra,1,Satisfactory,66,PM2.5
05-09-2016,Agra,1,Satisfactory,60,PM2.5
06-09-2016,Agra,1,Satisfactory,60,PM2.5
07-09-2016,Agra,1,Satisfactory,66,PM2.5
15-09-2016,Agra,1,Moderate,136,PM2.5
16-09-2016,Agra,1,Satisfactory,86,PM2.5
17-09-2016,Agra,1,Satisfactory,72,PM2.5
18-09-2016,Agra,1,Moderate,129,PM2.5
19-09-2016,Agra,1,Satisfactory,84,PM2.5
20-09-2016,Agra,1,Moderate,104,PM2.5
21-09-2016,Agra,1,Satisfactory,95,PM2.5
22-09-2016,Agra,1,Satisfactory,76,PM2.5
24-09-2016,Agra,1,Satisfactory,77,PM2.5
26-09-2016,Agra,1,Satisfactory,91,PM2.5
27-09-2016,Agra,1,Satisfactory,81,PM2.5
28-09-2016,Agra,1,Moderate,146,PM2.5
29-09-2016,Agra,1,Moderate,156,PM2.5
30-09-2016,Agra,1,Satisfactory,85,PM2.5
01-10-2016,Agra,1,Satisfactory,96,PM2.5
02-10-2016,Agra,1,Moderate,111,PM2.5
03-10-2016,Agra,1,Satisfactory,91,PM2.5
04-10-2016,Agra,1,Moderate,109,PM2.5
05-10-2016,Agra,1,Moderate,106,PM2.5
06-10-2016,Agra,1,Satisfactory,72,PM2.5
07-10-2016,Agra,1,Poor,238,PM2.5
08-10-2016,Agra,1,Very Poor,315,PM2.5
09-10-2016,Agra,1,Poor,264,PM2.5
10-10-2016,Agra,1,Moderate,113,PM2.5
11-10-2016,Agra,1,Moderate,184,PM2.5
12-10-2016,Agra,1,Poor,214,PM2.5
13-10-2016,Agra,1,Moderate,157,PM2.5
14-10-2016,Agra,1,Moderate,172,PM2.5
15-10-2016,Agra,1,Poor,243,PM2.5
16-10-2016,Agra,1,Poor,300,PM2.5
17-10-2016,Agra,1,Poor,257,PM2.5
18-10-2016,Agra,1,Poor,266,PM2.5
19-10-2016,Agra,1,Poor,272,PM2.5
20-10-2016,Agra,1,Poor,246,PM2.5
22-10-2016,Agra,1,Poor,214,PM2.5
23-10-2016,Agra,1,Poor,201,PM2.5
24-10-2016,Agra,1,Poor,257,PM2.5
25-10-2016,Agra,1,Moderate,176,PM2.5
26-10-2016,Agra,1,Poor,257,PM2.5
27-10-2016,Agra,1,Very Poor,333,PM2.5
28-10-2016,Agra,1,Very Poor,386,PM2.5
29-10-2016,Agra,1,Severe,435,PM2.5
30-10-2016,Agra,1,Severe,401,PM2.5
31-10-2016,Agra,1,Very Poor,384,PM2.5
01-11-2016,Agra,1,Severe,416,PM2.5
02-11-2016,Agra,1,Very Poor,368,PM2.5
05-11-2016,Agra,1,Severe,404,PM2.5
06-11-2016,Agra,1,Severe,491,PM2.5
07-11-2016,Agra,1,Severe,467,PM2.5
08-11-2016,Agra,1,Severe,434,PM2.5
09-11-2016,Agra,1,Severe,405,PM2.5
10-11-2016,Agra,1,Severe,441,PM2.5
11-11-2016,Agra,1,Severe,458,PM2.5
12-11-2016,Agra,1,Severe,413,PM2.5
14-11-2016,Agra,1,Very Poor,335,PM2.5
15-11-2016,Agra,1,Very Poor,333,PM2.5
16-11-2016,Agra,1,Very Poor,341,PM2.5
17-11-2016,Agra,1,Very Poor,364,PM2.5
18-11-2016,Agra,1,Very Poor,343,PM2.5
19-11-2016,Agra,1,Very Poor,396,PM2.5
20-11-2016,Agra,1,Very Poor,353,PM2.5
21-11-2016,Agra,1,Very Poor,364,PM2.5
22-11-2016,Agra,1,Severe,416,CO
23-11-2016,Agra,1,Severe,416,CO
24-11-2016,Agra,1,Very Poor,355,PM2.5
25-11-2016,Agra,1,Poor,292,PM2.5
26-11-2016,Agra,1,Moderate,143,PM2.5
29-11-2016,Agra,1,Poor,298,PM2.5
30-11-2016,Agra,1,Severe,404,PM2.5
01-12-2016,Agra,1,Severe,412,PM2.5
05-12-2016,Agra,1,Very Poor,369,PM2.5
06-12-2016,Agra,1,Severe,418,PM2.5
07-12-2016,Agra,1,Severe,401,PM2.5
08-12-2016,Agra,1,Severe,452,PM2.5
09-12-2016,Agra,1,Severe,426,PM2.5
10-12-2016,Agra,1,Very Poor,366,PM2.5
11-12-2016,Agra,1,Severe,423,PM2.5
12-12-2016,Agra,1,Severe,436,PM2.5
13-12-2016,Agra,1,Very Poor,349,PM2.5
14-12-2016,Agra,1,Very Poor,347,PM2.5
15-12-2016,Agra,1,Poor,284,PM2.5
16-12-2016,Agra,1,Poor,292,PM2.5
17-12-2016,Agra,1,Very Poor,351,PM2.5
18-12-2016,Agra,1,Very Poor,364,PM2.5
19-12-2016,Agra,1,Very Poor,366,PM2.5
20-12-2016,Agra,1,Very Poor,348,PM2.5
22-12-2016,Agra,1,Poor,255,PM2.5
23-12-2016,Agra,1,Very Poor,381,PM2.5
24-12-2016,Agra,1,Severe,483,PM2.5
25-12-2016,Agra,1,Severe,417,PM2.5
27-12-2016,Agra,1,Very Poor,305,PM2.5
28-12-2016,Agra,1,Very Poor,337,PM2.5
29-12-2016,Agra,1,Severe,410,PM2.5
30-12-2016,Agra,1,Very Poor,380,PM2.5
31-12-2016,Agra,1,Severe,423,PM2.5
01-01-2017,Agra,1,Severe,402,PM2.5
02-01-2017,Agra,1,Very Poor,371,PM2.5
03-01-2017,Agra,1,Severe,412,PM2.5
04-01-2017,Agra,1,Very Poor,385,PM2.5
05-01-2017,Agra,1,Very Poor,379,PM2.5
06-01-2017,Agra,1,Very Poor,345,PM2.5
07-01-2017,Agra,1,Very Poor,354,PM2.5
09-01-2017,Agra,1,Very Poor,328,PM2.5
10-01-2017,Agra,1,Poor,285,PM2.5
11-01-2017,Agra,1,Poor,261,PM2.5
12-01-2017,Agra,1,Poor,297,PM2.5
13-01-2017,Agra,1,Very Poor,355,PM2.5
17-01-2017,Agra,1,Very Poor,314,PM2.5
20-01-2017,Agra,1,Poor,286,PM2.5
21-01-2017,Agra,1,Poor,285,PM2.5
22-01-2017,Agra,1,Very Poor,368,PM2.5
23-01-2017,Agra,1,Very Poor,335,PM2.5
24-01-2017,Agra,1,Very Poor,352,PM2.5
25-01-2017,Agra,1,Very Poor,373,PM2.5
26-01-2017,Agra,1,Very Poor,339,PM2.5
27-01-2017,Agra,1,Moderate,114,PM2.5
28-01-2017,Agra,1,Poor,246,PM2.5
29-01-2017,Agra,1,Poor,299,PM2.5
30-01-2017,Agra,1,Very Poor,391,PM2.5
31-01-2017,Agra,1,Very Poor,388,PM2.5
01-02-2017,Agra,1,Very Poor,329,PM2.5
02-02-2017,Agra,1,Poor,291,PM2.5
03-02-2017,Agra,1,Very Poor,348,PM2.5
04-02-2017,Agra,1,Very Poor,343,PM2.5
05-02-2017,Agra,1,Very Poor,321,PM2.5
06-02-2017,Agra,1,Very Poor,357,PM2.5
07-02-2017,Agra,1,Poor,226,PM2.5
08-02-2017,Agra,1,Poor,281,PM2.5
09-02-2017,Agra,1,Very Poor,313,PM2.5
11-02-2017,Agra,1,Poor,244,PM2.5
12-02-2017,Agra,1,Very Poor,304,PM2.5
13-02-2017,Agra,1,Very Poor,334,PM2.5
14-02-2017,Agra,1,Poor,299,PM2.5
15-02-2017,Agra,1,Poor,288,PM2.5
16-02-2017,Agra,1,Poor,257,PM2.5
17-02-2017,Agra,1,Poor,248,PM2.5
18-02-2017,Agra,1,Poor,245,PM2.5
19-02-2017,Agra,1,Moderate,194,PM2.5
20-02-2017,Agra,1,Poor,246,PM2.5
21-02-2017,Agra,1,Moderate,137,PM2.5
22-02-2017,Agra,1,Moderate,191,PM2.5
23-02-2017,Agra,1,Moderate,161,PM2.5
24-02-2017,Agra,1,Moderate,126,PM2.5
25-02-2017,Agra,1,Satisfactory,96,PM2.5
26-02-2017,Agra,1,Moderate,158,PM2.5
27-02-2017,Agra,1,Moderate,168,PM2.5
28-02-2017,Agra,1,Poor,203,PM2.5
01-03-2017,Agra,1,Poor,288,PM2.5
02-03-2017,Agra,1,Poor,206,PM2.5
03-03-2017,Agra,1,Poor,244,PM2.5
04-03-2017,Agra,1,Moderate,179,PM2.5
05-03-2017,Agra,1,Moderate,148,PM2.5
06-03-2017,Agra,1,Moderate,163,PM2.5
07-03-2017,Agra,1,Moderate,175,PM2.5
08-03-2017,Agra,1,Moderate,185,PM2.5
09-03-2017,Agra,1,Moderate,200,PM2.5
10-03-2017,Agra,1,Satisfactory,75,PM2.5
11-03-2017,Agra,1,Satisfactory,84,PM2.5
12-03-2017,Agra,1,Moderate,149,PM2.5
15-03-2017,Agra,1,Poor,231,PM2.5
16-03-2017,Agra,1,Poor,259,PM2.5
17-03-2017,Agra,1,Poor,230,PM2.5
18-03-2017,Agra,1,Moderate,174,PM2.5
19-03-2017,Agra,1,Moderate,105,PM2.5
20-03-2017,Agra,1,Moderate,197,PM2.5
21-03-2017,Agra,1,Moderate,178,PM2.5
22-03-2017,Agra,1,Moderate,188,PM2.5
23-03-2017,Agra,1,Poor,203,PM2.5
24-03-2017,Agra,1,Poor,272,PM2.5
25-03-2017,Agra,1,Moderate,167,PM2.5
26-03-2017,Agra,1,Moderate,111,PM2.5
27-03-2017,Agra,1,Satisfactory,95,PM2.5
28-03-2017,Agra,1,Moderate,146,PM2.5
29-03-2017,Agra,1,Moderate,171,PM2.5
30-03-2017,Agra,1,Moderate,130,PM2.5
31-03-2017,Agra,1,Moderate,162,PM2.5
01-04-2017,Agra,1,Moderate,173,PM2.5
02-04-2017,Agra,1,Moderate,167,PM2.5
03-04-2017,Agra,1,Moderate,158,PM2.5
04-04-2017,Agra,1,Moderate,162,PM2.5
05-04-2017,Agra,1,Satisfactory,61,PM2.5
06-04-2017,Agra,1,Satisfactory,97,PM2.5
07-04-2017,Agra,1,Moderate,199,PM2.5
08-04-2017,Agra,1,Poor,249,PM2.5
09-04-2017,Agra,1,Moderate,194,PM2.5
10-04-2017,Agra,1,Satisfactory,76,PM2.5
11-04-2017,Agra,1,Moderate,123,PM2.5
12-04-2017,Agra,1,Moderate,116,PM2.5
13-04-2017,Agra,1,Poor,207,PM2.5
15-04-2017,Agra,1,Poor,209,PM2.5
16-04-2017,Agra,1,Poor,212,PM2.5
17-04-2017,Agra,1,Poor,212,PM2.5
18-04-2017,Agra,1,Poor,249,PM2.5
19-04-2017,Agra,1,Moderate,157,PM2.5
20-04-2017,Agra,1,Moderate,120,PM2.5
21-04-2017,Agra,1,Moderate,163,PM2.5
22-04-2017,Agra,1,Moderate,186,PM2.5
23-04-2017,Agra,1,Moderate,142,PM2.5
24-04-2017,Agra,1,Moderate,167,PM2.5
25-04-2017,Agra,1,Satisfactory,79,PM2.5
26-04-2017,Agra,1,Satisfactory,72,PM2.5
27-04-2017,Agra,1,Satisfactory,84,PM2.5
28-04-2017,Agra,1,Moderate,103,PM2.5
29-04-2017,Agra,1,Moderate,115,PM2.5
30-04-2017,Agra,1,Satisfactory,82,PM2.5
01-05-2017,Agra,1,Satisfactory,97,PM2.5
02-05-2017,Agra,1,Moderate,148,PM2.5
03-05-2017,Agra,1,Moderate,161,PM2.5
04-05-2017,Agra,1,Satisfactory,96,PM2.5
05-05-2017,Agra,1,Poor,213,PM2.5
06-05-2017,Agra,1,Poor,202,PM2.5
07-05-2017,Agra,1,Poor,249,PM2.5
09-05-2017,Agra,1,Moderate,126,PM2.5
10-05-2017,Agra,1,Moderate,103,PM2.5
11-05-2017,Agra,1,Moderate,111,PM2.5
12-05-2017,Agra,1,Poor,219,PM2.5
14-05-2017,Agra,1,Moderate,192,PM2.5
16-05-2017,Agra,1,Moderate,148,PM2.5
17-05-2017,Agra,1,Moderate,140,PM2.5
18-05-2017,Agra,1,Moderate,102,PM2.5
19-05-2017,Agra,1,Satisfactory,90,PM2.5
20-05-2017,Agra,1,Satisfactory,99,PM2.5
21-05-2017,Agra,1,Moderate,172,PM2.5
22-05-2017,Agra,1,Moderate,130,PM2.5
23-05-2017,Agra,1,Satisfactory,92,PM2.5
24-05-2017,Agra,1,Moderate,120,PM2.5
25-05-2017,Agra,1,Satisfactory,77,PM2.5
26-05-2017,Agra,1,Moderate,140,PM2.5
30-05-2017,Agra,1,Satisfactory,98,PM2.5
31-05-2017,Agra,1,Satisfactory,71,PM2.5
01-06-2017,Agra,1,Poor,209,PM2.5
02-06-2017,Agra,1,Severe,500,PM2.5
03-06-2017,Agra,1,Good,37,NO2
09-06-2017,Agra,1,Satisfactory,68,PM2.5
10-06-2017,Agra,1,Moderate,108,PM2.5
11-06-2017,Agra,1,Satisfactory,84,PM2.5
12-06-2017,Agra,1,Moderate,105,PM2.5
13-06-2017,Agra,1,Satisfactory,92,PM2.5
14-06-2017,Agra,1,Satisfactory,78,PM2.5
15-06-2017,Agra,1,Satisfactory,62,PM2.5
16-06-2017,Agra,1,Satisfactory,70,PM2.5
17-06-2017,Agra,1,Satisfactory,71,PM2.5
19-06-2017,Agra,1,Satisfactory,67,PM2.5
20-06-2017,Agra,1,Satisfactory,66,PM2.5
21-06-2017,Agra,1,Satisfactory,63,PM2.5
22-06-2017,Agra,1,Satisfactory,54,PM2.5
23-06-2017,Agra,1,Satisfactory,80,PM2.5
24-06-2017,Agra,1,Moderate,108,PM2.5
25-06-2017,Agra,1,Satisfactory,89,PM2.5
26-06-2017,Agra,1,Satisfactory,75,PM2.5
27-06-2017,Agra,1,Satisfactory,63,PM2.5
28-06-2017,Agra,1,Satisfactory,58,CO
29-06-2017,Agra,1,Good,45,PM2.5
30-06-2017,Agra,1,Good,49,CO
01-07-2017,Agra,1,Good,39,PM2.5
02-07-2017,Agra,1,Good,47,PM2.5
03-07-2017,Agra,1,Good,41,PM2.5
04-07-2017,Agra,1,Good,48,PM2.5
05-07-2017,Agra,1,Satisfactory,60,PM2.5
06-07-2017,Agra,1,Satisfactory,64,PM2.5
07-07-2017,Agra,1,Satisfactory,74,PM2.5
08-07-2017,Agra,1,Satisfactory,65,PM2.5
09-07-2017,Agra,1,Satisfactory,75,PM2.5
10-07-2017,Agra,1,Satisfactory,60,PM2.5
11-07-2017,Agra,1,Satisfactory,84,PM2.5
12-07-2017,Agra,1,Good,47,PM2.5
13-07-2017,Agra,1,Good,47,PM2.5
14-07-2017,Agra,1,Satisfactory,58,PM2.5
15-07-2017,Agra,1,Satisfactory,86,PM2.5
16-07-2017,Agra,1,Satisfactory,88,PM2.5
17-07-2017,Agra,1,Satisfactory,58,PM2.5
18-07-2017,Agra,1,Satisfactory,81,PM2.5
19-07-2017,Agra,1,Satisfactory,63,PM2.5
21-07-2017,Agra,1,Good,42,PM2.5
22-07-2017,Agra,1,Good,45,PM2.5
23-07-2017,Agra,1,Good,49,PM2.5
24-07-2017,Agra,1,Good,36,PM2.5
25-07-2017,Agra,1,Good,34,PM2.5
26-07-2017,Agra,1,Satisfactory,53,PM2.5
27-07-2017,Agra,1,Good,40,PM2.5
28-07-2017,Agra,1,Satisfactory,54,PM2.5
29-07-2017,Agra,1,Good,46,PM2.5
30-07-2017,Agra,1,Good,48,PM2.5
31-07-2017,Agra,1,Good,39,PM2.5
01-08-2017,Agra,1,Good,43,PM2.5
02-08-2017,Agra,1,Satisfactory,53,PM2.5
03-08-2017,Agra,1,Satisfactory,54,PM2.5
04-08-2017,Agra,1,Satisfactory,57,PM2.5
05-08-2017,Agra,1,Satisfactory,78,PM2.5
06-08-2017,Agra,1,Satisfactory,100,PM2.5
07-08-2017,Agra,1,Satisfactory,97,PM2.5
08-08-2017,Agra,1,Good,41,PM2.5
09-08-2017,Agra,1,Satisfactory,53,PM2.5
10-08-2017,Agra,1,Satisfactory,58,PM2.5
11-08-2017,Agra,1,Good,47,PM2.5
12-08-2017,Agra,1,Good,40,PM2.5
13-08-2017,Agra,1,Good,34,PM2.5
14-08-2017,Agra,1,Good,43,PM2.5
15-08-2017,Agra,1,Satisfactory,52,PM2.5
16-08-2017,Agra,1,Satisfactory,52,PM2.5
17-08-2017,Agra,1,Satisfactory,56,PM2.5
18-08-2017,Agra,1,Satisfactory,64,PM2.5
19-08-2017,Agra,1,Satisfactory,80,PM2.5
20-08-2017,Agra,1,Satisfactory,54,PM2.5
21-08-2017,Agra,1,Satisfactory,57,PM2.5
22-08-2017,Agra,1,Satisfactory,67,PM2.5
23-08-2017,Agra,1,Satisfactory,63,PM2.5
24-08-2017,Agra,1,Satisfactory,64,PM2.5
25-08-2017,Agra,1,Satisfactory,77,PM2.5
26-08-2017,Agra,1,Satisfactory,60,PM2.5
27-08-2017,Agra,1,Good,40,PM2.5
28-08-2017,Agra,1,Satisfactory,51,PM2.5
29-08-2017,Agra,1,Good,48,PM2.5
07-09-2017,Agra,1,Good,48,PM2.5
08-09-2017,Agra,1,Satisfactory,61,PM2.5
09-09-2017,Agra,1,Moderate,167,PM2.5
10-09-2017,Agra,1,Moderate,135,PM2.5
11-09-2017,Agra,1,Satisfactory,90,PM2.5
12-09-2017,Agra,1,Satisfactory,85,PM2.5
13-09-2017,Agra,1,Satisfactory,88,PM2.5
14-09-2017,Agra,1,Satisfactory,77,PM2.5
15-09-2017,Agra,1,Moderate,102,PM2.5
16-09-2017,Agra,1,Poor,223,PM2.5
17-09-2017,Agra,1,Moderate,171,PM2.5
20-09-2017,Agra,1,Satisfactory,83,PM2.5
22-09-2017,Agra,1,Good,46,PM2.5
26-09-2017,Agra,1,Moderate,114,PM2.5
27-09-2017,Agra,1,Moderate,169,PM2.5
04-10-2017,Agra,1,Poor,229,PM2.5
05-10-2017,Agra,1,Poor,273,PM2.5
06-10-2017,Agra,1,Poor,260,PM2.5
07-10-2017,Agra,1,Poor,220,PM2.5
08-10-2017,Agra,1,Poor,242,PM2.5
09-10-2017,Agra,1,Poor,241,PM2.5
10-10-2017,Agra,1,Poor,228,PM2.5
11-10-2017,Agra,1,Poor,227,PM2.5
12-10-2017,Agra,1,Poor,215,PM2.5
13-10-2017,Agra,1,Poor,248,PM2.5
15-10-2017,Agra,1,Satisfactory,53,NO2
16-10-2017,Agra,1,Poor,267,PM2.5
17-10-2017,Agra,1,Poor,293,PM2.5
18-10-2017,Agra,1,Very Poor,310,PM2.5
19-10-2017,Agra,1,Very Poor,332,PM2.5
20-10-2017,Agra,1,Poor,257,PM2.5
21-10-2017,Agra,1,Very Poor,311,PM2.5
22-10-2017,Agra,1,Very Poor,345,PM2.5
23-10-2017,Agra,1,Poor,251,PM2.5
24-10-2017,Agra,1,Poor,280,PM2.5
25-10-2017,Agra,1,Very Poor,314,PM2.5
26-10-2017,Agra,1,Very Poor,362,PM2.5
27-10-2017,Agra,1,Very Poor,352,PM2.5
28-10-2017,Agra,1,Very Poor,316,PM2.5
29-10-2017,Agra,1,Very Poor,304,PM2.5
30-10-2017,Agra,1,Very Poor,326,PM2.5
31-10-2017,Agra,1,Very Poor,346,PM2.5
01-11-2017,Agra,1,Very Poor,312,PM2.5
02-11-2017,Agra,1,Poor,294,PM2.5
03-11-2017,Agra,1,Very Poor,323,PM2.5
04-11-2017,Agra,1,Very Poor,357,PM2.5
05-11-2017,Agra,1,Very Poor,355,PM2.5
06-11-2017,Agra,1,Very Poor,337,PM2.5
07-11-2017,Agra,1,Very Poor,355,PM2.5
08-11-2017,Agra,1,Very Poor,394,PM2.5
09-11-2017,Agra,1,Severe,449,PM2.5
10-11-2017,Agra,1,Severe,404,PM2.5
11-11-2017,Agra,1,Severe,450,PM2.5
12-11-2017,Agra,1,Severe,410,PM2.5
13-11-2017,Agra,1,Very Poor,385,PM2.5
14-11-2017,Agra,1,Very Poor,377,PM2.5
15-11-2017,Agra,1,Very Poor,354,PM2.5
16-11-2017,Agra,1,Very Poor,343,PM2.5
17-11-2017,Agra,1,Very Poor,344,PM2.5
18-11-2017,Agra,1,Very Poor,361,PM2.5
19-11-2017,Agra,1,Very Poor,332,PM2.5
20-11-2017,Agra,1,Very Poor,331,PM2.5
21-11-2017,Agra,1,Poor,296,PM2.5
22-11-2017,Agra,1,Very Poor,316,PM2.5
23-11-2017,Agra,1,Poor,250,PM2.5
24-11-2017,Agra,1,Poor,292,PM2.5
25-11-2017,Agra,1,Very Poor,344,PM2.5
27-11-2017,Agra,1,Very Poor,335,PM2.5
28-11-2017,Agra,1,Very Poor,317,PM2.5
29-11-2017,Agra,1,Poor,262,PM2.5
30-11-2017,Agra,1,Very Poor,319,PM2.5
01-12-2017,Agra,1,Very Poor,321,PM2.5
02-12-2017,Agra,1,Very Poor,326,PM2.5
03-12-2017,Agra,1,Very Poor,377,PM2.5
04-12-2017,Agra,1,Severe,408,PM2.5
05-12-2017,Agra,1,Severe,424,PM2.5
06-12-2017,Agra,1,Very Poor,347,PM2.5
07-12-2017,Agra,1,Poor,218,PM2.5
08-12-2017,Agra,1,Poor,240,PM2.5
09-12-2017,Agra,1,Poor,288,PM2.5
10-12-2017,Agra,1,Very Poor,337,PM2.5
11-12-2017,Agra,1,Very Poor,373,PM2.5
12-12-2017,Agra,1,Very Poor,351,PM2.5
13-12-2017,Agra,1,Very Poor,354,PM2.5
14-12-2017,Agra,1,Very Poor,359,PM2.5
15-12-2017,Agra,1,Very Poor,354,PM2.5
16-12-2017,Agra,1,Very Poor,315,PM2.5
17-12-2017,Agra,1,Moderate,198,PM2.5
18-12-2017,Agra,1,Poor,214,PM2.5
19-12-2017,Agra,1,Poor,293,PM2.5
20-12-2017,Agra,1,Very Poor,374,PM2.5
21-12-2017,Agra,1,Severe,486,PM2.5
22-12-2017,Agra,1,Severe,402,PM2.5
23-12-2017,Agra,1,Moderate,190,PM2.5
24-12-2017,Agra,1,Very Poor,307,PM2.5
27-12-2017,Agra,1,Very Poor,391,PM2.5
28-12-2017,Agra,1,Very Poor,397,PM2.5
29-12-2017,Agra,1,Severe,412,PM2.5
30-12-2017,Agra,1,Severe,429,PM2.5
31-12-2017,Agra,1,Very Poor,388,PM2.5
01-01-2018,Agra,1,Severe,448,PM2.5
02-01-2018,Agra,1,Very Poor,391,PM2.5
03-01-2018,Agra,1,Very Poor,400,PM2.5
04-01-2018,Agra,1,Severe,434,PM2.5
05-01-2018,Agra,1,Very Poor,384,PM2.5
06-01-2018,Agra,1,Very Poor,383,PM2.5
07-01-2018,Agra,1,Very Poor,394,PM2.5
08-01-2018,Agra,1,Very Poor,315,PM2.5
09-01-2018,Agra,1,Very Poor,359,PM2.5
10-01-2018,Agra,1,Very Poor,353,PM2.5
11-01-2018,Agra,1,Poor,297,PM2.5
12-01-2018,Agra,1,Poor,271,PM2.5
13-01-2018,Agra,1,Very Poor,374,PM2.5
14-01-2018,Agra,1,Very Poor,337,PM2.5
15-01-2018,Agra,1,Very Poor,369,PM2.5
16-01-2018,Agra,1,Poor,293,PM2.5
17-01-2018,Agra,1,Very Poor,356,PM2.5
18-01-2018,Agra,1,Very Poor,386,PM2.5
19-01-2018,Agra,1,Very Poor,383,PM2.5
20-01-2018,Agra,1,Very Poor,352,PM2.5
21-01-2018,Agra,1,Very Poor,339,PM2.5
22-01-2018,Agra,1,Very Poor,351,PM2.5
23-01-2018,Agra,1,Very Poor,333,PM2.5
24-01-2018,Agra,1,Very Poor,327,PM2.5
25-01-2018,Agra,1,Very Poor,336,PM2.5
26-01-2018,Agra,1,Very Poor,379,PM2.5
27-01-2018,Agra,1,Very Poor,353,PM2.5
28-01-2018,Agra,1,Very Poor,392,PM2.5
29-01-2018,Agra,1,Severe,410,PM2.5
30-01-2018,Agra,1,Poor,266,PM2.5
31-01-2018,Agra,1,Moderate,194,PM2.5
01-02-2018,Agra,1,Moderate,189,PM2.5
02-02-2018,Agra,1,Very Poor,304,PM2.5
03-02-2018,Agra,1,Very Poor,308,PM2.5
04-02-2018,Agra,1,Poor,232,PM2.5
05-02-2018,Agra,1,Poor,253,PM2.5
06-02-2018,Agra,1,Very Poor,308,PM2.5
07-02-2018,Agra,1,Poor,243,PM2.5
08-02-2018,Agra,1,Poor,278,PM2.5
09-02-2018,Agra,1,Poor,281,PM2.5
10-02-2018,Agra,1,Very Poor,325,PM2.5
11-02-2018,Agra,1,Poor,283,PM2.5
12-02-2018,Agra,1,Moderate,162,PM2.5
13-02-2018,Agra,1,Moderate,165,PM2.5
14-02-2018,Agra,1,Poor,205,PM2.5
15-02-2018,Agra,1,Satisfactory,99,PM2.5
16-02-2018,Agra,1,Moderate,174,PM2.5
17-02-2018,Agra,1,Moderate,199,PM2.5
18-02-2018,Agra,1,Poor,250,PM2.5
19-02-2018,Agra,1,Poor,251,PM2.5
20-02-2018,Agra,1,Poor,287,PM2.5
21-02-2018,Agra,1,Poor,275,PM2.5
22-02-2018,Agra,1,Poor,285,PM2.5
23-02-2018,Agra,1,Poor,276,PM2.5
24-02-2018,Agra,1,Poor,229,PM2.5
25-02-2018,Agra,1,Poor,291,PM2.5
26-02-2018,Agra,1,Moderate,155,PM2.5
27-02-2018,Agra,1,Moderate,103,PM2.5
28-02-2018,Agra,1,Moderate,196,PM2.5
01-03-2018,Agra,1,Poor,270,PM2.5
02-03-2018,Agra,1,Poor,290,PM2.5
03-03-2018,Agra,1,Moderate,158,PM2.5
04-03-2018,Agra,1,Moderate,192,PM2.5
05-03-2018,Agra,1,Satisfactory,97,PM2.5
06-03-2018,Agra,1,Moderate,128,PM2.5
07-03-2018,Agra,1,Moderate,118,PM2.5
08-03-2018,Agra,1,Poor,209,PM2.5
09-03-2018,Agra,1,Moderate,196,PM2.5
10-03-2018,Agra,1,Poor,211,PM2.5
11-03-2018,Agra,1,Moderate,194,PM2.5
12-03-2018,Agra,1,Moderate,177,PM2.5
13-03-2018,Agra,1,Moderate,192,PM2.5
14-03-2018,Agra,1,Moderate,197,PM2.5
15-03-2018,Agra,1,Poor,219,PM2.5
16-03-2018,Agra,1,Moderate,180,PM2.5
17-03-2018,Agra,1,Poor,211,PM2.5
18-03-2018,Agra,1,Moderate,135,PM2.5
19-03-2018,Agra,1,Moderate,197,PM2.5
20-03-2018,Agra,1,Poor,224,PM2.5
21-03-2018,Agra,1,Moderate,195,PM2.5
22-03-2018,Agra,1,Poor,210,PM2.5
23-03-2018,Agra,1,Moderate,153,PM2.5
24-03-2018,Agra,1,Moderate,180,PM2.5
25-03-2018,Agra,1,Moderate,170,PM2.5
26-03-2018,Agra,1,Moderate,134,PM2.5
27-03-2018,Agra,1,Moderate,165,PM2.5
28-03-2018,Agra,1,Moderate,181,PM2.5
29-03-2018,Agra,1,Moderate,172,PM2.5
30-03-2018,Agra,1,Poor,217,PM2.5
31-03-2018,Agra,1,Moderate,107,PM2.5
01-04-2018,Agra,1,Moderate,107,PM2.5
02-04-2018,Agra,1,Moderate,140,PM2.5
04-04-2018,Agra,1,Moderate,194,PM2.5
05-04-2018,Agra,1,Moderate,169,PM2.5
08-04-2018,Agra,1,Satisfactory,95,PM2.5
09-04-2018,Agra,1,Moderate,120,PM2.5
10-04-2018,Agra,1,Moderate,100,PM2.5
11-04-2018,Agra,1,Moderate,110,PM2.5
14-04-2018,Agra,1,Moderate,197,PM2.5
15-04-2018,Agra,1,Moderate,192,PM2.5
16-04-2018,Agra,1,Poor,206,PM2.5
17-04-2018,Agra,1,Satisfactory,82,PM2.5
18-04-2018,Agra,1,Moderate,172,PM2.5
19-04-2018,Agra,1,Moderate,136,PM2.5
20-04-2018,Agra,1,Moderate,169,PM2.5
21-04-2018,Agra,1,Poor,245,PM2.5
22-04-2018,Agra,1,Moderate,140,PM2.5
23-04-2018,Agra,1,Satisfactory,91,PM2.5
24-04-2018,Agra,1,Moderate,143,PM2.5
25-04-2018,Agra,1,Moderate,128,PM2.5
26-04-2018,Agra,1,Moderate,152,PM2.5
27-04-2018,Agra,1,Moderate,159,PM2.5
28-04-2018,Agra,1,Moderate,154,PM2.5
29-04-2018,Agra,1,Moderate,156,PM2.5
30-04-2018,Agra,1,Satisfactory,89,PM2.5
01-05-2018,Agra,1,Satisfactory,87,PM2.5
02-05-2018,Agra,1,Satisfactory,96,PM2.5
03-05-2018,Agra,1,Satisfactory,89,PM2.5
04-05-2018,Agra,1,Satisfactory,84,PM2.5
05-05-2018,Agra,1,Moderate,160,PM2.5
06-05-2018,Agra,1,Moderate,170,PM2.5
07-05-2018,Agra,1,Moderate,137,PM2.5
08-05-2018,Agra,1,Moderate,158,PM2.5
09-05-2018,Agra,1,Moderate,112,PM2.5
10-05-2018,Agra,1,Moderate,111,PM2.5
11-05-2018,Agra,1,Poor,216,PM2.5
12-05-2018,Agra,1,Poor,218,PM2.5
14-05-2018,Agra,1,Satisfactory,99,PM2.5
15-05-2018,Agra,1,Moderate,102,PM2.5
16-05-2018,Agra,1,Poor,220,PM2.5
17-05-2018,Agra,1,Poor,289,PM2.5
18-05-2018,Agra,1,Poor,222,PM2.5
19-05-2018,Agra,1,Poor,229,PM2.5
20-05-2018,Agra,1,Poor,202,PM2.5
21-05-2018,Agra,1,Moderate,151,PM2.5
22-05-2018,Agra,1,Moderate,165,PM2.5
23-05-2018,Agra,1,Moderate,196,PM2.5
24-05-2018,Agra,1,Poor,202,PM2.5
25-05-2018,Agra,1,Moderate,111,PM2.5
26-05-2018,Agra,1,Moderate,191,PM2.5
27-05-2018,Agra,1,Moderate,152,PM2.5
28-05-2018,Agra,1,Moderate,193,PM2.5
29-05-2018,Agra,1,Moderate,173,PM2.5
30-05-2018,Agra,1,Moderate,184,PM2.5
31-05-2018,Agra,1,Moderate,131,PM2.5
01-06-2018,Agra,1,Moderate,159,PM2.5
02-06-2018,Agra,1,Moderate,139,PM2.5
03-06-2018,Agra,1,Moderate,121,PM2.5
04-06-2018,Agra,1,Moderate,136,PM2.5
05-06-2018,Agra,1,Moderate,119,PM2.5
06-06-2018,Agra,1,Moderate,119,PM2.5
07-06-2018,Agra,1,Moderate,101,PM2.5
08-06-2018,Agra,1,Moderate,162,PM2.5
09-06-2018,Agra,1,Moderate,125,PM2.5
10-06-2018,Agra,1,Moderate,102,PM2.5
11-06-2018,Agra,1,Satisfactory,98,PM2.5
12-06-2018,Agra,1,Moderate,123,PM2.5
13-06-2018,Agra,1,Moderate,108,PM2.5
14-06-2018,Agra,1,Satisfactory,93,PM2.5
15-06-2018,Agra,1,Moderate,105,PM2.5
16-06-2018,Agra,1,Satisfactory,77,PM2.5
17-06-2018,Agra,1,Satisfactory,74,PM2.5
18-06-2018,Agra,1,Moderate,125,PM2.5
19-06-2018,Agra,1,Satisfactory,78,PM2.5
20-06-2018,Agra,1,Satisfactory,67,PM2.5
21-06-2018,Agra,1,Moderate,160,PM2.5
22-06-2018,Agra,1,Moderate,128,PM2.5
23-06-2018,Agra,1,Moderate,105,PM2.5
24-06-2018,Agra,1,Moderate,149,PM2.5
25-06-2018,Agra,1,Satisfactory,85,PM2.5
26-06-2018,Agra,1,Satisfactory,67,PM2.5
27-06-2018,Agra,1,Satisfactory,72,PM2.5
28-06-2018,Agra,1,Good,45,PM2.5
02-07-2018,Agra,1,Satisfactory,75,PM2.5
03-07-2018,Agra,1,Satisfactory,65,PM2.5
04-07-2018,Agra,1,Satisfactory,50,PM2.5
05-07-2018,Agra,1,Satisfactory,62,PM2.5
06-07-2018,Agra,1,Satisfactory,53,PM2.5
07-07-2018,Agra,1,Moderate,124,PM2.5
08-07-2018,Agra,1,Poor,208,PM2.5
10-07-2018,Agra,1,Satisfactory,72,PM2.5
11-07-2018,Agra,1,Satisfactory,70,PM2.5
12-07-2018,Agra,1,Satisfactory,67,PM2.5
13-07-2018,Agra,1,Satisfactory,57,PM2.5
14-07-2018,Agra,1,Satisfactory,54,NO2
15-07-2018,Agra,1,Satisfactory,52,NO2
16-07-2018,Agra,1,Satisfactory,59,PM2.5
17-07-2018,Agra,1,Good,47,NO2
18-07-2018,Agra,1,Good,48,PM2.5
19-07-2018,Agra,1,Satisfactory,52,NO2
20-07-2018,Agra,1,Satisfactory,52,NO2
21-07-2018,Agra,1,Satisfactory,59,NO2
22-07-2018,Agra,1,Satisfactory,51,NO2
23-07-2018,Agra,1,Satisfactory,51,NO2
24-07-2018,Agra,1,Good,48,NO2
25-07-2018,Agra,1,Satisfactory,51,NO2
26-07-2018,Agra,1,Good,47,CO
29-07-2018,Agra,1,Satisfactory,75,PM2.5
30-07-2018,Agra,1,Satisfactory,69,PM2.5
31-07-2018,Agra,1,Satisfactory,58,PM2.5
01-08-2018,Agra,1,Satisfactory,85,PM2.5
04-08-2018,Agra,1,Satisfactory,94,PM2.5
05-08-2018,Agra,1,Satisfactory,81,PM2.5
06-08-2018,Agra,1,Satisfactory,83,PM2.5
07-08-2018,Agra,1,Satisfactory,64,PM2.5
08-08-2018,Agra,1,Satisfactory,51,PM2.5
09-08-2018,Agra,1,Satisfactory,55,PM2.5
10-08-2018,Agra,1,Satisfactory,71,PM2.5
11-08-2018,Agra,1,Satisfactory,53,PM2.5
12-08-2018,Agra,1,Good,45,NO2
13-08-2018,Agra,1,Good,48,PM2.5
14-08-2018,Agra,1,Satisfactory,50,PM2.5
15-08-2018,Agra,1,Satisfactory,54,PM2.5
16-08-2018,Agra,1,Satisfactory,69,NO2
17-08-2018,Agra,1,Satisfactory,52,NO2
18-08-2018,Agra,1,Satisfactory,50,PM2.5
19-08-2018,Agra,1,Satisfactory,67,PM2.5
20-08-2018,Agra,1,Satisfactory,52,PM2.5
21-08-2018,Agra,1,Good,45,NO2
22-08-2018,Agra,1,Good,48,PM2.5
23-08-2018,Agra,1,Good,46,NO2
24-08-2018,Agra,1,Good,44,NO2
25-08-2018,Agra,1,Good,43,NO2
26-08-2018,Agra,1,Good,45,NO2
27-08-2018,Agra,1,Good,48,NO2
28-08-2018,Agra,1,Good,44,NO2
29-08-2018,Agra,1,Good,42,NO2
30-08-2018,Agra,1,Good,41,NO2
31-08-2018,Agra,1,Good,47,PM2.5
01-09-2018,Agra,1,Good,48,PM2.5
02-09-2018,Agra,1,Good,41,PM2.5
03-09-2018,Agra,1,Satisfactory,54,PM2.5
04-09-2018,Agra,1,Satisfactory,61,PM2.5
05-09-2018,Agra,1,Good,48,PM2.5
06-09-2018,Agra,1,Satisfactory,51,PM2.5
07-09-2018,Agra,1,Satisfactory,56,NO2
08-09-2018,Agra,1,Good,49,PM2.5
09-09-2018,Agra,1,Good,27,PM2.5
10-09-2018,Agra,1,Good,44,PM2.5
11-09-2018,Agra,1,Satisfactory,51,PM2.5
12-09-2018,Agra,1,Good,39,PM2.5
13-09-2018,Agra,1,Good,37,PM2.5
14-09-2018,Agra,1,Good,47,PM2.5
15-09-2018,Agra,1,Good,47,PM2.5
16-09-2018,Agra,1,Satisfactory,50,PM2.5
17-09-2018,Agra,1,Satisfactory,62,PM2.5
18-09-2018,Agra,1,Satisfactory,95,PM2.5
19-09-2018,Agra,1,Moderate,109,PM2.5
20-09-2018,Agra,1,Satisfactory,89,PM2.5
21-09-2018,Agra,1,Satisfactory,94,PM2.5
22-09-2018,Agra,1,Good,30,PM2.5
23-09-2018,Agra,1,Satisfactory,60,PM2.5
24-09-2018,Agra,1,Good,29,NO2
25-09-2018,Agra,1,Satisfactory,63,OZONE
26-09-2018,Agra,1,Satisfactory,56,PM2.5
27-09-2018,Agra,1,Satisfactory,97,PM2.5
28-09-2018,Agra,1,Moderate,125,PM2.5
29-09-2018,Agra,1,Satisfactory,76,PM2.5
30-09-2018,Agra,1,Satisfactory,84,PM2.5
01-10-2018,Agra,1,Satisfactory,96,OZONE
02-10-2018,Agra,1,Moderate,115,PM2.5
03-10-2018,Agra,1,Satisfactory,82,PM2.5
04-10-2018,Agra,1,Satisfactory,77,OZONE
05-10-2018,Agra,1,Moderate,101,PM2.5
06-10-2018,Agra,1,Moderate,199,OZONE
07-10-2018,Agra,1,Poor,234,OZONE
08-10-2018,Agra,1,Moderate,174,PM2.5
09-10-2018,Agra,1,Satisfactory,98,PM2.5
12-10-2018,Agra,1,Satisfactory,73,PM2.5
13-10-2018,Agra,1,Very Poor,336,NO2
14-10-2018,Agra,1,Poor,250,OZONE
15-10-2018,Agra,1,Poor,234,PM2.5
16-10-2018,Agra,1,Poor,238,PM2.5
17-10-2018,Agra,1,Poor,243,OZONE
18-10-2018,Agra,1,Poor,245,PM2.5
19-10-2018,Agra,1,Moderate,138,PM2.5
20-10-2018,Agra,1,Poor,261,PM2.5
21-10-2018,Agra,1,Poor,225,PM2.5
22-10-2018,Agra,1,Poor,217,PM2.5
23-10-2018,Agra,1,Poor,251,PM2.5
24-10-2018,Agra,1,Poor,254,PM2.5
26-10-2018,Agra,1,Poor,250,PM2.5
27-10-2018,Agra,1,Poor,292,PM2.5
28-10-2018,Agra,1,Very Poor,315,PM2.5
29-10-2018,Agra,1,Very Poor,325,PM2.5
30-10-2018,Agra,1,Very Poor,354,PM2.5
31-10-2018,Agra,1,Very Poor,360,PM2.5
01-11-2018,Agra,1,Very Poor,340,PM2.5
02-11-2018,Agra,1,Poor,299,PM2.5
03-11-2018,Agra,1,Moderate,199,PM2.5
04-11-2018,Agra,1,Poor,244,PM2.5
05-11-2018,Agra,1,Very Poor,355,PM2.5
06-11-2018,Agra,1,Very Poor,353,PM2.5
07-11-2018,Agra,1,Poor,272,PM2.5
08-11-2018,Agra,1,Very Poor,355,PM2.5
09-11-2018,Agra,1,Severe,408,PM2.5
10-11-2018,Agra,1,Very Poor,386,PM2.5
11-11-2018,Agra,1,Very Poor,399,PM2.5
12-11-2018,Agra,1,Very Poor,338,PM2.5
13-11-2018,Agra,1,Very Poor,317,PM2.5
14-11-2018,Agra,1,Poor,222,PM2.5
15-11-2018,Agra,1,Poor,262,PM2.5
16-11-2018,Agra,1,Poor,279,PM2.5
17-11-2018,Agra,1,Poor,268,PM2.5
19-11-2018,Agra,1,Very Poor,327,PM2.5
20-11-2018,Agra,1,Very Poor,345,PM2.5
21-11-2018,Agra,1,Very Poor,348,PM2.5
22-11-2018,Agra,1,Very Poor,340,PM2.5
23-11-2018,Agra,1,Very Poor,343,PM2.5
24-11-2018,Agra,1,Poor,225,PM2.5
25-11-2018,Agra,1,Moderate,185,PM2.5
26-11-2018,Agra,1,Poor,296,PM2.5
27-11-2018,Agra,1,Severe,404,PM2.5
28-11-2018,Agra,1,Very Poor,361,PM2.5
29-11-2018,Agra,1,Very Poor,364,PM2.5
30-11-2018,Agra,1,Very Poor,350,PM2.5
01-12-2018,Agra,1,Very Poor,318,PM2.5
02-12-2018,Agra,1,Very Poor,323,PM2.5
03-12-2018,Agra,1,Very Poor,326,PM2.5
04-12-2018,Agra,1,Very Poor,361,PM2.5
05-12-2018,Agra,1,Very Poor,348,PM2.5
06-12-2018,Agra,1,Very Poor,368,PM2.5
07-12-2018,Agra,1,Very Poor,352,PM2.5
08-12-2018,Agra,1,Very Poor,378,PM2.5
09-12-2018,Agra,1,Severe,419,PM2.5
10-12-2018,Agra,1,Very Poor,382,PM2.5
11-12-2018,Agra,1,Very Poor,383,PM2.5
12-12-2018,Agra,1,Very Poor,364,PM2.5
13-12-2018,Agra,1,Very Poor,340,PM2.5
14-12-2018,Agra,1,Poor,293,PM2.5
15-12-2018,Agra,1,Poor,231,PM2.5
16-12-2018,Agra,1,Very Poor,318,PM2.5
17-12-2018,Agra,1,Very Poor,354,PM2.5
18-12-2018,Agra,1,Very Poor,365,PM2.5
20-12-2018,Agra,1,Very Poor,390,PM2.5
21-12-2018,Agra,1,Very Poor,375,PM2.5
22-12-2018,Agra,1,Severe,412,PM2.5
23-12-2018,Agra,1,Very Poor,395,PM2.5
24-12-2018,Agra,1,Severe,421,PM2.5
25-12-2018,Agra,1,Severe,428,PM2.5
26-12-2018,Agra,1,Very Poor,383,PM2.5
27-12-2018,Agra,1,Severe,407,PM2.5
28-12-2018,Agra,1,Very Poor,332,PM2.5
29-12-2018,Agra,1,Very Poor,343,PM2.5
30-12-2018,Agra,1,Very Poor,376,PM2.5
31-12-2018,Agra,1,Severe,408,PM2.5
01-01-2019,Agra,1,Severe,414,PM2.5
02-01-2019,Agra,1,Severe,407,PM2.5
03-01-2019,Agra,1,Severe,406,PM2.5
04-01-2019,Agra,1,Very Poor,372,PM2.5
05-01-2019,Agra,1,Very Poor,362,PM2.5
06-01-2019,Agra,1,Very Poor,383,PM2.5
08-01-2019,Agra,1,Very Poor,306,PM2.5
09-01-2019,Agra,1,Poor,288,PM2.5
10-01-2019,Agra,1,Poor,267,PM2.5
11-01-2019,Agra,1,Very Poor,374,PM2.5
12-01-2019,Agra,1,Very Poor,377,PM2.5
13-01-2019,Agra,1,Severe,405,PM2.5
14-01-2019,Agra,1,Very Poor,310,PM2.5
15-01-2019,Agra,1,Moderate,134,PM2.5
16-01-2019,Agra,1,Very Poor,356,PM2.5
17-01-2019,Agra,1,Very Poor,387,PM2.5
18-01-2019,Agra,1,Very Poor,396,PM2.5
19-01-2019,Agra,1,Very Poor,359,PM2.5
20-01-2019,Agra,1,Very Poor,338,PM2.5
21-01-2019,Agra,1,Poor,264,PM2.5
22-01-2019,Agra,1,Moderate,194,PM2.5
23-01-2019,Agra,1,Very Poor,312,PM2.5
24-01-2019,Agra,1,Very Poor,314,PM2.5
25-01-2019,Agra,1,Moderate,166,PM2.5
26-01-2019,Agra,1,Poor,259,PM2.5
27-01-2019,Agra,1,Poor,201,PM2.5
28-01-2019,Agra,1,Moderate,198,PM2.5
29-01-2019,Agra,1,Moderate,184,PM2.5
30-01-2019,Agra,1,Poor,250,PM2.5
31-01-2019,Agra,1,Poor,277,PM2.5
01-02-2019,Agra,1,Poor,289,PM2.5
02-02-2019,Agra,1,Very Poor,336,PM2.5
05-02-2019,Agra,1,Very Poor,369,PM2.5
06-02-2019,Agra,1,Poor,291,PM2.5
07-02-2019,Agra,1,Moderate,142,PM2.5
08-02-2019,Agra,1,Moderate,122,PM2.5
09-02-2019,Agra,1,Moderate,103,PM2.5
10-02-2019,Agra,1,Poor,236,PM2.5
11-02-2019,Agra,1,Poor,271,PM2.5
12-02-2019,Agra,1,Very Poor,319,PM2.5
13-02-2019,Agra,1,Very Poor,328,PM2.5
14-02-2019,Agra,1,Very Poor,308,PM2.5
15-02-2019,Agra,1,Poor,278,PM2.5
16-02-2019,Agra,1,Poor,272,PM2.5
17-02-2019,Agra,1,Poor,241,PM2.5
18-02-2019,Agra,1,Poor,254,PM2.5
19-02-2019,Agra,1,Moderate,113,PM2.5
20-02-2019,Agra,1,Poor,228,PM2.5
21-02-2019,Agra,1,Poor,207,PM2.5
22-02-2019,Agra,1,Moderate,168,PM2.5
23-02-2019,Agra,1,Satisfactory,76,PM2.5
24-02-2019,Agra,1,Moderate,132,PM2.5
25-02-2019,Agra,1,Poor,242,PM2.5
26-02-2019,Agra,1,Satisfactory,81,PM2.5
27-02-2019,Agra,1,Satisfactory,91,PM2.5
28-02-2019,Agra,1,Moderate,114,PM2.5
01-03-2019,Agra,1,Moderate,193,PM2.5
02-03-2019,Agra,1,Poor,255,PM2.5
03-03-2019,Agra,1,Moderate,139,PM2.5
04-03-2019,Agra,1,Moderate,125,PM2.5
05-03-2019,Agra,1,Moderate,110,PM2.5
06-03-2019,Agra,1,Moderate,143,PM2.5
07-03-2019,Agra,1,Moderate,181,PM2.5
08-03-2019,Agra,1,Poor,232,PM2.5
09-03-2019,Agra,1,Moderate,149,PM2.5
10-03-2019,Agra,1,Moderate,153,PM2.5
11-03-2019,Agra,1,Moderate,133,PM2.5
12-03-2019,Agra,1,Moderate,162,PM2.5
14-03-2019,Agra,1,Poor,235,PM2.5
15-03-2019,Agra,1,Moderate,117,PM2.5
16-03-2019,Agra,1,Moderate,132,PM2.5
18-03-2019,Agra,1,Poor,214,PM2.5
19-03-2019,Agra,1,Poor,229,PM2.5
20-03-2019,Agra,1,Moderate,132,PM2.5
21-03-2019,Agra,1,Moderate,142,PM2.5
22-03-2019,Agra,1,Moderate,130,PM2.5
23-03-2019,Agra,1,Satisfactory,76,PM2.5
24-03-2019,Agra,1,Satisfactory,92,PM2.5
25-03-2019,Agra,1,Moderate,140,PM2.5
26-03-2019,Agra,1,Moderate,129,PM2.5
27-03-2019,Agra,1,Moderate,178,PM2.5
28-03-2019,Agra,1,Poor,217,PM2.5
29-03-2019,Agra,1,Moderate,198,PM2.5
30-03-2019,Agra,1,Poor,208,PM2.5
31-03-2019,Agra,1,Moderate,115,PM2.5
01-04-2019,Agra,1,Satisfactory,93,PM2.5
02-04-2019,Agra,1,Moderate,153,PM2.5
03-04-2019,Agra,1,Moderate,185,PM2.5
04-04-2019,Agra,1,Moderate,187,PM2.5
05-04-2019,Agra,1,Poor,203,PM2.5
06-04-2019,Agra,1,Satisfactory,88,PM2.5
07-04-2019,Agra,1,Moderate,175,PM2.5
08-04-2019,Agra,1,Satisfactory,91,PM2.5
09-04-2019,Agra,1,Moderate,118,PM2.5
10-04-2019,Agra,1,Moderate,165,PM2.5
11-04-2019,Agra,1,Moderate,187,PM2.5
12-04-2019,Agra,1,Moderate,157,PM2.5
13-04-2019,Agra,1,Moderate,113,PM2.5
14-04-2019,Agra,1,Moderate,112,PM2.5
15-04-2019,Agra,1,Moderate,111,PM2.5
16-04-2019,Agra,1,Moderate,161,PM2.5
17-04-2019,Agra,1,Good,42,PM2.5
18-04-2019,Agra,1,Good,42,PM2.5
19-04-2019,Agra,1,Moderate,119,PM2.5
20-04-2019,Agra,1,Moderate,109,PM2.5
21-04-2019,Agra,1,Moderate,136,PM2.5
22-04-2019,Agra,1,Moderate,174,PM2.5
23-04-2019,Agra,1,Moderate,169,PM2.5
24-04-2019,Agra,1,Moderate,159,PM2.5
25-04-2019,Agra,1,Moderate,171,PM2.5
26-04-2019,Agra,1,Moderate,135,PM2.5
27-04-2019,Agra,1,Moderate,155,PM2.5
28-04-2019,Agra,1,Moderate,134,PM2.5
29-04-2019,Agra,1,Moderate,198,PM2.5
30-04-2019,Agra,1,Moderate,200,PM2.5
01-05-2019,Agra,1,Moderate,151,PM2.5
02-05-2019,Agra,1,Moderate,158,PM2.5
03-05-2019,Agra,1,Moderate,116,PM2.5
04-05-2019,Agra,1,Moderate,126,PM2.5
05-05-2019,Agra,1,Moderate,131,PM2.5
06-05-2019,Agra,1,Moderate,143,OZONE
07-05-2019,Agra,1,Moderate,146,PM2.5
08-05-2019,Agra,1,Moderate,189,PM2.5
09-05-2019,Agra,1,Moderate,127,PM2.5
10-05-2019,Agra,1,Moderate,199,OZONE
12-05-2019,Agra,1,Moderate,197,PM2.5
13-05-2019,Agra,1,Moderate,149,OZONE
14-05-2019,Agra,1,Moderate,136,PM2.5
15-05-2019,Agra,1,Poor,247,PM2.5
16-05-2019,Agra,1,Moderate,139,PM2.5
17-05-2019,Agra,1,Moderate,159,OZONE
18-05-2019,Agra,1,Satisfactory,62,PM2.5
19-05-2019,Agra,1,Satisfactory,86,PM2.5
20-05-2019,Agra,1,Moderate,149,PM2.5
21-05-2019,Agra,1,Satisfactory,91,PM2.5
22-05-2019,Agra,1,Satisfactory,89,PM2.5
23-05-2019,Agra,1,Satisfactory,57,PM2.5
24-05-2019,Agra,1,Satisfactory,72,PM2.5
25-05-2019,Agra,1,Satisfactory,94,PM2.5
26-05-2019,Agra,1,Satisfactory,84,PM2.5
27-05-2019,Agra,1,Moderate,105,PM2.5
28-05-2019,Agra,1,Satisfactory,97,PM2.5
29-05-2019,Agra,1,Satisfactory,89,PM2.5
30-05-2019,Agra,1,Moderate,161,PM2.5
31-05-2019,Agra,1,Moderate,122,PM2.5
01-06-2019,Agra,1,Moderate,131,PM2.5
02-06-2019,Agra,1,Moderate,109,PM2.5
03-06-2019,Agra,1,Moderate,175,PM2.5
05-06-2019,Agra,1,Moderate,164,PM2.5
06-06-2019,Agra,1,Moderate,171,PM2.5
07-06-2019,Agra,1,Satisfactory,78,PM2.5
08-06-2019,Agra,1,Satisfactory,94,PM2.5
09-06-2019,Agra,1,Moderate,139,PM2.5
10-06-2019,Agra,1,Moderate,162,PM2.5
11-06-2019,Agra,1,Moderate,183,PM2.5
12-06-2019,Agra,1,Poor,243,OZONE
13-06-2019,Agra,1,Poor,231,OZONE
14-06-2019,Agra,1,Moderate,129,PM2.5
15-06-2019,Agra,1,Satisfactory,93,PM2.5
16-06-2019,Agra,1,Satisfactory,80,PM2.5
17-06-2019,Agra,1,Satisfactory,66,PM2.5
18-06-2019,Agra,1,Satisfactory,66,PM2.5
19-06-2019,Agra,1,Satisfactory,77,PM2.5
20-06-2019,Agra,1,Good,46,PM2.5
21-06-2019,Agra,1,Satisfactory,82,PM2.5
22-06-2019,Agra,1,Moderate,106,PM2.5
23-06-2019,Agra,1,Satisfactory,66,PM2.5
24-06-2019,Agra,1,Satisfactory,67,PM2.5
25-06-2019,Agra,1,Satisfactory,66,PM2.5
26-06-2019,Agra,1,Satisfactory,73,PM2.5
27-06-2019,Agra,1,Satisfactory,77,PM2.5
28-06-2019,Agra,1,Moderate,174,PM2.5
29-06-2019,Agra,1,Satisfactory,89,PM2.5
30-06-2019,Agra,1,Satisfactory,86,PM2.5
01-07-2019,Agra,1,Satisfactory,73,PM2.5
02-07-2019,Agra,1,Satisfactory,99,PM2.5
03-07-2019,Agra,1,Satisfactory,58,PM2.5
04-07-2019,Agra,1,Satisfactory,51,PM2.5
05-07-2019,Agra,1,Good,42,PM2.5
07-07-2019,Agra,1,Satisfactory,54,PM2.5
08-07-2019,Agra,1,Satisfactory,55,PM2.5
09-07-2019,Agra,1,Satisfactory,60,PM2.5
10-07-2019,Agra,1,Satisfactory,90,PM2.5
11-07-2019,Agra,1,Satisfactory,91,PM2.5
12-07-2019,Agra,1,Satisfactory,68,PM2.5
13-07-2019,Agra,1,Satisfactory,69,PM2.5
14-07-2019,Agra,1,Satisfactory,65,PM2.5
15-07-2019,Agra,1,Satisfactory,81,PM2.5
16-07-2019,Agra,1,Satisfactory,71,PM2.5
17-07-2019,Agra,1,Satisfactory,59,PM2.5
18-07-2019,Agra,1,Satisfactory,68,PM2.5
19-07-2019,Agra,1,Satisfactory,85,PM2.5
20-07-2019,Agra,1,Satisfactory,68,PM2.5
21-07-2019,Agra,1,Satisfactory,72,PM2.5
22-07-2019,Agra,1,Satisfactory,70,PM2.5
23-07-2019,Agra,1,Satisfactory,75,PM2.5
24-07-2019,Agra,1,Satisfactory,57,PM2.5
25-07-2019,Agra,1,Good,35,PM2.5
26-07-2019,Agra,1,Good,39,PM2.5
27-07-2019,Agra,1,Good,46,PM2.5
28-07-2019,Agra,1,Good,49,PM2.5
29-07-2019,Agra,1,Good,42,PM2.5
30-07-2019,Agra,1,Good,49,PM2.5
31-07-2019,Agra,1,Good,48,PM2.5
01-08-2019,Agra,1,Satisfactory,63,PM2.5
02-08-2019,Agra,1,Satisfactory,79,PM2.5
03-08-2019,Agra,1,Satisfactory,90,PM2.5
04-08-2019,Agra,1,Satisfactory,78,PM2.5
05-08-2019,Agra,1,Moderate,190,PM2.5
06-08-2019,Agra,1,Satisfactory,72,PM2.5
07-08-2019,Agra,1,Good,42,PM2.5
08-08-2019,Agra,1,Good,43,PM2.5
09-08-2019,Agra,1,Good,40,PM2.5
10-08-2019,Agra,1,Satisfactory,60,PM2.5
11-08-2019,Agra,1,Satisfactory,53,PM2.5
12-08-2019,Agra,1,Good,46,PM2.5
13-08-2019,Agra,1,Satisfactory,69,PM2.5
14-08-2019,Agra,1,Good,49,PM2.5
15-08-2019,Agra,1,Satisfactory,56,PM2.5
16-08-2019,Agra,1,Good,35,PM2.5
17-08-2019,Agra,1,Good,33,PM2.5
18-08-2019,Agra,1,Good,37,PM2.5
19-08-2019,Agra,1,Satisfactory,57,PM2.5
20-08-2019,Agra,1,Satisfactory,85,PM2.5
21-08-2019,Agra,1,Satisfactory,93,PM2.5
22-08-2019,Agra,1,Satisfactory,92,PM2.5
23-08-2019,Agra,1,Satisfactory,88,PM2.5
24-08-2019,Agra,1,Moderate,130,PM2.5
29-08-2019,Agra,1,Moderate,116,PM2.5
31-08-2019,Agra,1,Satisfactory,62,PM2.5
01-09-2019,Agra,1,Satisfactory,57,PM2.5
02-09-2019,Agra,1,Satisfactory,82,PM2.5
03-09-2019,Agra,1,Satisfactory,67,PM2.5
04-09-2019,Agra,1,Satisfactory,79,PM2.5
05-09-2019,Agra,1,Good,41,PM2.5
06-09-2019,Agra,1,Satisfactory,52,PM2.5
07-09-2019,Agra,1,Good,41,PM2.5
08-09-2019,Agra,1,Good,37,PM2.5
09-09-2019,Agra,1,Good,37,PM2.5
10-09-2019,Agra,1,Satisfactory,56,PM2.5
11-09-2019,Agra,1,Satisfactory,67,PM2.5
12-09-2019,Agra,1,Satisfactory,57,PM2.5
13-09-2019,Agra,1,Good,35,PM2.5
14-09-2019,Agra,1,Good,35,PM2.5
15-09-2019,Agra,1,Good,33,PM2.5
16-09-2019,Agra,1,Satisfactory,53,PM2.5
17-09-2019,Agra,1,Satisfactory,60,PM2.5
18-09-2019,Agra,1,Satisfactory,55,PM2.5
19-09-2019,Agra,1,Good,38,PM2.5
20-09-2019,Agra,1,Good,50,CO
21-09-2019,Agra,1,Satisfactory,58,PM2.5
22-09-2019,Agra,1,Good,37,PM2.5
23-09-2019,Agra,1,Good,34,PM2.5
24-09-2019,Agra,1,Good,39,PM2.5
25-09-2019,Agra,1,Good,45,PM2.5
26-09-2019,Agra,1,Good,31,PM2.5
27-09-2019,Agra,1,Good,25,PM2.5
28-09-2019,Agra,1,Good,28,PM2.5
01-10-2019,Agra,1,Good,36,PM2.5
03-10-2019,Agra,1,Good,46,PM2.5
04-10-2019,Agra,1,Good,47,PM2.5
05-10-2019,Agra,1,Satisfactory,54,PM2.5
06-10-2019,Agra,1,Satisfactory,58,PM2.5
07-10-2019,Agra,1,Satisfactory,69,PM2.5
08-10-2019,Agra,1,Satisfactory,52,PM2.5
09-10-2019,Agra,1,Satisfactory,70,PM2.5
10-10-2019,Agra,1,Satisfactory,64,PM2.5
11-10-2019,Agra,1,Satisfactory,70,PM2.5
12-10-2019,Agra,1,Satisfactory,80,PM2.5
13-10-2019,Agra,1,Moderate,126,PM2.5
14-10-2019,Agra,1,Moderate,121,PM2.5
15-10-2019,Agra,1,Moderate,122,PM2.5
16-10-2019,Agra,1,Moderate,130,PM2.5
17-10-2019,Agra,1,Satisfactory,96,PM2.5
18-10-2019,Agra,1,Satisfactory,72,PM2.5
19-10-2019,Agra,1,Satisfactory,90,PM2.5
20-10-2019,Agra,1,Moderate,120,PM2.5
21-10-2019,Agra,1,Moderate,124,PM2.5
22-10-2019,Agra,1,Satisfactory,91,PM2.5
23-10-2019,Agra,1,Moderate,111,PM2.5
24-10-2019,Agra,1,Moderate,152,PM2.5
25-10-2019,Agra,1,Moderate,110,PM2.5
26-10-2019,Agra,1,Satisfactory,78,PM2.5
27-10-2019,Agra,1,Satisfactory,100,PM2.5
28-10-2019,Agra,1,Moderate,179,PM2.5
29-10-2019,Agra,1,Poor,231,PM2.5
30-10-2019,Agra,1,Poor,249,PM2.5
31-10-2019,Agra,1,Moderate,171,PM2.5
01-11-2019,Agra,1,Moderate,176,PM2.5
02-11-2019,Agra,1,Poor,231,PM2.5
03-11-2019,Agra,1,Poor,293,PM2.5
04-11-2019,Agra,1,Poor,227,PM2.5
05-11-2019,Agra,1,Poor,252,PM2.5
06-11-2019,Agra,1,Moderate,139,PM2.5
07-11-2019,Agra,1,Moderate,147,PM2.5
08-11-2019,Agra,1,Moderate,142,PM2.5
09-11-2019,Agra,1,Satisfactory,98,PM2.5
10-11-2019,Agra,1,Moderate,114,PM2.5
11-11-2019,Agra,1,Moderate,136,PM2.5
12-11-2019,Agra,1,Poor,209,PM2.5
13-11-2019,Agra,1,Poor,293,PM2.5
14-11-2019,Agra,1,Very Poor,317,PM2.5
15-11-2019,Agra,1,Poor,299,PM2.5
16-11-2019,Agra,1,Poor,231,PM2.5
17-11-2019,Agra,1,Satisfactory,73,PM2.5
18-11-2019,Agra,1,Satisfactory,68,NO2
19-11-2019,Agra,1,Satisfactory,66,NO2
20-11-2019,Agra,1,Moderate,108,PM2.5
21-11-2019,Agra,1,Moderate,157,PM2.5
22-11-2019,Agra,1,Poor,208,PM2.5
23-11-2019,Agra,1,Poor,208,PM2.5
25-11-2019,Agra,1,Moderate,108,PM2.5
26-11-2019,Agra,1,Moderate,163,PM2.5
27-11-2019,Agra,1,Moderate,154,PM2.5
28-11-2019,Agra,1,Poor,205,PM2.5
29-11-2019,Agra,1,Satisfactory,75,PM2.5
30-11-2019,Agra,1,Moderate,108,PM2.5
01-12-2019,Agra,1,Satisfactory,67,NO2
02-12-2019,Agra,1,Satisfactory,76,PM2.5
03-12-2019,Agra,1,Satisfactory,74,NO2
04-12-2019,Agra,1,Moderate,106,PM2.5
05-12-2019,Agra,1,Moderate,171,PM2.5
06-12-2019,Agra,1,Poor,201,PM2.5
07-12-2019,Agra,1,Moderate,197,PM2.5
08-12-2019,Agra,1,Moderate,135,PM2.5
09-12-2019,Agra,1,Moderate,124,PM2.5
10-12-2019,Agra,1,Moderate,149,PM2.5
11-12-2019,Agra,1,Poor,286,PM2.5
12-12-2019,Agra,1,Poor,220,PM2.5
13-12-2019,Agra,1,Moderate,180,PM2.5
14-12-2019,Agra,1,Satisfactory,71,PM2.5
15-12-2019,Agra,1,Satisfactory,92,PM2.5
16-12-2019,Agra,1,Satisfactory,95,PM2.5
17-12-2019,Agra,1,Satisfactory,63,NO2
23-12-2019,Agra,1,Satisfactory,91,PM2.5
24-12-2019,Agra,1,Moderate,125,PM2.5
25-12-2019,Agra,1,Moderate,134,PM2.5
28-12-2019,Agra,1,Moderate,175,PM2.5
29-12-2019,Agra,1,Moderate,146,PM2.5
31-12-2019,Agra,1,Moderate,123,PM2.5
05-01-2020,Agra,1,Poor,274,PM2.5
06-01-2020,Agra,1,Very Poor,318,PM2.5
07-01-2020,Agra,1,Poor,232,PM2.5
08-01-2020,Agra,1,Poor,209,PM2.5
09-01-2020,Agra,1,Moderate,142,PM2.5
10-01-2020,Agra,1,Moderate,171,PM2.5
11-01-2020,Agra,1,Poor,265,PM2.5
12-01-2020,Agra,1,Very Poor,325,PM2.5
13-01-2020,Agra,1,Very Poor,326,PM2.5
14-01-2020,Agra,1,Very Poor,314,PM2.5
15-01-2020,Agra,1,Poor,259,PM2.5
16-01-2020,Agra,1,Moderate,174,PM2.5
17-01-2020,Agra,1,Satisfactory,94,PM2.5
18-01-2020,Agra,1,Moderate,165,PM2.5
19-01-2020,Agra,1,Moderate,183,PM2.5
20-01-2020,Agra,1,Poor,212,PM2.5
21-01-2020,Agra,1,Poor,245,PM2.5
22-01-2020,Agra,1,Poor,287,PM2.5
23-01-2020,Agra,1,Moderate,175,PM2.5
24-01-2020,Agra,1,Moderate,112,CO
25-01-2020,Agra,1,Poor,232,PM2.5
26-01-2020,Agra,1,Poor,280,PM2.5
27-01-2020,Agra,1,Poor,275,PM2.5
28-01-2020,Agra,1,Poor,215,PM2.5
29-01-2020,Agra,1,Poor,253,PM2.5
30-01-2020,Agra,1,Moderate,158,PM2.5
31-01-2020,Agra,1,Moderate,107,PM2.5
01-02-2020,Agra,1,Moderate,199,PM2.5
02-02-2020,Agra,1,Moderate,177,PM2.5
03-02-2020,Agra,1,Poor,206,PM2.5
04-02-2020,Agra,1,Poor,241,PM2.5
05-02-2020,Agra,1,Poor,282,PM2.5
06-02-2020,Agra,1,Poor,231,PM2.5
07-02-2020,Agra,1,Poor,225,PM2.5
08-02-2020,Agra,1,Poor,219,PM2.5
09-02-2020,Agra,1,Poor,253,PM2.5
10-02-2020,Agra,1,Poor,264,PM2.5
11-02-2020,Agra,1,Poor,276,PM2.5
12-02-2020,Agra,1,Poor,292,PM2.5
13-02-2020,Agra,1,Moderate,188,PM2.5
15-02-2020,Agra,1,Satisfactory,80,PM2.5
16-02-2020,Agra,1,Moderate,131,PM2.5
17-02-2020,Agra,1,Poor,234,PM2.5
18-02-2020,Agra,1,Moderate,145,PM2.5
19-02-2020,Agra,1,Poor,221,PM2.5
20-02-2020,Agra,1,Moderate,147,PM2.5
21-02-2020,Agra,1,Moderate,151,PM2.5
22-02-2020,Agra,1,Satisfactory,83,PM2.5
23-02-2020,Agra,1,Moderate,138,PM2.5
24-02-2020,Agra,1,Moderate,126,PM2.5
25-02-2020,Agra,1,Moderate,192,PM2.5
26-02-2020,Agra,1,Moderate,142,PM2.5
27-02-2020,Agra,1,Moderate,132,PM2.5
28-02-2020,Agra,1,Moderate,122,PM2.5
29-02-2020,Agra,1,Moderate,106,PM2.5
02-03-2020,Agra,1,Moderate,106,PM2.5
03-03-2020,Agra,1,Moderate,175,PM2.5
04-03-2020,Agra,1,Moderate,157,PM2.5
05-03-2020,Agra,1,Satisfactory,86,CO
06-03-2020,Agra,1,Satisfactory,78,CO
07-03-2020,Agra,1,Satisfactory,70,CO
08-03-2020,Agra,1,Satisfactory,74,PM2.5
09-03-2020,Agra,1,Satisfactory,79,PM2.5
10-03-2020,Agra,1,Poor,203,PM2.5
11-03-2020,Agra,1,Satisfactory,74,PM2.5
12-03-2020,Agra,1,Satisfactory,81,PM2.5
13-03-2020,Agra,1,Satisfactory,89,PM2.5
14-03-2020,Agra,1,Satisfactory,59,NO2
15-03-2020,Agra,1,Satisfactory,86,PM2.5
16-03-2020,Agra,1,Moderate,114,PM2.5
17-03-2020,Agra,1,Moderate,128,PM2.5
18-03-2020,Agra,1,Moderate,176,PM2.5
19-03-2020,Agra,1,Moderate,167,PM2.5
20-03-2020,Agra,1,Moderate,178,PM2.5
21-03-2020,Agra,1,Satisfactory,64,NO2
22-03-2020,Agra,1,Moderate,110,PM2.5
23-03-2020,Agra,1,Moderate,111,PM2.5
24-03-2020,Agra,1,Moderate,108,PM2.5
25-03-2020,Agra,1,Satisfactory,61,PM2.5
26-03-2020,Agra,1,Satisfactory,54,NO2
27-03-2020,Agra,1,Satisfactory,82,CO
28-03-2020,Agra,1,Good,50,NO2
29-03-2020,Agra,1,Satisfactory,52,NO2
30-03-2020,Agra,1,Satisfactory,67,CO
31-03-2020,Agra,1,Satisfactory,56,PM2.5
01-04-2020,Agra,1,Satisfactory,73,CO
02-04-2020,Agra,1,Satisfactory,80,CO
03-04-2020,Agra,1,Satisfactory,58,NO2
04-04-2020,Agra,1,Satisfactory,64,NO2
05-04-2020,Agra,1,Satisfactory,66,NO2
06-04-2020,Agra,1,Satisfactory,87,PM2.5
07-04-2020,Agra,1,Satisfactory,84,PM2.5
08-04-2020,Agra,1,Satisfactory,78,PM2.5
09-04-2020,Agra,1,Satisfactory,73,PM2.5
10-04-2020,Agra,1,Moderate,118,PM2.5
11-04-2020,Agra,1,Moderate,138,PM2.5
12-04-2020,Agra,1,Moderate,114,PM2.5
13-04-2020,Agra,1,Moderate,126,PM2.5
14-04-2020,Agra,1,Moderate,150,PM2.5
17-04-2020,Agra,1,Moderate,128,PM2.5
18-04-2020,Agra,1,Satisfactory,72,PM2.5
19-04-2020,Agra,1,Satisfactory,58,NO2
20-04-2020,Agra,1,Moderate,130,PM2.5
21-04-2020,Agra,1,Moderate,114,PM2.5
22-04-2020,Agra,1,Moderate,117,PM2.5
23-04-2020,Agra,1,Moderate,111,PM2.5
24-04-2020,Agra,1,Satisfactory,100,PM2.5
25-04-2020,Agra,1,Satisfactory,92,PM2.5
26-04-2020,Agra,1,Satisfactory,83,PM2.5
27-04-2020,Agra,1,Satisfactory,66,PM2.5
28-04-2020,Agra,1,Satisfactory,75,PM2.5
29-04-2020,Agra,1,Satisfactory,91,PM2.5
30-04-2020,Agra,1,Satisfactory,95,PM2.5
01-05-2020,Agra,1,Satisfactory,94,PM2.5
02-05-2020,Agra,1,Satisfactory,54,PM2.5
03-05-2020,Agra,1,Satisfactory,61,PM2.5
04-05-2020,Agra,1,Good,49,SO2
05-05-2020,Agra,1,Satisfactory,70,PM2.5
06-05-2020,Agra,1,Satisfactory,59,PM2.5
07-05-2020,Agra,1,Satisfactory,60,PM2.5
08-05-2020,Agra,1,Satisfactory,58,PM2.5
09-05-2020,Agra,1,Moderate,109,O3
10-05-2020,Agra,1,Satisfactory,98,PM2.5
11-05-2020,Agra,1,Satisfactory,62,PM2.5
12-05-2020,Agra,1,Satisfactory,60,PM2.5
13-05-2020,Agra,1,Satisfactory,83,PM2.5
14-05-2020,Agra,1,Satisfactory,77,PM2.5
15-05-2020,Agra,1,Satisfactory,81,PM2.5
16-05-2020,Agra,1,Satisfactory,82,PM2.5
17-05-2020,Agra,1,Moderate,124,PM2.5
18-05-2020,Agra,1,Moderate,141,PM2.5
19-05-2020,Agra,1,Moderate,131,PM2.5
20-05-2020,Agra,1,Satisfactory,95,PM2.5
21-05-2020,Agra,1,Moderate,128,PM2.5
22-05-2020,Agra,1,Moderate,147,PM2.5
23-05-2020,Agra,1,Moderate,155,PM2.5
24-05-2020,Agra,1,Moderate,169,PM2.5
25-05-2020,Agra,1,Moderate,130,PM2.5
26-05-2020,Agra,1,Moderate,106,PM2.5
27-05-2020,Agra,1,Moderate,127,PM2.5
28-05-2020,Agra,1,Moderate,146,PM2.5
29-05-2020,Agra,1,Satisfactory,85,O3
31-05-2020,Agra,1,Satisfactory,56,PM2.5
01-06-2020,Agra,1,Satisfactory,85,CO
02-06-2020,Agra,1,Satisfactory,72,CO
03-06-2020,Agra,1,Satisfactory,69,PM2.5
04-06-2020,Agra,1,Satisfactory,66,PM2.5
05-06-2020,Agra,1,Good,47,PM2.5
06-06-2020,Agra,1,Satisfactory,67,CO
07-06-2020,Agra,1,Satisfactory,69,PM2.5
08-06-2020,Agra,1,Satisfactory,81,CO
09-06-2020,Agra,1,Moderate,110,CO
10-06-2020,Agra,1,Moderate,139,PM2.5
11-06-2020,Agra,1,Moderate,151,O3
12-06-2020,Agra,1,Moderate,170,CO
13-06-2020,Agra,1,Satisfactory,97,PM2.5
14-06-2020,Agra,1,Satisfactory,72,PM2.5
15-06-2020,Agra,1,Moderate,150,CO
16-06-2020,Agra,1,Satisfactory,78,O3
17-06-2020,Agra,1,Satisfactory,84,CO
18-06-2020,Agra,1,Satisfactory,62,PM2.5
19-06-2020,Agra,1,Satisfactory,100,PM2.5
20-06-2020,Agra,1,Moderate,120,PM2.5
21-06-2020,Agra,1,Satisfactory,96,PM2.5
22-06-2020,Agra,1,Moderate,120,CO
23-06-2020,Agra,1,Satisfactory,55,PM2.5
24-06-2020,Agra,1,Moderate,114,CO
25-06-2020,Agra,1,Satisfactory,100,CO
26-06-2020,Agra,1,Moderate,103,CO
27-06-2020,Agra,1,Moderate,152,CO
28-06-2020,Agra,1,Moderate,115,CO
29-06-2020,Agra,1,Moderate,112,PM2.5
30-06-2020,Agra,1,Moderate,121,CO
01-07-2020,Agra,1,Moderate,156,CO
02-07-2020,Agra,1,Moderate,125,CO
03-07-2020,Agra,1,Moderate,101,PM2.5
04-07-2020,Agra,1,Moderate,112,CO
05-07-2020,Agra,1,Moderate,101,CO
06-07-2020,Agra,1,Satisfactory,75,PM2.5
07-07-2020,Agra,1,Satisfactory,53,SO2
08-07-2020,Agra,1,Satisfactory,79,CO
09-07-2020,Agra,1,Satisfactory,78,CO
10-07-2020,Agra,1,Satisfactory,86,CO
11-07-2020,Agra,1,Good,40,PM2.5
14-07-2020,Agra,1,Satisfactory,93,CO
15-07-2020,Agra,1,Satisfactory,98,PM2.5
16-07-2020,Agra,1,Satisfactory,79,CO
17-07-2020,Agra,1,Satisfactory,64,CO
18-07-2020,Agra,1,Satisfactory,83,CO
19-07-2020,Agra,1,Satisfactory,57,PM2.5
20-07-2020,Agra,1,Satisfactory,65,CO
21-07-2020,Agra,1,Satisfactory,95,CO
22-07-2020,Agra,1,Satisfactory,58,CO
23-07-2020,Agra,1,Satisfactory,53,CO
24-07-2020,Agra,1,Satisfactory,64,CO
28-07-2020,Agra,1,Good,45,CO
29-07-2020,Agra,1,Good,37,PM2.5
30-07-2020,Agra,1,Satisfactory,86,CO
31-07-2020,Agra,1,Moderate,110,CO
01-08-2020,Agra,1,Satisfactory,85,CO
02-08-2020,Agra,1,Moderate,108,CO
03-08-2020,Agra,1,Moderate,123,CO
04-08-2020,Agra,1,Moderate,130,CO
05-08-2020,Agra,1,Moderate,136,CO
06-08-2020,Agra,1,Satisfactory,79,CO
07-08-2020,Agra,1,Good,39,PM2.5
08-08-2020,Agra,1,Satisfactory,66,CO
09-08-2020,Agra,1,Satisfactory,69,CO
10-08-2020,Agra,1,Satisfactory,98,CO
11-08-2020,Agra,1,Satisfactory,57,CO
12-08-2020,Agra,1,Good,45,CO
13-08-2020,Agra,1,Good,31,CO
14-08-2020,Agra,1,Moderate,108,CO
15-08-2020,Agra,1,Satisfactory,82,CO
16-08-2020,Agra,1,Moderate,123,CO
17-08-2020,Agra,1,Satisfactory,88,CO
18-08-2020,Agra,1,Satisfactory,80,CO
19-08-2020,Agra,1,Satisfactory,94,CO
20-08-2020,Agra,1,Satisfactory,72,CO
21-08-2020,Agra,1,Good,40,SO2
22-08-2020,Agra,1,Satisfactory,61,CO
23-08-2020,Agra,1,Satisfactory,93,CO
24-08-2020,Agra,1,Good,24,PM2.5
25-08-2020,Agra,1,Good,50,CO
27-08-2020,Agra,1,Good,45,PM2.5
28-08-2020,Agra,1,Satisfactory,53,PM2.5
29-08-2020,Agra,1,Good,39,SO2
30-08-2020,Agra,1,Satisfactory,72,CO
31-08-2020,Agra,1,Satisfactory,90,CO
01-09-2020,Agra,1,Satisfactory,52,CO
02-09-2020,Agra,1,Moderate,123,CO
03-09-2020,Agra,1,Moderate,168,CO
04-09-2020,Agra,1,Satisfactory,94,CO
06-09-2020,Agra,1,Satisfactory,96,CO
07-09-2020,Agra,1,Moderate,122,CO
08-09-2020,Agra,1,Moderate,101,CO
09-09-2020,Agra,1,Satisfactory,95,PM2.5
10-09-2020,Agra,1,Moderate,150,PM2.5
11-09-2020,Agra,1,Moderate,185,PM2.5
12-09-2020,Agra,1,Moderate,168,PM2.5
13-09-2020,Agra,1,Moderate,180,PM2.5
14-09-2020,Agra,1,Moderate,166,PM2.5
15-09-2020,Agra,1,Moderate,194,PM2.5
16-09-2020,Agra,1,Poor,229,PM2.5
17-09-2020,Agra,1,Moderate,193,PM2.5
18-09-2020,Agra,1,Moderate,133,PM2.5
19-09-2020,Agra,1,Moderate,112,PM2.5
20-09-2020,Agra,1,Moderate,197,PM2.5
21-09-2020,Agra,1,Poor,223,PM2.5
22-09-2020,Agra,1,Satisfactory,96,CO
23-09-2020,Agra,1,Satisfactory,93,CO
24-09-2020,Agra,1,Good,49,SO2
25-09-2020,Agra,1,Satisfactory,54,PM2.5
26-09-2020,Agra,1,Moderate,191,PM2.5
27-09-2020,Agra,1,Satisfactory,67,PM2.5
28-09-2020,Agra,1,Moderate,140,PM2.5
29-09-2020,Agra,1,Moderate,192,PM2.5
30-09-2020,Agra,1,Moderate,173,PM2.5
01-10-2020,Agra,1,Moderate,152,PM2.5
02-10-2020,Agra,1,Moderate,172,PM2.5
03-10-2020,Agra,1,Moderate,200,PM2.5
04-10-2020,Agra,1,Poor,228,PM2.5
05-10-2020,Agra,1,Moderate,190,PM2.5
06-10-2020,Agra,1,Moderate,167,PM2.5
07-10-2020,Agra,1,Poor,209,PM2.5
08-10-2020,Agra,1,Poor,272,O3
09-10-2020,Agra,1,Poor,261,PM2.5
10-10-2020,Agra,1,Poor,255,PM2.5
11-10-2020,Agra,1,Poor,242,PM2.5
12-10-2020,Agra,1,Poor,283,PM2.5
13-10-2020,Agra,1,Poor,281,PM2.5
14-10-2020,Agra,1,Poor,207,PM2.5
15-10-2020,Agra,1,Poor,211,PM2.5
16-10-2020,Agra,1,Poor,252,PM2.5
17-10-2020,Agra,1,Poor,281,PM2.5
18-10-2020,Agra,1,Poor,288,PM2.5
19-10-2020,Agra,1,Poor,273,PM2.5
20-10-2020,Agra,1,Poor,257,PM2.5
21-10-2020,Agra,1,Poor,268,PM2.5
22-10-2020,Agra,1,Poor,264,PM2.5
23-10-2020,Agra,1,Poor,291,PM2.5
24-10-2020,Agra,1,Poor,283,PM2.5
25-10-2020,Agra,1,Very Poor,309,PM2.5
26-10-2020,Agra,1,Poor,285,PM2.5
27-10-2020,Agra,1,Poor,294,PM2.5
28-10-2020,Agra,1,Very Poor,308,PM2.5
29-10-2020,Agra,1,Very Poor,338,PM2.5
30-10-2020,Agra,1,Very Poor,346,PM2.5
31-10-2020,Agra,1,Very Poor,332,PM2.5
01-11-2020,Agra,1,Very Poor,339,PM2.5
02-11-2020,Agra,1,Poor,271,PM2.5
03-11-2020,Agra,1,Poor,264,PM2.5
04-11-2020,Agra,1,Poor,276,PM2.5
05-11-2020,Agra,1,Very Poor,373,PM2.5
06-11-2020,Agra,1,Very Poor,399,PM2.5
07-11-2020,Agra,1,Severe,417,PM2.5
08-11-2020,Agra,1,Severe,458,PM2.5
09-11-2020,Agra,1,Severe,474,PM2.5
10-11-2020,Agra,1,Severe,415,PM2.5
11-11-2020,Agra,1,Very Poor,330,PM2.5
12-11-2020,Agra,1,Very Poor,309,PM2.5
13-11-2020,Agra,1,Poor,274,PM2.5
14-11-2020,Agra,1,Very Poor,319,PM2.5
15-11-2020,Agra,1,Very Poor,347,PM2.5
16-11-2020,Agra,1,Moderate,148,PM2.5
17-11-2020,Agra,1,Moderate,141,PM2.5
18-11-2020,Agra,1,Poor,218,PM2.5
19-11-2020,Agra,1,Poor,253,PM2.5
20-11-2020,Agra,1,Very Poor,302,PM2.5
21-11-2020,Agra,1,Poor,222,PM2.5
22-11-2020,Agra,1,Moderate,171,PM2.5
23-11-2020,Agra,1,Very Poor,310,PM2.5
25-11-2020,Agra,1,Very Poor,317,PM2.5
26-11-2020,Agra,1,Very Poor,318,PM2.5
27-11-2020,Agra,1,Poor,229,PM2.5
28-11-2020,Agra,1,Moderate,155,PM2.5
29-11-2020,Agra,1,Poor,244,PM2.5
01-12-2020,Agra,1,Very Poor,317,PM2.5
02-12-2020,Agra,1,Very Poor,347,PM2.5
03-12-2020,Agra,1,Very Poor,331,PM2.5
04-12-2020,Agra,1,Very Poor,361,PM2.5
05-12-2020,Agra,1,Very Poor,333,PM2.5
06-12-2020,Agra,1,Very Poor,339,PM2.5
07-12-2020,Agra,1,Very Poor,353,PM2.5
08-12-2020,Agra,1,Very Poor,384,PM2.5
09-12-2020,Agra,1,Very Poor,400,PM2.5
10-12-2020,Agra,1,Very Poor,357,PM2.5
11-12-2020,Agra,1,Very Poor,355,PM2.5
12-12-2020,Agra,1,Moderate,178,PM2.5
13-12-2020,Agra,1,Poor,280,PM2.5
14-12-2020,Agra,1,Moderate,158,PM2.5
15-12-2020,Agra,1,Poor,241,PM2.5
16-12-2020,Agra,1,Poor,280,PM2.5
17-12-2020,Agra,1,Poor,238,PM2.5
18-12-2020,Agra,1,Moderate,149,PM2.5
19-12-2020,Agra,1,Moderate,199,PM2.5
20-12-2020,Agra,1,Poor,231,PM2.5
21-12-2020,Agra,1,Poor,286,PM2.5
22-12-2020,Agra,1,Very Poor,364,PM2.5
23-12-2020,Agra,1,Severe,408,PM2.5
24-12-2020,Agra,1,Very Poor,398,PM2.5
25-12-2020,Agra,1,Very Poor,352,PM2.5
26-12-2020,Agra,1,Very Poor,309,PM2.5
27-12-2020,Agra,1,Very Poor,319,PM2.5
28-12-2020,Agra,1,Poor,254,PM2.5
29-12-2020,Agra,1,Poor,288,PM2.5
30-12-2020,Agra,1,Poor,264,PM2.5
31-12-2020,Agra,1,Very Poor,310,PM2.5
01-01-2021,Agra,1,Very Poor,384,PM2.5
02-01-2021,Agra,1,Very Poor,356,PM2.5
03-01-2021,Agra,1,Very Poor,334,PM2.5
04-01-2021,Agra,1,Moderate,114,PM2.5
05-01-2021,Agra,1,Moderate,154,PM2.5
06-01-2021,Agra,1,Poor,281,PM2.5
07-01-2021,Agra,1,Poor,258,PM2.5
08-01-2021,Agra,1,Poor,223,PM2.5
10-01-2021,Agra,1,Poor,259,PM2.5
11-01-2021,Agra,1,Poor,216,PM2.5
12-01-2021,Agra,1,Poor,213,PM2.5
13-01-2021,Agra,1,Poor,289,PM2.5
14-01-2021,Agra,1,Very Poor,378,PM2.5
15-01-2021,Agra,1,Very Poor,337,PM2.5
16-01-2021,Agra,1,Very Poor,365,PM2.5
17-01-2021,Agra,1,Very Poor,327,PM2.5
18-01-2021,Agra,1,Very Poor,319,PM2.5
19-01-2021,Agra,1,Very Poor,351,PM2.5
20-01-2021,Agra,1,Poor,281,PM2.5
21-01-2021,Agra,1,Moderate,177,PM2.5
22-01-2021,Agra,1,Very Poor,318,PM2.5
23-01-2021,Agra,1,Poor,270,PM2.5
24-01-2021,Agra,1,Poor,292,PM2.5
25-01-2021,Agra,1,Very Poor,308,PM2.5
26-01-2021,Agra,1,Very Poor,319,PM2.5
27-01-2021,Agra,1,Very Poor,319,PM2.5
28-01-2021,Agra,1,Very Poor,320,PM2.5
29-01-2021,Agra,1,Very Poor,312,PM2.5
30-01-2021,Agra,1,Poor,212,PM2.5
31-01-2021,Agra,1,Poor,277,PM2.5
01-02-2021,Agra,1,Poor,244,PM2.5
02-02-2021,Agra,1,Poor,285,PM2.5
03-02-2021,Agra,1,Poor,233,PM2.5
04-02-2021,Agra,1,Moderate,142,PM2.5
05-02-2021,Agra,1,Satisfactory,82,PM2.5
06-02-2021,Agra,1,Moderate,119,PM2.5
07-02-2021,Agra,1,Moderate,104,PM2.5
08-02-2021,Agra,1,Poor,213,PM2.5
09-02-2021,Agra,1,Poor,260,PM2.5
10-02-2021,Agra,1,Poor,229,PM2.5
11-02-2021,Agra,1,Poor,254,PM2.5
12-02-2021,Agra,1,Poor,291,PM2.5
13-02-2021,Agra,1,Very Poor,323,PM2.5
14-02-2021,Agra,1,Poor,296,PM2.5
15-02-2021,Agra,1,Poor,254,PM2.5
16-02-2021,Agra,1,Poor,227,PM2.5
17-02-2021,Agra,1,Moderate,148,PM2.5
18-02-2021,Agra,1,Poor,254,PM2.5
19-02-2021,Agra,1,Poor,253,PM2.5
21-02-2021,Agra,1,Poor,221,PM2.5
22-02-2021,Agra,1,Moderate,173,PM2.5
23-02-2021,Agra,1,Moderate,180,PM2.5
24-02-2021,Agra,1,Poor,204,PM2.5
25-02-2021,Agra,1,Poor,208,PM2.5
26-02-2021,Agra,1,Moderate,154,PM2.5
27-02-2021,Agra,1,Moderate,126,PM2.5
28-02-2021,Agra,1,Poor,234,PM2.5
01-03-2021,Agra,1,Poor,206,PM2.5
02-03-2021,Agra,1,Moderate,101,PM2.5
03-03-2021,Agra,1,Moderate,118,PM2.5
04-03-2021,Agra,1,Moderate,192,PM2.5
05-03-2021,Agra,1,Poor,230,PM2.5
06-03-2021,Agra,1,Moderate,127,PM2.5
07-03-2021,Agra,1,Poor,217,PM2.5
08-03-2021,Agra,1,Moderate,161,PM2.5
09-03-2021,Agra,1,Poor,257,PM2.5
10-03-2021,Agra,1,Moderate,168,PM2.5
11-03-2021,Agra,1,Poor,221,PM2.5
12-03-2021,Agra,1,Poor,201,PM2.5
13-03-2021,Agra,1,Satisfactory,65,PM2.5
14-03-2021,Agra,1,Moderate,178,PM2.5
15-03-2021,Agra,1,Poor,207,PM2.5
16-03-2021,Agra,1,Poor,273,PM2.5
17-03-2021,Agra,1,Very Poor,327,PM2.5
18-03-2021,Agra,1,Very Poor,321,PM2.5
19-03-2021,Agra,1,Poor,238,PM2.5
20-03-2021,Agra,1,Moderate,155,PM2.5
21-03-2021,Agra,1,Poor,220,PM2.5
22-03-2021,Agra,1,Moderate,195,PM2.5
23-03-2021,Agra,1,Moderate,116,PM2.5
24-03-2021,Agra,1,Moderate,106,PM2.5
26-03-2021,Agra,1,Satisfactory,81,PM2.5
27-03-2021,Agra,1,Moderate,162,PM2.5
28-03-2021,Agra,1,Poor,208,PM2.5
29-03-2021,Agra,1,Poor,236,PM2.5
30-03-2021,Agra,1,Moderate,156,PM2.5
31-03-2021,Agra,1,Poor,254,PM2.5
02-04-2021,Agra,1,Moderate,151,PM2.5
04-04-2021,Agra,1,Moderate,188,PM2.5
05-04-2021,Agra,1,Poor,274,PM2.5
06-04-2021,Agra,1,Poor,248,PM2.5
11-04-2021,Agra,1,Poor,209,PM2.5
12-04-2021,Agra,1,Poor,207,PM2.5
13-04-2021,Agra,1,Poor,240,PM2.5
14-04-2021,Agra,1,Poor,209,PM2.5
15-04-2021,Agra,1,Moderate,165,O3
16-04-2021,Agra,1,Moderate,177,PM2.5
18-04-2021,Agra,1,Moderate,138,PM2.5
21-04-2021,Agra,1,Poor,244,O3
22-04-2021,Agra,1,Moderate,141,O3
23-04-2021,Agra,1,Poor,209,O3
24-04-2021,Agra,1,Moderate,134,O3
25-04-2021,Agra,1,Moderate,146,O3
26-04-2021,Agra,1,Moderate,161,PM2.5
27-04-2021,Agra,1,Moderate,153,PM2.5
28-04-2021,Agra,1,Poor,210,PM2.5
29-04-2021,Agra,1,Poor,221,PM2.5
30-04-2021,Agra,1,Moderate,170,PM2.5
07-05-2021,Agra,1,Satisfactory,66,PM2.5
08-05-2021,Agra,1,Satisfactory,68,PM2.5
09-05-2021,Agra,1,Satisfactory,94,PM2.5
10-05-2021,Agra,1,Satisfactory,77,PM2.5
11-05-2021,Agra,1,Satisfactory,51,PM2.5
12-05-2021,Agra,1,Satisfactory,59,PM2.5
13-05-2021,Agra,1,Satisfactory,58,PM2.5
15-05-2021,Agra,1,Satisfactory,58,PM2.5
16-05-2021,Agra,1,Moderate,106,PM2.5
19-05-2021,Agra,1,Satisfactory,57,PM2.5
21-05-2021,Agra,1,Satisfactory,91,PM2.5
22-05-2021,Agra,1,Good,44,PM2.5
23-05-2021,Agra,1,Poor,254,PM2.5
24-05-2021,Agra,1,Poor,214,PM2.5
25-05-2021,Agra,1,Satisfactory,97,PM2.5
26-05-2021,Agra,1,Moderate,114,PM2.5
27-05-2021,Agra,1,Moderate,123,PM2.5
28-05-2021,Agra,1,Satisfactory,55,PM2.5
29-05-2021,Agra,1,Good,33,PM2.5
30-05-2021,Agra,1,Good,34,PM2.5
31-05-2021,Agra,1,Satisfactory,82,PM2.5
01-06-2021,Agra,1,Moderate,116,PM2.5
02-06-2021,Agra,1,Satisfactory,71,PM2.5
03-06-2021,Agra,1,Satisfactory,61,PM2.5
04-06-2021,Agra,1,Satisfactory,81,PM2.5
05-06-2021,Agra,2,Moderate,102,"PM10, PM2.5"
06-06-2021,Agra,2,Satisfactory,66,"PM10, PM2.5"
07-06-2021,Agra,1,Satisfactory,100,PM2.5
08-06-2021,Agra,2,Moderate,112,"PM10, PM2.5"
09-06-2021,Agra,2,Moderate,145,"PM10, PM2.5"
10-06-2021,Agra,1,Moderate,180,PM2.5
11-06-2021,Agra,1,Satisfactory,62,PM2.5
12-06-2021,Agra,3,Moderate,135,"PM10, PM2.5"
13-06-2021,Agra,3,Satisfactory,62,"PM10, PM2.5"
14-06-2021,Agra,3,Good,47,"O3, PM10, PM2.5"
15-06-2021,Agra,2,Satisfactory,55,"PM10, PM2.5"
16-06-2021,Agra,3,Satisfactory,59,"PM10, PM2.5"
17-06-2021,Agra,3,Moderate,107,"PM10, PM2.5"
18-06-2021,Agra,3,Satisfactory,53,"PM10, PM2.5"
19-06-2021,Agra,3,Good,40,"PM10, PM2.5"
20-06-2021,Agra,3,Satisfactory,53,"PM10, PM2.5"
21-06-2021,Agra,3,Satisfactory,55,"PM10, PM2.5"
22-06-2021,Agra,4,Satisfactory,82,"PM10, PM2.5"
23-06-2021,Agra,3,Moderate,138,"PM10, PM2.5"
24-06-2021,Agra,4,Moderate,104,"PM10, PM2.5"
25-06-2021,Agra,4,Satisfactory,95,"PM10, PM2.5"
26-06-2021,Agra,4,Satisfactory,88,"PM10, PM2.5"
27-06-2021,Agra,4,Satisfactory,100,"PM10, PM2.5"
28-06-2021,Agra,4,Moderate,104,"PM10, PM2.5"
29-06-2021,Agra,4,Moderate,113,"PM10, PM2.5"
30-06-2021,Agra,3,Moderate,187,"PM10, PM2.5"
01-07-2021,Agra,4,Moderate,110,"PM10, PM2.5"
02-07-2021,Agra,4,Moderate,116,"PM10, PM2.5"
03-07-2021,Agra,3,Satisfactory,65,"PM10, PM2.5"
04-07-2021,Agra,4,Satisfactory,93,"PM10, PM2.5"
05-07-2021,Agra,4,Moderate,101,"PM10, PM2.5"
06-07-2021,Agra,4,Moderate,146,"PM10, PM2.5"
07-07-2021,Agra,4,Moderate,141,"PM10, PM2.5"
08-07-2021,Agra,4,Moderate,145,"PM10, PM2.5"
09-07-2021,Agra,4,Moderate,120,"PM10, PM2.5"
10-07-2021,Agra,4,Satisfactory,88,"PM10, PM2.5"
11-07-2021,Agra,4,Satisfactory,92,"PM10, PM2.5"
12-07-2021,Agra,4,Satisfactory,64,"PM10, PM2.5"
13-07-2021,Agra,4,Satisfactory,59,"PM10, PM2.5"
14-07-2021,Agra,4,Satisfactory,62,"PM10, PM2.5"
15-07-2021,Agra,3,Satisfactory,67,"PM10, PM2.5"
16-07-2021,Agra,4,Satisfactory,70,"PM10, PM2.5"
17-07-2021,Agra,4,Satisfactory,86,"PM10, PM2.5"
18-07-2021,Agra,4,Good,43,"PM10, PM2.5"
19-07-2021,Agra,4,Good,22,"O3, PM2.5"
20-07-2021,Agra,4,Good,33,"PM10, PM2.5"
21-07-2021,Agra,4,Good,32,"PM10, PM2.5"
22-07-2021,Agra,4,Good,40,"PM10, PM2.5"
23-07-2021,Agra,3,Satisfactory,57,"PM10, PM2.5"
24-07-2021,Agra,3,Good,44,PM2.5
25-07-2021,Agra,3,Good,32,"PM10, PM2.5"
26-07-2021,Agra,4,Satisfactory,67,"PM10, PM2.5"
27-07-2021,Agra,5,Satisfactory,57,"PM10, PM2.5"
28-07-2021,Agra,5,Good,31,"PM10, PM2.5"
29-07-2021,Agra,3,Good,24,"PM10, PM2.5"
30-07-2021,Agra,4,Good,30,"O3, PM10, PM2.5"
31-07-2021,Agra,3,Good,20,"O3, PM10"
01-08-2021,Agra,4,Good,21,"O3, PM10"
02-08-2021,Agra,4,Good,28,"O3, PM10, PM2.5"
03-08-2021,Agra,5,Good,33,"O3, PM10, PM2.5"
04-08-2021,Agra,5,Good,43,"CO, PM10, PM2.5"
05-08-2021,Agra,5,Good,42,"PM10, PM2.5"
06-08-2021,Agra,3,Satisfactory,72,"PM10, PM2.5"
07-08-2021,Agra,5,Satisfactory,74,"PM10, PM2.5"
08-08-2021,Agra,5,Good,45,"O3, PM10, PM2.5"
09-08-2021,Agra,5,Good,38,"O3, PM10, PM2.5"
10-08-2021,Agra,5,Good,38,"O3, PM10, PM2.5"
11-08-2021,Agra,5,Satisfactory,81,"PM10, PM2.5"
12-08-2021,Agra,5,Satisfactory,74,"PM10, PM2.5"
13-08-2021,Agra,5,Satisfactory,79,"PM10, PM2.5"
14-08-2021,Agra,4,Satisfactory,85,"PM10, PM2.5"
15-08-2021,Agra,5,Satisfactory,82,"PM10, PM2.5"
16-08-2021,Agra,5,Satisfactory,89,"PM10, PM2.5"
17-08-2021,Agra,3,Moderate,122,"PM10, PM2.5"
18-08-2021,Agra,4,Moderate,116,"PM10, PM2.5"
19-08-2021,Agra,4,Moderate,120,"PM10, PM2.5"
20-08-2021,Agra,4,Satisfactory,78,"O3, PM10"
21-08-2021,Agra,4,Good,38,"O3, PM10, PM2.5"
22-08-2021,Agra,4,Good,44,"O3, PM10, PM2.5"
23-08-2021,Agra,3,Good,44,"O3, PM10"
24-08-2021,Agra,4,Satisfactory,57,PM10
25-08-2021,Agra,4,Satisfactory,71,PM10
26-08-2021,Agra,4,Satisfactory,81,PM10
27-08-2021,Agra,4,Satisfactory,98,PM10
28-08-2021,Agra,3,Moderate,118,PM10
29-08-2021,Agra,4,Satisfactory,92,PM10
30-08-2021,Agra,4,Good,50,"PM10, PM2.5"
31-08-2021,Agra,4,Satisfactory,66,PM10
01-09-2021,Agra,4,Good,43,"PM10, PM2.5"
02-09-2021,Agra,3,Good,42,PM2.5
03-09-2021,Agra,4,Good,42,PM10
04-09-2021,Agra,4,Good,46,PM10
05-09-2021,Agra,4,Satisfactory,52,PM10
06-09-2021,Agra,4,Satisfactory,56,PM10
07-09-2021,Agra,4,Satisfactory,65,"PM10, PM2.5"
08-09-2021,Agra,5,Good,44,"O3, PM10, PM2.5"
09-09-2021,Agra,5,Satisfactory,53,"O3, PM10, PM2.5"
10-09-2021,Agra,4,Satisfactory,60,"PM10, PM2.5"
11-09-2021,Agra,5,Good,38,"O3, PM10, PM2.5"
12-09-2021,Agra,5,Good,48,"O3, PM10, PM2.5"
13-09-2021,Agra,5,Good,49,"O3, PM10"
14-09-2021,Agra,5,Satisfactory,64,"PM10, PM2.5"
15-09-2021,Agra,5,Good,45,"O3, PM10"
16-09-2021,Agra,5,Good,42,"O3, PM10"
17-09-2021,Agra,4,Good,33,"O3, PM10"
18-09-2021,Agra,4,Good,32,"CO, O3, PM2.5"
19-09-2021,Agra,5,Good,39,"O3, PM10, PM2.5"
20-09-2021,Agra,5,Good,43,"O3, PM10"
21-09-2021,Agra,5,Satisfactory,57,"PM10, PM2.5"
22-09-2021,Agra,5,Satisfactory,65,"PM10, PM2.5"
23-09-2021,Agra,5,Good,46,"O3, PM10, PM2.5"
24-09-2021,Agra,5,Satisfactory,68,"PM10, PM2.5"
25-09-2021,Agra,5,Satisfactory,64,"PM10, PM2.5"
26-09-2021,Agra,5,Satisfactory,53,"O3, PM10, PM2.5"
27-09-2021,Agra,3,Satisfactory,51,PM2.5
28-09-2021,Agra,4,Satisfactory,54,"PM10, PM2.5"
29-09-2021,Agra,4,Satisfactory,53,PM10
30-09-2021,Agra,5,Satisfactory,53,"PM10, PM2.5"
01-10-2021,Agra,5,Satisfactory,58,"O3, PM10"
02-10-2021,Agra,4,Satisfactory,77,PM10
03-10-2021,Agra,4,Satisfactory,53,PM10
04-10-2021,Agra,4,Satisfactory,54,PM10
05-10-2021,Agra,5,Satisfactory,76,PM10
06-10-2021,Agra,5,Satisfactory,99,PM10
07-10-2021,Agra,3,Moderate,115,PM10
08-10-2021,Agra,4,Moderate,160,"PM10, PM2.5"
09-10-2021,Agra,5,Moderate,160,"PM10, PM2.5"
10-10-2021,Agra,5,Moderate,177,"PM10, PM2.5"
11-10-2021,Agra,5,Moderate,143,"O3, PM10"
12-10-2021,Agra,5,Moderate,154,"PM10, PM2.5"
13-10-2021,Agra,5,Moderate,149,"PM10, PM2.5"
14-10-2021,Agra,4,Moderate,186,"O3, PM10, PM2.5"
15-10-2021,Agra,5,Poor,214,"O3, PM10, PM2.5"
16-10-2021,Agra,5,Poor,274,PM2.5
17-10-2021,Agra,5,Moderate,178,"PM10, PM2.5"
18-10-2021,Agra,4,Good,28,"PM10, SO2"
19-10-2021,Agra,5,Satisfactory,53,"O3, PM10, PM2.5"
20-10-2021,Agra,5,Moderate,119,"PM10, PM2.5"
21-10-2021,Agra,5,Moderate,199,"PM10, PM2.5"
22-10-2021,Agra,5,Moderate,131,PM10
23-10-2021,Agra,5,Moderate,109,PM10
24-10-2021,Agra,4,Moderate,147,"PM10, PM2.5"
25-10-2021,Agra,4,Moderate,123,"PM10, PM2.5"
26-10-2021,Agra,5,Moderate,186,PM2.5
27-10-2021,Agra,5,Poor,229,PM2.5
28-10-2021,Agra,5,Poor,272,PM2.5
29-10-2021,Agra,5,Very Poor,308,"PM10, PM2.5"
30-10-2021,Agra,5,Poor,252,PM2.5
31-10-2021,Agra,5,Poor,256,"PM10, PM2.5"
01-11-2021,Agra,4,Very Poor,327,"PM10, PM2.5"
02-11-2021,Agra,5,Poor,300,"PM10, PM2.5"
03-11-2021,Agra,5,Poor,289,"PM10, PM2.5"
04-11-2021,Agra,5,Poor,280,PM2.5
05-11-2021,Agra,5,Severe,429,PM2.5
06-11-2021,Agra,4,Very Poor,390,PM2.5
07-11-2021,Agra,5,Severe,412,PM2.5
08-11-2021,Agra,5,Severe,486,PM2.5
09-11-2021,Agra,5,Severe,472,PM2.5
10-11-2021,Agra,5,Very Poor,383,"PM10, PM2.5"
11-11-2021,Agra,4,Severe,437,PM2.5
12-11-2021,Agra,5,Severe,405,"PM10, PM2.5"
13-11-2021,Agra,5,Very Poor,366,"PM10, PM2.5"
14-11-2021,Agra,5,Poor,216,PM2.5
15-11-2021,Agra,5,Poor,282,PM2.5
16-11-2021,Agra,5,Poor,262,PM2.5
17-11-2021,Agra,5,Poor,237,PM2.5
18-11-2021,Agra,5,Poor,248,"PM10, PM2.5"
19-11-2021,Agra,5,Poor,295,PM2.5
20-11-2021,Agra,5,Poor,275,PM2.5
21-11-2021,Agra,5,Moderate,193,"O3, PM2.5"
22-11-2021,Agra,5,Moderate,164,PM2.5
23-11-2021,Agra,5,Satisfactory,99,PM10
24-11-2021,Agra,5,Poor,210,"O3, PM2.5"
25-11-2021,Agra,4,Poor,266,PM2.5
26-11-2021,Agra,5,Poor,255,PM2.5
27-11-2021,Agra,4,Poor,248,PM2.5
28-11-2021,Agra,5,Poor,234,PM2.5
29-11-2021,Agra,3,Poor,263,PM2.5
30-11-2021,Agra,5,Poor,203,PM2.5
01-12-2021,Agra,5,Poor,284,PM2.5
02-12-2021,Agra,5,Very Poor,332,PM2.5
03-12-2021,Agra,4,Moderate,117,PM2.5
04-12-2021,Agra,5,Poor,213,PM2.5
05-12-2021,Agra,5,Moderate,178,PM2.5
06-12-2021,Agra,5,Poor,252,PM2.5
07-12-2021,Agra,4,Moderate,169,PM2.5
08-12-2021,Agra,3,Satisfactory,82,PM2.5
09-12-2021,Agra,4,Moderate,137,"PM10, PM2.5"
10-12-2021,Agra,4,Moderate,174,PM2.5
11-12-2021,Agra,5,Moderate,148,PM2.5
12-12-2021,Agra,5,Moderate,163,PM2.5
13-12-2021,Agra,5,Poor,222,PM2.5
14-12-2021,Agra,5,Poor,238,PM2.5
15-12-2021,Agra,4,Poor,240,PM2.5
16-12-2021,Agra,5,Poor,268,PM2.5
17-12-2021,Agra,5,Poor,208,PM2.5
18-12-2021,Agra,5,Moderate,117,PM2.5
19-12-2021,Agra,5,Satisfactory,95,"O3, PM2.5"
20-12-2021,Agra,5,Moderate,159,PM2.5
21-12-2021,Agra,5,Poor,294,"PM10, PM2.5"
22-12-2021,Agra,5,Poor,299,"PM10, PM2.5"
23-12-2021,Agra,4,Poor,284,PM2.5
24-12-2021,Agra,5,Poor,247,PM2.5
25-12-2021,Agra,3,Very Poor,328,PM2.5
26-12-2021,Agra,5,Very Poor,364,PM2.5
27-12-2021,Agra,3,Poor,273,PM2.5
28-12-2021,Agra,4,Moderate,179,PM2.5
29-12-2021,Agra,5,Poor,238,PM2.5
30-12-2021,Agra,5,Moderate,199,PM2.5
31-12-2021,Agra,5,Poor,224,PM2.5
01-01-2022,Agra,5,Poor,235,PM2.5
02-01-2022,Agra,5,Very Poor,357,"PM10, PM2.5"
03-01-2022,Agra,5,Very Poor,318,PM2.5
04-01-2022,Agra,5,Very Poor,318,PM2.5
05-01-2022,Agra,5,Very Poor,333,PM2.5
06-01-2022,Agra,5,Poor,244,PM2.5
07-01-2022,Agra,5,Moderate,114,PM2.5
08-01-2022,Agra,5,Satisfactory,64,"CO, PM2.5"
09-01-2022,Agra,5,Satisfactory,64,"NO2, PM10, PM2.5"
10-01-2022,Agra,5,Satisfactory,85,"PM10, PM2.5"
11-01-2022,Agra,4,Moderate,108,"PM10, PM2.5"
12-01-2022,Agra,5,Moderate,108,"PM10, PM2.5"
13-01-2022,Agra,5,Moderate,120,"PM10, PM2.5"
14-01-2022,Agra,4,Poor,227,"PM10, PM2.5"
15-01-2022,Agra,5,Moderate,177,"PM10, PM2.5"
16-01-2022,Agra,5,Moderate,145,"PM10, PM2.5"
17-01-2022,Agra,5,Moderate,168,"PM10, PM2.5"
18-01-2022,Agra,5,Moderate,153,"PM10, PM2.5"
19-01-2022,Agra,5,Poor,223,"PM10, PM2.5"
20-01-2022,Agra,5,Poor,234,"PM10, PM2.5"
21-01-2022,Agra,4,Poor,203,"PM10, PM2.5"
22-01-2022,Agra,5,Poor,256,PM2.5
23-01-2022,Agra,5,Moderate,151,"PM10, PM2.5"
24-01-2022,Agra,5,Moderate,156,"PM10, PM2.5"
25-01-2022,Agra,5,Moderate,137,"PM10, PM2.5"
26-01-2022,Agra,5,Moderate,113,"PM10, PM2.5"
27-01-2022,Agra,6,Moderate,136,"PM10, PM2.5"
28-01-2022,Agra,5,Satisfactory,95,"PM10, PM2.5"
29-01-2022,Agra,6,Moderate,123,"PM10, PM2.5"
30-01-2022,Agra,6,Moderate,129,"PM10, PM2.5"
31-01-2022,Agra,6,Poor,220,"PM10, PM2.5"
01-02-2022,Agra,4,Moderate,172,"PM10, PM2.5"
02-02-2022,Agra,6,Moderate,199,"PM10, PM2.5"
03-02-2022,Agra,6,Poor,202,"PM10, PM2.5"
04-02-2022,Agra,6,Moderate,156,"PM10, PM2.5"
05-02-2022,Agra,6,Satisfactory,98,"PM10, PM2.5"
06-02-2022,Agra,6,Moderate,141,"O3, PM2.5"
07-02-2022,Agra,6,Moderate,134,"PM10, PM2.5"
08-02-2022,Agra,6,Moderate,137,"PM10, PM2.5"
09-02-2022,Agra,6,Satisfactory,89,"PM10, PM2.5"
10-02-2022,Agra,5,Satisfactory,64,"O3, PM10, PM2.5"
11-02-2022,Agra,5,Satisfactory,89,"O3, PM10"
12-02-2022,Agra,6,Satisfactory,87,"O3, PM10, PM2.5"
13-02-2022,Agra,6,Moderate,140,"PM10, PM2.5"
14-02-2022,Agra,5,Moderate,141,"PM10, PM2.5"
15-02-2022,Agra,6,Moderate,140,"O3, PM10, PM2.5"
16-02-2022,Agra,6,Moderate,150,"O3, PM10, PM2.5"
17-02-2022,Agra,6,Moderate,130,"PM10, PM2.5"
18-02-2022,Agra,6,Moderate,130,"O3, PM10, PM2.5"
19-02-2022,Agra,6,Satisfactory,78,PM10
20-02-2022,Agra,6,Satisfactory,98,"O3, PM10, PM2.5"
21-02-2022,Agra,6,Moderate,109,"O3, PM10"
22-02-2022,Agra,6,Moderate,104,PM10
23-02-2022,Agra,6,Satisfactory,98,"PM10, PM2.5"
24-02-2022,Agra,5,Moderate,154,"PM10, PM2.5"
25-02-2022,Agra,6,Moderate,185,PM2.5
26-02-2022,Agra,5,Satisfactory,89,PM10
27-02-2022,Agra,4,Good,43,PM10
28-02-2022,Agra,6,Satisfactory,68,"PM10, SO2"
01-03-2022,Agra,6,Satisfactory,100,"O3, PM10, SO2"
02-03-2022,Agra,5,Moderate,118,"PM10, PM2.5, SO2"
03-03-2022,Agra,6,Moderate,118,"PM10, PM2.5"
04-03-2022,Agra,6,Moderate,157,"PM10, PM2.5"
05-03-2022,Agra,5,Satisfactory,71,PM10
06-03-2022,Agra,6,Moderate,102,"O3, PM10"
07-03-2022,Agra,6,Moderate,140,"O3, PM10, PM2.5"
08-03-2022,Agra,5,Moderate,137,"PM10, PM2.5"
09-03-2022,Agra,6,Moderate,147,"PM10, PM2.5"
10-03-2022,Agra,6,Moderate,135,PM10
11-03-2022,Agra,4,Satisfactory,99,PM10
12-03-2022,Agra,6,Satisfactory,92,"PM10, PM2.5"
13-03-2022,Agra,6,Moderate,101,"PM10, PM2.5"
14-03-2022,Agra,5,Moderate,142,"PM10, PM2.5"
15-03-2022,Agra,6,Moderate,153,"PM10, PM2.5"
16-03-2022,Agra,5,Moderate,160,"PM10, PM2.5"
17-03-2022,Agra,5,Moderate,106,"PM10, PM2.5"
18-03-2022,Agra,6,Poor,225,"PM10, PM2.5"
19-03-2022,Agra,6,Moderate,177,"PM10, PM2.5"
20-03-2022,Agra,5,Moderate,114,"PM10, PM2.5"
21-03-2022,Agra,6,Moderate,118,"PM10, PM2.5"
22-03-2022,Agra,5,Moderate,136,PM10
23-03-2022,Agra,6,Moderate,142,PM10
24-03-2022,Agra,5,Moderate,153,PM10
25-03-2022,Agra,5,Moderate,145,PM10
26-03-2022,Agra,5,Moderate,116,"PM10, PM2.5"
27-03-2022,Agra,4,Moderate,128,PM10
28-03-2022,Agra,5,Moderate,140,"PM10, PM2.5"
29-03-2022,Agra,5,Moderate,150,PM10
30-03-2022,Agra,6,Moderate,158,"PM10, PM2.5"
31-03-2022,Agra,5,Moderate,134,PM10
01-04-2022,Agra,5,Moderate,150,PM10
02-04-2022,Agra,6,Moderate,137,"O3, PM10, PM2.5"
03-04-2022,Agra,4,Moderate,106,PM10
04-04-2022,Agra,4,Moderate,136,PM10
05-04-2022,Agra,6,Moderate,161,"PM10, PM2.5"
06-04-2022,Agra,5,Moderate,133,PM10
07-04-2022,Agra,5,Moderate,137,PM10
08-04-2022,Agra,5,Moderate,135,PM10
09-04-2022,Agra,5,Moderate,149,PM10
10-04-2022,Agra,5,Moderate,132,PM10
11-04-2022,Agra,5,Moderate,130,PM10
12-04-2022,Agra,5,Moderate,137,"PM10, PM2.5"
13-04-2022,Agra,5,Moderate,159,PM10
14-04-2022,Agra,6,Moderate,138,"PM10, PM2.5"
15-04-2022,Agra,3,Poor,253,PM10
16-04-2022,Agra,5,Moderate,141,PM10
17-04-2022,Agra,5,Moderate,127,PM10
18-04-2022,Agra,5,Moderate,135,"PM10, SO2"
19-04-2022,Agra,6,Moderate,154,"PM10, PM2.5, SO2"
20-04-2022,Agra,5,Moderate,124,PM10
21-04-2022,Agra,5,Moderate,134,PM10
22-04-2022,Agra,5,Moderate,155,PM10
23-04-2022,Agra,6,Moderate,135,"PM10, PM2.5"
24-04-2022,Agra,6,Moderate,148,"PM10, PM2.5"
25-04-2022,Agra,6,Moderate,151,"PM10, PM2.5"
26-04-2022,Agra,5,Moderate,178,PM10
27-04-2022,Agra,5,Moderate,147,PM10
28-04-2022,Agra,5,Moderate,126,PM10
29-04-2022,Agra,5,Moderate,125,PM10
30-04-2022,Agra,5,Moderate,103,PM10
01-05-2022,Agra,6,Moderate,145,PM10
02-05-2022,Agra,3,Moderate,144,PM10
03-05-2022,Agra,5,Moderate,157,PM10
04-05-2022,Agra,6,Moderate,166,"PM10, PM2.5"
05-05-2022,Agra,4,Moderate,109,"O3, PM10"
06-05-2022,Agra,6,Moderate,118,"O3, PM10, PM2.5"
07-05-2022,Agra,6,Satisfactory,98,"O3, PM10, PM2.5"
08-05-2022,Agra,6,Moderate,122,"O3, PM10, PM2.5"
09-05-2022,Agra,6,Moderate,110,"O3, PM10, PM2.5"
10-05-2022,Agra,6,Satisfactory,93,"O3, PM10, PM2.5"
11-05-2022,Agra,6,Moderate,101,"O3, PM10, PM2.5"
12-05-2022,Agra,6,Satisfactory,88,"O3, PM10, PM2.5"
13-05-2022,Agra,5,Moderate,114,"O3, PM10"
14-05-2022,Agra,5,Moderate,141,"O3, PM10"
15-05-2022,Agra,5,Moderate,140,PM10
16-05-2022,Agra,5,Moderate,154,PM10
17-05-2022,Agra,6,Moderate,194,"PM10, PM2.5"
18-05-2022,Agra,5,Moderate,154,PM10
19-05-2022,Agra,5,Moderate,116,"O3, PM10, PM2.5"
20-05-2022,Agra,6,Moderate,171,"PM10, PM2.5"
21-05-2022,Agra,6,Moderate,159,"PM10, PM2.5"
22-05-2022,Agra,6,Moderate,148,"PM10, PM2.5"
23-05-2022,Agra,6,Moderate,107,"PM10, PM2.5"
24-05-2022,Agra,5,Good,48,"O3, PM10"
25-05-2022,Agra,6,Satisfactory,88,"O3, PM10, PM2.5"
26-05-2022,Agra,5,Moderate,119,"O3, PM10, PM2.5"
27-05-2022,Agra,5,Moderate,105,PM10
28-05-2022,Agra,6,Satisfactory,95,"PM10, PM2.5"
29-05-2022,Agra,6,Moderate,167,"PM10, PM2.5"
30-05-2022,Agra,4,Moderate,109,PM10
31-05-2022,Agra,4,Moderate,128,PM10
01-06-2022,Agra,6,Moderate,188,"PM10, PM2.5"
02-06-2022,Agra,6,Moderate,132,"PM10, PM2.5"
03-06-2022,Agra,4,Moderate,127,PM10
04-06-2022,Agra,6,Moderate,122,"O3, PM10, PM2.5"
05-06-2022,Agra,5,Moderate,113,"PM10, PM2.5"
06-06-2022,Agra,6,Moderate,121,"NO2, PM10, PM2.5"
07-06-2022,Agra,6,Moderate,143,"PM10, PM2.5"
08-06-2022,Agra,4,Poor,210,"PM10, PM2.5"
09-06-2022,Agra,5,Moderate,123,"PM10, PM2.5"
10-06-2022,Agra,5,Moderate,183,"PM10, PM2.5"
11-06-2022,Agra,6,Moderate,178,"PM10, PM2.5"
12-06-2022,Agra,6,Moderate,128,"PM10, PM2.5"
13-06-2022,Agra,6,Satisfactory,90,"PM10, PM2.5"
14-06-2022,Agra,6,Satisfactory,91,"PM10, PM2.5"
15-06-2022,Agra,6,Satisfactory,82,"O3, PM10, PM2.5"
16-06-2022,Agra,5,Satisfactory,80,"PM10, PM2.5"
17-06-2022,Agra,5,Good,41,"O3, PM10"
18-06-2022,Agra,4,Good,38,"O3, PM10"
19-06-2022,Agra,4,Good,24,"O3, PM10, PM2.5"
20-06-2022,Agra,5,Good,38,"O3, PM10, PM2.5"
21-06-2022,Agra,5,Good,49,"O3, PM10, PM2.5"
22-06-2022,Agra,6,Satisfactory,72,"O3, PM10, PM2.5"
23-06-2022,Agra,6,Moderate,106,"O3, PM10, PM2.5"
24-06-2022,Agra,6,Moderate,134,"PM10, PM2.5"
25-06-2022,Agra,6,Moderate,140,"O3, PM10, PM2.5"
26-06-2022,Agra,6,Satisfactory,85,"PM10, PM2.5"
27-06-2022,Agra,6,Satisfactory,69,"PM10, PM2.5"
28-06-2022,Agra,6,Satisfactory,70,"PM10, PM2.5"
29-06-2022,Agra,6,Satisfactory,63,"PM10, PM2.5"
30-06-2022,Agra,5,Good,31,"PM10, PM2.5"
01-07-2022,Agra,6,Good,42,"O3, PM2.5, SO2"
02-07-2022,Agra,6,Satisfactory,59,"O3, PM10, PM2.5"
03-07-2022,Agra,5,Good,24,"O3, PM2.5"
04-07-2022,Agra,5,Good,28,"CO, O3, PM2.5"
05-07-2022,Agra,4,Good,45,"PM10, PM2.5"
06-07-2022,Agra,5,Satisfactory,58,"PM10, PM2.5"
07-07-2022,Agra,6,Satisfactory,69,"PM10, PM2.5"
08-07-2022,Agra,4,Good,50,PM10
09-07-2022,Agra,6,Satisfactory,66,"PM10, PM2.5"
10-07-2022,Agra,5,Good,38,"PM10, PM2.5, SO2"
11-07-2022,Agra,5,Good,44,"PM10, PM2.5"
12-07-2022,Agra,6,Good,42,"PM10, PM2.5"
13-07-2022,Agra,5,Good,37,PM10
14-07-2022,Agra,6,Good,42,"PM10, PM2.5"
15-07-2022,Agra,6,Good,46,"PM10, PM2.5"
16-07-2022,Agra,6,Good,31,"PM10, SO2"
17-07-2022,Agra,6,Good,26,"CO, O3, PM2.5"
18-07-2022,Agra,6,Good,37,"O3, PM10, SO2"
19-07-2022,Agra,6,Good,40,"O3, PM10, PM2.5"
20-07-2022,Agra,4,Good,46,"O3, PM10"
21-07-2022,Agra,6,Good,23,"CO, PM10, SO2"
22-07-2022,Agra,5,Good,33,"PM10, PM2.5"
23-07-2022,Agra,6,Good,29,"PM10, PM2.5, SO2"
24-07-2022,Agra,6,Good,26,"CO, PM2.5, SO2"
25-07-2022,Agra,6,Good,28,"CO, PM10, SO2"
26-07-2022,Agra,5,Good,21,"O3, PM10, PM2.5"
27-07-2022,Agra,6,Good,22,"CO, O3, PM10"
28-07-2022,Agra,6,Good,23,"CO, PM2.5, SO2"
29-07-2022,Agra,6,Good,28,"CO, O3, PM2.5"
30-07-2022,Agra,6,Good,27,"CO, O3, PM10"
31-07-2022,Agra,5,Good,32,"PM10, PM2.5, SO2"
01-08-2022,Agra,6,Good,42,"O3, PM10, SO2"
02-08-2022,Agra,6,Good,27,"O3, PM10, SO2"
03-08-2022,Agra,4,Good,42,"CO, O3, PM10"
04-08-2022,Agra,6,Good,38,"O3, PM10, PM2.5"
05-08-2022,Agra,6,Good,32,"O3, PM10, PM2.5"
06-08-2022,Agra,6,Good,37,"PM10, PM2.5"
07-08-2022,Agra,6,Good,38,"O3, PM10, PM2.5"
08-08-2022,Agra,6,Good,27,"CO, PM2.5, SO2"
09-08-2022,Agra,6,Satisfactory,86,"PM10, PM2.5, SO2"
10-08-2022,Agra,5,Good,24,"CO, PM10"
11-08-2022,Agra,5,Good,29,"CO, O3, PM10"
12-08-2022,Agra,4,Good,20,"CO, PM10"
13-08-2022,Agra,4,Good,26,"CO, O3, PM10"
14-08-2022,Agra,5,Good,46,"CO, O3, PM10"
15-08-2022,Agra,4,Good,23,"O3, PM10, SO2"
16-08-2022,Agra,4,Good,47,"O3, PM10"
17-08-2022,Agra,5,Good,22,"O3, PM10, SO2"
18-08-2022,Agra,6,Good,42,"O3, PM10, SO2"
19-08-2022,Agra,6,Satisfactory,51,"O3, PM10, SO2"
20-08-2022,Agra,6,Satisfactory,52,"CO, O3, PM10"
21-08-2022,Agra,5,Good,40,"PM10, PM2.5"
22-08-2022,Agra,6,Good,27,"PM10, PM2.5"
23-08-2022,Agra,6,Satisfactory,72,"O3, PM10, SO2"
24-08-2022,Agra,6,Good,25,"PM10, SO2"
25-08-2022,Agra,6,Good,26,PM10
26-08-2022,Agra,5,Good,46,"PM10, PM2.5"
27-08-2022,Agra,5,Good,42,"PM10, PM2.5"
28-08-2022,Agra,6,Satisfactory,58,"PM10, PM2.5"
29-08-2022,Agra,6,Satisfactory,72,"PM10, PM2.5"
30-08-2022,Agra,6,Good,40,"PM10, PM2.5"
31-08-2022,Agra,5,Good,50,"PM10, PM2.5"
01-09-2022,Agra,6,Satisfactory,54,"PM10, PM2.5"
02-09-2022,Agra,6,Good,33,"O3, PM10, SO2"
03-09-2022,Agra,6,Good,37,"PM10, PM2.5"
04-09-2022,Agra,5,Good,40,"PM10, PM2.5"
05-09-2022,Agra,5,Good,34,"PM10, PM2.5"
06-09-2022,Agra,6,Good,48,"PM10, PM2.5"
07-09-2022,Agra,6,Satisfactory,53,"PM10, PM2.5"
08-09-2022,Agra,5,Satisfactory,75,"PM10, PM2.5"
09-09-2022,Agra,5,Satisfactory,65,"PM10, PM2.5"
10-09-2022,Agra,5,Satisfactory,51,"PM10, PM2.5"
11-09-2022,Agra,6,Good,40,"PM10, PM2.5"
12-09-2022,Agra,6,Good,35,"PM10, PM2.5"
13-09-2022,Agra,6,Good,28,"CO, PM10, SO2"
14-09-2022,Agra,6,Good,26,"CO, PM10, SO2"
15-09-2022,Agra,6,Good,39,"CO, PM10, PM2.5"
16-09-2022,Agra,6,Good,26,"CO, PM10, SO2"
17-09-2022,Agra,6,Good,29,"CO, PM10, SO2"
18-09-2022,Agra,5,Good,34,"CO, PM10"
19-09-2022,Agra,6,Good,48,"O3, PM10, PM2.5"
20-09-2022,Agra,5,Good,49,"PM10, PM2.5"
21-09-2022,Agra,6,Good,30,"CO, PM10"
22-09-2022,Agra,3,Good,24,"PM10, SO2"
23-09-2022,Agra,4,Good,31,"PM10, PM2.5"
24-09-2022,Agra,5,Good,29,"CO, O3, SO2"
25-09-2022,Agra,5,Good,42,"O3, PM2.5, SO2"
26-09-2022,Agra,5,Good,45,"PM10, PM2.5"
27-09-2022,Agra,6,Satisfactory,67,"PM10, PM2.5"
28-09-2022,Agra,6,Satisfactory,74,PM10
29-09-2022,Agra,5,Satisfactory,85,"PM10, PM2.5"
30-09-2022,Agra,6,Satisfactory,92,"PM10, PM2.5"
01-10-2022,Agra,6,Moderate,101,"PM10, PM2.5"
02-10-2022,Agra,5,Satisfactory,100,"PM10, PM2.5"
03-10-2022,Agra,6,Satisfactory,74,"PM10, PM2.5"
04-10-2022,Agra,6,Satisfactory,66,"PM10, PM2.5"
05-10-2022,Agra,3,Good,49,"PM10, PM2.5"
06-10-2022,Agra,4,Good,23,SO2
07-10-2022,Agra,6,Good,25,"O3, PM10, SO2"
08-10-2022,Agra,4,Good,24,"O3, PM10, SO2"
09-10-2022,Agra,5,Good,23,"CO, PM2.5, SO2"
10-10-2022,Agra,6,Good,23,"CO, PM2.5, SO2"
11-10-2022,Agra,6,Good,24,"PM2.5, SO2"
12-10-2022,Agra,5,Good,36,"PM10, PM2.5"
13-10-2022,Agra,6,Satisfactory,54,"NO2, PM10, PM2.5"
14-10-2022,Agra,6,Satisfactory,75,"PM10, PM2.5"
15-10-2022,Agra,6,Satisfactory,100,"PM10, PM2.5"
16-10-2022,Agra,5,Moderate,135,"PM10, PM2.5"
17-10-2022,Agra,6,Moderate,120,"PM10, PM2.5"
18-10-2022,Agra,5,Moderate,107,"PM10, PM2.5"
19-10-2022,Agra,6,Moderate,124,"PM10, PM2.5"
20-10-2022,Agra,5,Satisfactory,88,"PM10, PM2.5"
21-10-2022,Agra,5,Satisfactory,91,"NO2, PM10, PM2.5"
22-10-2022,Agra,6,Moderate,140,"PM10, PM2.5"
23-10-2022,Agra,6,Moderate,161,"PM10, PM2.5"
24-10-2022,Agra,5,Poor,206,PM2.5
25-10-2022,Agra,6,Moderate,175,"PM10, PM2.5"
26-10-2022,Agra,6,Moderate,177,PM2.5
27-10-2022,Agra,6,Moderate,182,PM2.5
28-10-2022,Agra,6,Moderate,184,"PM10, PM2.5"
29-10-2022,Agra,6,Moderate,160,"PM10, PM2.5"
30-10-2022,Agra,6,Poor,204,PM2.5
31-10-2022,Agra,6,Poor,213,"PM10, PM2.5"
01-11-2022,Agra,6,Poor,220,PM2.5
02-11-2022,Agra,5,Moderate,148,"PM10, PM2.5"
03-11-2022,Agra,5,Moderate,180,"PM10, PM2.5"
04-11-2022,Agra,6,Poor,231,"PM10, PM2.5"
05-11-2022,Agra,6,Moderate,148,"PM10, PM2.5"
06-11-2022,Agra,6,Moderate,107,PM10
07-11-2022,Agra,6,Moderate,101,"PM10, PM2.5"
08-11-2022,Agra,6,Satisfactory,93,"PM10, PM2.5"
09-11-2022,Agra,6,Satisfactory,66,"PM10, PM2.5"
10-11-2022,Agra,6,Satisfactory,75,"PM10, PM2.5"
11-11-2022,Agra,6,Moderate,141,PM2.5
12-11-2022,Agra,6,Satisfactory,90,"PM10, PM2.5"
13-11-2022,Agra,6,Satisfactory,82,PM10
14-11-2022,Agra,6,Moderate,124,"PM10, PM2.5"
15-11-2022,Agra,6,Moderate,104,"PM10, PM2.5"
16-11-2022,Agra,6,Moderate,117,"PM10, PM2.5"
17-11-2022,Agra,6,Satisfactory,75,PM10
18-11-2022,Agra,6,Satisfactory,78,PM10
19-11-2022,Agra,6,Satisfactory,96,"PM10, PM2.5"
20-11-2022,Agra,6,Moderate,130,PM2.5
21-11-2022,Agra,6,Moderate,121,"PM10, PM2.5"
22-11-2022,Agra,6,Moderate,105,"PM10, PM2.5"
23-11-2022,Agra,6,Satisfactory,82,NO2
24-11-2022,Agra,6,Satisfactory,71,PM10
25-11-2022,Agra,6,Moderate,116,"PM10, PM2.5"
26-11-2022,Agra,6,Satisfactory,96,"PM10, PM2.5"
27-11-2022,Agra,6,Moderate,111,"PM10, PM2.5"
28-11-2022,Agra,5,Moderate,181,PM2.5
29-11-2022,Agra,6,Moderate,172,PM2.5
30-11-2022,Agra,6,Moderate,125,PM2.5
01-12-2022,Agra,6,Moderate,112,PM2.5
02-12-2022,Agra,6,Moderate,105,PM2.5
03-12-2022,Agra,6,Moderate,124,PM2.5
04-12-2022,Agra,6,Moderate,144,PM2.5
05-12-2022,Agra,6,Moderate,130,PM2.5
06-12-2022,Agra,6,Satisfactory,86,PM2.5
07-12-2022,Agra,6,Satisfactory,70,PM10
08-12-2022,Agra,6,Satisfactory,62,PM10
09-12-2022,Agra,6,Satisfactory,91,PM10
10-12-2022,Agra,6,Moderate,170,PM2.5
11-12-2022,Agra,6,Moderate,157,PM2.5
12-12-2022,Agra,6,Satisfactory,70,PM10
13-12-2022,Agra,6,Satisfactory,65,PM10
14-12-2022,Agra,6,Satisfactory,54,PM10
15-12-2022,Agra,6,Satisfactory,63,PM10
16-12-2022,Agra,6,Satisfactory,74,PM10
17-12-2022,Agra,6,Moderate,131,PM2.5
18-12-2022,Agra,6,Moderate,131,PM2.5
19-12-2022,Agra,6,Moderate,158,PM2.5
20-12-2022,Agra,6,Moderate,146,PM2.5
21-12-2022,Agra,6,Moderate,163,PM2.5
22-12-2022,Agra,6,Moderate,106,PM2.5
23-12-2022,Agra,6,Satisfactory,93,"PM10, PM2.5"
24-12-2022,Agra,5,Satisfactory,80,PM10
25-12-2022,Agra,6,Satisfactory,71,"PM10, PM2.5"
26-12-2022,Agra,6,Satisfactory,93,"PM10, PM2.5"
27-12-2022,Agra,6,Satisfactory,90,"PM10, PM2.5"
28-12-2022,Agra,6,Satisfactory,74,"PM10, PM2.5"
29-12-2022,Agra,6,Satisfactory,84,"PM10, PM2.5"
30-12-2022,Agra,6,Moderate,102,PM2.5
31-12-2022,Agra,6,Moderate,138,PM2.5
01-01-2023,Agra,6,Satisfactory,76,"PM10, PM2.5"
02-01-2023,Agra,6,Satisfactory,62,"PM10, PM2.5"
03-01-2023,Agra,6,Satisfactory,73,PM2.5
04-01-2023,Agra,6,Moderate,106,PM2.5
05-01-2023,Agra,6,Moderate,103,PM2.5
06-01-2023,Agra,6,Satisfactory,87,"PM10, PM2.5"
07-01-2023,Agra,6,Moderate,130,PM2.5
08-01-2023,Agra,6,Moderate,146,PM2.5
09-01-2023,Agra,6,Moderate,154,PM2.5
10-01-2023,Agra,6,Moderate,157,PM2.5
11-01-2023,Agra,6,Moderate,156,"PM10, PM2.5"
12-01-2023,Agra,6,Satisfactory,99,"PM10, PM2.5"
13-01-2023,Agra,6,Moderate,110,PM10
14-01-2023,Agra,6,Moderate,104,"PM10, PM2.5"
15-01-2023,Agra,6,Satisfactory,52,O3
16-01-2023,Agra,6,Satisfactory,73,PM10
17-01-2023,Agra,6,Satisfactory,72,PM10
18-01-2023,Agra,6,Moderate,101,"PM10, PM2.5"
19-01-2023,Agra,6,Moderate,117,"PM10, PM2.5"
20-01-2023,Agra,6,Moderate,123,"PM10, PM2.5"
21-01-2023,Agra,6,Moderate,103,PM10
22-01-2023,Agra,6,Satisfactory,93,PM2.5
23-01-2023,Agra,5,Satisfactory,64,"PM10, PM2.5"
24-01-2023,Agra,5,Good,38,PM10
25-01-2023,Agra,6,Good,44,CO
26-01-2023,Agra,6,Good,46,PM10
27-01-2023,Agra,6,Good,41,PM10
28-01-2023,Agra,6,Good,45,"NO2, PM10"
29-01-2023,Agra,5,Satisfactory,83,"PM10, PM2.5"
30-01-2023,Agra,6,Good,36,PM10
31-01-2023,Agra,5,Good,30,"PM10, PM2.5"
01-02-2023,Agra,5,Good,30,PM10
02-02-2023,Agra,6,Good,41,"CO, NO2"
03-02-2023,Agra,6,Good,44,"NO2, PM10"
04-02-2023,Agra,6,Good,49,"NO2, PM10"
05-02-2023,Agra,6,Good,48,"NO2, PM10"
06-02-2023,Agra,6,Satisfactory,56,"NO2, PM10"
07-02-2023,Agra,6,Satisfactory,56,"NO2, PM10"
08-02-2023,Agra,6,Good,36,"NO2, PM10"
09-02-2023,Agra,6,Good,44,"NO2, PM10"
10-02-2023,Agra,6,Good,38,"NO2, PM10"
11-02-2023,Agra,6,Satisfactory,51,"NO2, PM10"
12-02-2023,Agra,6,Satisfactory,62,PM10
13-02-2023,Agra,6,Good,31,"O3, SO2"
14-02-2023,Agra,6,Good,35,"NO2, PM10"
15-02-2023,Agra,6,Satisfactory,52,PM10
16-02-2023,Agra,6,Satisfactory,75,PM10
17-02-2023,Agra,5,Satisfactory,78,PM10
18-02-2023,Agra,6,Satisfactory,76,PM10
19-02-2023,Agra,6,Satisfactory,85,PM10
20-02-2023,Agra,6,Satisfactory,76,PM10
21-02-2023,Agra,6,Good,47,PM10
22-02-2023,Agra,6,Satisfactory,68,PM10
23-02-2023,Agra,5,Satisfactory,62,PM10
24-02-2023,Agra,5,Satisfactory,52,PM10
25-02-2023,Agra,6,Satisfactory,67,PM10
26-02-2023,Agra,6,Satisfactory,60,PM10
27-02-2023,Agra,5,Satisfactory,57,PM10
28-02-2023,Agra,6,Satisfactory,64,PM10
01-03-2023,Agra,6,Satisfactory,52,PM10
02-03-2023,Agra,5,Satisfactory,57,PM10
03-03-2023,Agra,6,Satisfactory,56,PM10
04-03-2023,Agra,6,Satisfactory,51,PM10
05-03-2023,Agra,6,Good,47,PM10
06-03-2023,Agra,6,Satisfactory,56,PM10
07-03-2023,Agra,6,Satisfactory,58,PM10
08-03-2023,Agra,5,Satisfactory,77,PM10
09-03-2023,Agra,5,Good,38,PM10
10-03-2023,Agra,6,Satisfactory,59,PM10
11-03-2023,Agra,5,Satisfactory,65,PM10
12-03-2023,Agra,6,Satisfactory,64,PM10
13-03-2023,Agra,6,Satisfactory,62,PM10
14-03-2023,Agra,6,Satisfactory,98,PM10
15-03-2023,Agra,5,Satisfactory,69,PM10
16-03-2023,Agra,5,Satisfactory,62,PM10
17-03-2023,Agra,5,Satisfactory,58,PM10
18-03-2023,Agra,6,Good,35,PM10
19-03-2023,Agra,6,Good,40,PM10
20-03-2023,Agra,6,Good,46,"O3, PM10"
21-03-2023,Agra,6,Satisfactory,51,PM10
22-03-2023,Agra,6,Good,44,PM10
23-03-2023,Agra,6,Good,47,PM10
24-03-2023,Agra,6,Satisfactory,56,PM10
25-03-2023,Agra,6,Good,50,PM10
26-03-2023,Agra,6,Satisfactory,60,PM10
27-03-2023,Agra,6,Satisfactory,67,PM10
28-03-2023,Agra,6,Satisfactory,62,PM10
29-03-2023,Agra,6,Satisfactory,67,PM10
30-03-2023,Agra,6,Satisfactory,78,PM10
31-03-2023,Agra,5,Good,50,PM10
01-04-2023,Agra,6,Good,34,PM10
02-04-2023,Agra,5,Satisfactory,55,PM10
03-04-2023,Agra,6,Satisfactory,65,PM10
04-04-2023,Agra,6,Good,46,PM10
05-04-2023,Agra,6,Satisfactory,69,PM10
06-04-2023,Agra,6,Satisfactory,73,PM10
07-04-2023,Agra,6,Satisfactory,72,PM10
08-04-2023,Agra,6,Satisfactory,64,PM10
09-04-2023,Agra,6,Satisfactory,82,PM10
10-04-2023,Agra,6,Satisfactory,82,PM10
11-04-2023,Agra,6,Satisfactory,76,PM10
12-04-2023,Agra,6,Satisfactory,100,PM10
13-04-2023,Agra,6,Satisfactory,84,PM10
14-04-2023,Agra,6,Satisfactory,80,PM10
15-04-2023,Agra,6,Satisfactory,88,PM10
16-04-2023,Agra,6,Satisfactory,80,PM10
17-04-2023,Agra,5,Satisfactory,73,PM10
18-04-2023,Agra,6,Satisfactory,72,PM10
19-04-2023,Agra,6,Moderate,113,PM10
20-04-2023,Agra,6,Satisfactory,89,PM10
21-04-2023,Agra,6,Satisfactory,62,PM10
22-04-2023,Agra,6,Satisfactory,82,PM10
23-04-2023,Agra,6,Satisfactory,65,PM10
24-04-2023,Agra,6,Satisfactory,67,PM10
25-04-2023,Agra,6,Good,50,PM10
26-04-2023,Agra,6,Satisfactory,65,PM10
27-04-2023,Agra,6,Satisfactory,68,PM10
28-04-2023,Agra,6,Satisfactory,93,PM10
29-04-2023,Agra,6,Satisfactory,59,PM10
30-04-2023,Agra,6,Satisfactory,66,PM10
01-05-2023,Agra,6,Good,46,PM10
02-05-2023,Agra,5,Good,47,O3
03-05-2023,Agra,6,Good,50,O3
04-05-2023,Agra,6,Good,41,O3
05-05-2023,Agra,5,Satisfactory,56,O3
06-05-2023,Agra,5,Satisfactory,76,O3
07-05-2023,Agra,5,Satisfactory,75,"O3, PM10"
08-05-2023,Agra,5,Satisfactory,56,O3
09-05-2023,Agra,5,Satisfactory,62,O3
10-05-2023,Agra,6,Satisfactory,73,PM2.5
11-05-2023,Agra,6,Satisfactory,77,PM10
12-05-2023,Agra,6,Satisfactory,84,PM2.5
13-05-2023,Agra,6,Satisfactory,71,PM2.5
14-05-2023,Agra,6,Satisfactory,78,"PM10, PM2.5"
15-05-2023,Agra,6,Satisfactory,70,PM10
16-05-2023,Agra,6,Satisfactory,69,PM10
17-05-2023,Agra,6,Satisfactory,74,PM10
18-05-2023,Agra,5,Satisfactory,86,O3
19-05-2023,Agra,6,Satisfactory,89,O3
20-05-2023,Agra,6,Moderate,111,PM10
21-05-2023,Agra,6,Moderate,107,PM10
22-05-2023,Agra,6,Moderate,104,PM10
23-05-2023,Agra,6,Satisfactory,86,PM10
24-05-2023,Agra,6,Satisfactory,88,O3
25-05-2023,Agra,6,Satisfactory,76,O3
26-05-2023,Agra,5,Satisfactory,67,O3
27-05-2023,Agra,6,Satisfactory,63,O3
28-05-2023,Agra,6,Satisfactory,72,O3
29-05-2023,Agra,6,Satisfactory,83,O3
30-05-2023,Agra,6,Satisfactory,74,PM10
31-05-2023,Agra,6,Satisfactory,51,PM10
01-06-2023,Agra,6,Satisfactory,52,PM10
02-06-2023,Agra,6,Satisfactory,62,PM10
03-06-2023,Agra,6,Satisfactory,91,PM10
04-06-2023,Agra,6,Satisfactory,92,PM10
05-06-2023,Agra,6,Satisfactory,65,PM10
06-06-2023,Agra,6,Satisfactory,84,PM10
07-06-2023,Agra,6,Moderate,120,PM10
08-06-2023,Agra,6,Moderate,119,PM10
09-06-2023,Agra,6,Satisfactory,85,PM10
10-06-2023,Agra,6,Satisfactory,77,PM10
11-06-2023,Agra,6,Moderate,102,PM10
12-06-2023,Agra,6,Moderate,125,PM10
13-06-2023,Agra,6,Moderate,109,PM10
14-06-2023,Agra,6,Satisfactory,82,PM10
15-06-2023,Agra,6,Satisfactory,82,PM10
16-06-2023,Agra,6,Satisfactory,77,PM10
17-06-2023,Agra,6,Satisfactory,65,PM10
18-06-2023,Agra,6,Satisfactory,67,PM10
19-06-2023,Agra,6,Good,50,"O3, PM10"
20-06-2023,Agra,6,Good,36,O3
21-06-2023,Agra,6,Good,47,O3
22-06-2023,Agra,5,Satisfactory,85,"O3, PM2.5"
23-06-2023,Agra,6,Satisfactory,79,PM10
24-06-2023,Agra,6,Satisfactory,90,O3
25-06-2023,Agra,6,Satisfactory,52,O3
26-06-2023,Agra,6,Good,46,O3
27-06-2023,Agra,6,Good,47,O3
28-06-2023,Agra,6,Satisfactory,65,NO2
29-06-2023,Agra,6,Satisfactory,53,NO2
30-06-2023,Agra,6,Satisfactory,61,NO2
01-07-2023,Agra,6,Good,43,O3
02-07-2023,Agra,6,Satisfactory,52,O3
03-07-2023,Agra,5,Satisfactory,66,"O3, PM2.5"
04-07-2023,Agra,6,Satisfactory,78,O3
05-07-2023,Agra,6,Satisfactory,67,O3
06-07-2023,Agra,6,Good,47,"O3, PM10"
07-07-2023,Agra,6,Satisfactory,52,"NO2, PM10"
08-07-2023,Agra,6,Satisfactory,66,"NO2, PM10"
09-07-2023,Agra,6,Satisfactory,55,"NO2, PM10"
10-07-2023,Agra,6,Good,46,"NO2, PM10"
11-07-2023,Agra,5,Good,50,"NO2, PM10"
12-07-2023,Agra,6,Satisfactory,65,PM10
13-07-2023,Agra,6,Satisfactory,56,PM10
14-07-2023,Agra,6,Good,50,PM10
15-07-2023,Agra,6,Satisfactory,72,PM10
16-07-2023,Agra,6,Good,44,"NO2, PM10"
17-07-2023,Agra,6,Satisfactory,53,"NO2, PM10"
18-07-2023,Agra,6,Satisfactory,64,PM10
19-07-2023,Agra,6,Good,50,PM10
20-07-2023,Agra,6,Satisfactory,64,PM10
21-07-2023,Agra,6,Satisfactory,68,PM10
22-07-2023,Agra,6,Satisfactory,66,PM10
23-07-2023,Agra,6,Good,48,PM10
24-07-2023,Agra,6,Satisfactory,55,PM10
25-07-2023,Agra,6,Satisfactory,70,PM2.5
26-07-2023,Agra,6,Satisfactory,79,"PM10, PM2.5"
27-07-2023,Agra,6,Satisfactory,73,PM10
28-07-2023,Agra,6,Satisfactory,59,PM10
29-07-2023,Agra,5,Good,39,PM10
30-07-2023,Agra,6,Good,44,PM10
31-07-2023,Agra,6,Good,48,PM10
01-08-2023,Agra,6,Satisfactory,62,PM10
02-08-2023,Agra,6,Satisfactory,67,PM10
03-08-2023,Agra,6,Satisfactory,69,PM10
04-08-2023,Agra,5,Satisfactory,53,"NO2, PM10"
05-08-2023,Agra,6,Satisfactory,92,PM10
06-08-2023,Agra,6,Satisfactory,60,"NO2, PM10"
07-08-2023,Agra,6,Satisfactory,66,"NO2, PM10"
08-08-2023,Agra,6,Satisfactory,75,PM10
09-08-2023,Agra,6,Satisfactory,83,PM10
10-08-2023,Agra,5,Satisfactory,98,PM10
11-08-2023,Agra,6,Satisfactory,96,PM10
12-08-2023,Agra,6,Satisfactory,76,"NO2, PM10"
13-08-2023,Agra,6,Satisfactory,76,PM10
14-08-2023,Agra,6,Satisfactory,76,PM10
15-08-2023,Agra,6,Satisfactory,84,PM10
16-08-2023,Agra,5,Satisfactory,78,PM10
17-08-2023,Agra,6,Satisfactory,98,PM10
18-08-2023,Agra,5,Satisfactory,95,PM10
19-08-2023,Agra,5,Satisfactory,71,PM10
20-08-2023,Agra,6,Satisfactory,73,PM10
21-08-2023,Agra,6,Satisfactory,79,PM10
22-08-2023,Agra,6,Satisfactory,66,PM10
23-08-2023,Agra,6,Good,39,"NO2, PM10"
24-08-2023,Agra,6,Satisfactory,60,PM10
25-08-2023,Agra,6,Satisfactory,68,"O3, PM10"
26-08-2023,Agra,5,Satisfactory,82,PM10
27-08-2023,Agra,5,Moderate,103,"PM10, PM2.5"
28-08-2023,Agra,5,Moderate,117,"O3, PM10"
29-08-2023,Agra,6,Satisfactory,91,PM10
30-08-2023,Agra,5,Satisfactory,94,PM10
31-08-2023,Agra,6,Satisfactory,86,PM10
01-09-2023,Agra,6,Moderate,109,PM10
02-09-2023,Agra,6,Moderate,105,PM10
03-09-2023,Agra,6,Satisfactory,89,PM10
04-09-2023,Agra,6,Moderate,102,PM10
05-09-2023,Agra,6,Satisfactory,74,"PM10, PM2.5"
06-09-2023,Agra,6,Satisfactory,55,PM10
07-09-2023,Agra,5,Satisfactory,68,PM10
08-09-2023,Agra,6,Good,49,PM10
09-09-2023,Agra,6,Satisfactory,61,PM10
10-09-2023,Agra,6,Good,44,"NO2, PM10"
11-09-2023,Agra,6,Good,43,"NO2, PM10"
12-09-2023,Agra,6,Satisfactory,54,"NO2, PM10"
13-09-2023,Agra,6,Satisfactory,58,"O3, PM10"
14-09-2023,Agra,6,Satisfactory,73,"PM10, PM2.5"
15-09-2023,Agra,5,Satisfactory,69,"PM10, PM2.5"
16-09-2023,Agra,4,Satisfactory,56,"NO2, PM10"
17-09-2023,Agra,5,Satisfactory,57,"NO2, O3"
18-09-2023,Agra,6,Good,40,"NO2, O3"
19-09-2023,Agra,5,Satisfactory,52,"O3, PM10"
20-09-2023,Agra,6,Satisfactory,62,"NO2, PM10"
21-09-2023,Agra,6,Satisfactory,66,PM10
22-09-2023,Agra,6,Satisfactory,71,PM10
23-09-2023,Agra,6,Satisfactory,61,PM10
24-09-2023,Agra,5,Satisfactory,75,"PM10, PM2.5"
25-09-2023,Agra,5,Satisfactory,79,"PM10, PM2.5"
26-09-2023,Agra,5,Satisfactory,69,"O3, PM10"
27-09-2023,Agra,5,Satisfactory,98,"O3, PM2.5"
28-09-2023,Agra,6,Moderate,130,"PM10, PM2.5"
29-09-2023,Agra,6,Moderate,140,"PM10, PM2.5"
30-09-2023,Agra,4,Moderate,122,PM2.5
01-10-2023,Agra,5,Moderate,120,PM2.5
02-10-2023,Agra,6,Satisfactory,100,PM2.5
03-10-2023,Agra,6,Moderate,112,PM2.5
04-10-2023,Agra,6,Satisfactory,100,"PM10, PM2.5"
05-10-2023,Agra,6,Moderate,111,PM2.5
06-10-2023,Agra,6,Moderate,139,PM2.5
07-10-2023,Agra,6,Satisfactory,100,"PM10, PM2.5"
08-10-2023,Agra,6,Moderate,105,"PM10, PM2.5"
09-10-2023,Agra,6,Satisfactory,77,PM10
10-10-2023,Agra,6,Satisfactory,73,PM10
11-10-2023,Agra,6,Satisfactory,77,"PM10, PM2.5"
12-10-2023,Agra,5,Satisfactory,95,PM2.5
13-10-2023,Agra,6,Moderate,111,PM2.5
14-10-2023,Agra,5,Moderate,117,PM2.5
15-10-2023,Agra,6,Moderate,104,"PM10, PM2.5"
16-10-2023,Agra,6,Satisfactory,95,PM10
17-10-2023,Agra,6,Satisfactory,62,PM10
18-10-2023,Agra,6,Satisfactory,80,PM10
19-10-2023,Agra,6,Moderate,103,PM2.5
20-10-2023,Agra,6,Moderate,127,PM2.5
21-10-2023,Agra,6,Moderate,134,PM2.5
22-10-2023,Agra,4,Moderate,138,PM2.5
23-10-2023,Agra,4,Moderate,153,PM2.5
24-10-2023,Agra,6,Moderate,112,PM2.5
25-10-2023,Agra,6,Satisfactory,100,PM2.5
26-10-2023,Agra,6,Moderate,103,PM2.5
27-10-2023,Agra,6,Moderate,116,PM2.5
28-10-2023,Agra,6,Moderate,111,PM2.5
29-10-2023,Agra,6,Moderate,140,PM2.5
30-10-2023,Agra,6,Moderate,104,O3
31-10-2023,Agra,6,Moderate,123,O3
01-11-2023,Agra,6,Moderate,140,"O3, PM10"
02-11-2023,Agra,6,Moderate,126,"O3, PM10"
03-11-2023,Agra,6,Moderate,152,"O3, PM10"
04-11-2023,Agra,6,Moderate,200,PM2.5
05-11-2023,Agra,5,Moderate,198,PM2.5
06-11-2023,Agra,5,Moderate,165,"PM10, PM2.5"
07-11-2023,Agra,5,Moderate,128,"PM10, PM2.5"
08-11-2023,Agra,6,Moderate,112,"PM10, PM2.5"
09-11-2023,Agra,5,Moderate,147,"PM10, PM2.5"
10-11-2023,Agra,6,Moderate,124,"PM10, PM2.5"
11-11-2023,Agra,6,Satisfactory,63,"CO, O3"
12-11-2023,Agra,5,Satisfactory,73,"PM10, PM2.5"
13-11-2023,Agra,6,Moderate,158,PM2.5
14-11-2023,Agra,6,Moderate,160,"PM10, PM2.5"
15-11-2023,Agra,6,Moderate,159,"PM10, PM2.5"
16-11-2023,Agra,6,Moderate,176,PM2.5
17-11-2023,Agra,6,Moderate,134,PM2.5
18-11-2023,Agra,6,Moderate,125,"PM10, PM2.5"
19-11-2023,Agra,6,Moderate,124,"PM10, PM2.5"
20-11-2023,Agra,6,Satisfactory,98,PM10
21-11-2023,Agra,6,Moderate,182,PM2.5
22-11-2023,Agra,6,Moderate,153,PM2.5
23-11-2023,Agra,6,Poor,226,PM2.5
24-11-2023,Agra,5,Moderate,178,"PM10, PM2.5"
25-11-2023,Agra,5,Moderate,163,PM2.5
26-11-2023,Agra,6,Moderate,170,"PM10, PM2.5"
27-11-2023,Agra,6,Moderate,120,"O3, PM10, PM2.5"
28-11-2023,Agra,6,Satisfactory,80,"PM10, PM2.5"
29-11-2023,Agra,6,Moderate,138,"PM10, PM2.5"
30-11-2023,Agra,5,Moderate,107,"PM10, PM2.5"
01-12-2023,Agra,6,Satisfactory,53,PM10
02-12-2023,Agra,6,Satisfactory,86,"PM10, PM2.5"
03-12-2023,Agra,6,Moderate,111,"PM10, PM2.5"
04-12-2023,Agra,6,Satisfactory,67,PM10
05-12-2023,Agra,5,Satisfactory,70,PM10
06-12-2023,Agra,6,Satisfactory,96,"PM10, PM2.5"
07-12-2023,Agra,6,Satisfactory,87,PM10
08-12-2023,Agra,6,Moderate,114,"PM10, PM2.5"
09-12-2023,Agra,6,Satisfactory,98,"NO2, PM10"
10-12-2023,Agra,5,Satisfactory,94,"NO2, PM10"
11-12-2023,Agra,5,Satisfactory,93,PM10
12-12-2023,Agra,6,Moderate,145,"PM10, PM2.5"
13-12-2023,Agra,6,Moderate,109,"NO2, PM10, PM2.5"
14-12-2023,Agra,5,Satisfactory,95,"NO2, PM10"
15-12-2023,Agra,6,Moderate,123,PM2.5
16-12-2023,Agra,6,Moderate,137,"PM10, PM2.5"
17-12-2023,Agra,6,Moderate,124,"PM10, PM2.5"
18-12-2023,Agra,6,Moderate,102,"NO2, PM10, PM2.5"
19-12-2023,Agra,6,Satisfactory,68,"NO2, PM10"
20-12-2023,Agra,6,Satisfactory,77,"NO2, PM10"
21-12-2023,Agra,6,Satisfactory,94,"NO2, PM10"
22-12-2023,Agra,6,Moderate,140,"PM10, PM2.5"
23-12-2023,Agra,5,Moderate,187,PM2.5
24-12-2023,Agra,6,Moderate,150,PM2.5
25-12-2023,Agra,6,Moderate,122,"PM10, PM2.5"
26-12-2023,Agra,6,Moderate,132,"PM10, PM2.5"
27-12-2023,Agra,6,Moderate,140,PM2.5
28-12-2023,Agra,5,Moderate,101,"PM10, PM2.5"
29-12-2023,Agra,6,Moderate,102,"PM10, PM2.5"
30-12-2023,Agra,6,Satisfactory,85,PM10
31-12-2023,Agra,6,Satisfactory,93,"PM10, PM2.5"
